Quarter,Country,Industry,Value,Variable
2012.0,Germany,"Agriculture, forestry and fishing",103.657,Gross Value Added
2012.25,Germany,"Agriculture, forestry and fishing",102.758,Gross Value Added
2012.5,Germany,"Agriculture, forestry and fishing",102.768,Gross Value Added
2012.75,Germany,"Agriculture, forestry and fishing",102.128,Gross Value Added
2013.0,Germany,"Agriculture, forestry and fishing",99.708,Gross Value Added
2013.25,Germany,"Agriculture, forestry and fishing",99.968,Gross Value Added
2013.5,Germany,"Agriculture, forestry and fishing",99.818,Gross Value Added
2013.75,Germany,"Agriculture, forestry and fishing",100.767,Gross Value Added
2014.0,Germany,"Agriculture, forestry and fishing",109.85,Gross Value Added
2014.25,Germany,"Agriculture, forestry and fishing",112.19,Gross Value Added
2014.5,Germany,"Agriculture, forestry and fishing",112.7,Gross Value Added
2014.75,Germany,"Agriculture, forestry and fishing",112.92,Gross Value Added
2015.0,Germany,"Agriculture, forestry and fishing",97.037,Gross Value Added
2015.25,Germany,"Agriculture, forestry and fishing",97.397,Gross Value Added
2015.5,Germany,"Agriculture, forestry and fishing",97.227,Gross Value Added
2015.75,Germany,"Agriculture, forestry and fishing",99.247,Gross Value Added
2016.0,Germany,"Agriculture, forestry and fishing",99.82,Gross Value Added
2016.25,Germany,"Agriculture, forestry and fishing",102.46,Gross Value Added
2016.5,Germany,"Agriculture, forestry and fishing",100.68,Gross Value Added
2016.75,Germany,"Agriculture, forestry and fishing",102.89,Gross Value Added
2017.0,Germany,"Agriculture, forestry and fishing",104.42,Gross Value Added
2017.25,Germany,"Agriculture, forestry and fishing",104.6,Gross Value Added
2017.5,Germany,"Agriculture, forestry and fishing",106.51,Gross Value Added
2017.75,Germany,"Agriculture, forestry and fishing",108.41,Gross Value Added
2018.0,Germany,"Agriculture, forestry and fishing",91.343,Gross Value Added
2018.25,Germany,"Agriculture, forestry and fishing",91.783,Gross Value Added
2018.5,Germany,"Agriculture, forestry and fishing",90.952,Gross Value Added
2018.75,Germany,"Agriculture, forestry and fishing",93.573,Gross Value Added
2019.0,Germany,"Agriculture, forestry and fishing",99.023,Gross Value Added
2019.25,Germany,"Agriculture, forestry and fishing",99.783,Gross Value Added
2019.5,Germany,"Agriculture, forestry and fishing",100.863,Gross Value Added
2019.75,Germany,"Agriculture, forestry and fishing",101.052,Gross Value Added
2020.0,Germany,"Agriculture, forestry and fishing",98.82,Gross Value Added
2020.25,Germany,"Agriculture, forestry and fishing",99.39,Gross Value Added
2020.5,Germany,"Agriculture, forestry and fishing",101.14,Gross Value Added
2020.75,Germany,"Agriculture, forestry and fishing",100.65,Gross Value Added
2021.0,Germany,"Agriculture, forestry and fishing",117.15,Gross Value Added
2021.25,Germany,"Agriculture, forestry and fishing",118.05,Gross Value Added
2021.5,Germany,"Agriculture, forestry and fishing",119.15,Gross Value Added
2021.75,Germany,"Agriculture, forestry and fishing",118.11,Gross Value Added
2022.0,Germany,"Agriculture, forestry and fishing",120.857,Gross Value Added
2022.25,Germany,"Agriculture, forestry and fishing",122.017,Gross Value Added
2022.5,Germany,"Agriculture, forestry and fishing",122.968,Gross Value Added
2022.75,Germany,"Agriculture, forestry and fishing",122.747,Gross Value Added
2023.0,Germany,"Agriculture, forestry and fishing",107.077,Gross Value Added
2023.25,Germany,"Agriculture, forestry and fishing",107.487,Gross Value Added
2023.5,Germany,"Agriculture, forestry and fishing",107.257,Gross Value Added
2023.75,Germany,"Agriculture, forestry and fishing",108.197,Gross Value Added
2024.0,Germany,"Agriculture, forestry and fishing",107.24,Gross Value Added
2024.25,Germany,"Agriculture, forestry and fishing",107.35,Gross Value Added
2024.5,Germany,"Agriculture, forestry and fishing",107.55,Gross Value Added
2024.75,Germany,"Agriculture, forestry and fishing",107.11,Gross Value Added
2025.0,Germany,"Agriculture, forestry and fishing",105.95,Gross Value Added
2025.25,Germany,"Agriculture, forestry and fishing",105.9,Gross Value Added
2012.0,Denmark,"Agriculture, forestry and fishing",96.491,Gross Value Added
2012.25,Denmark,"Agriculture, forestry and fishing",100.885,Gross Value Added
2012.5,Denmark,"Agriculture, forestry and fishing",105.955,Gross Value Added
2012.75,Denmark,"Agriculture, forestry and fishing",98.297,Gross Value Added
2013.0,Denmark,"Agriculture, forestry and fishing",100.248,Gross Value Added
2013.25,Denmark,"Agriculture, forestry and fishing",99.509,Gross Value Added
2013.5,Denmark,"Agriculture, forestry and fishing",89.087,Gross Value Added
2013.75,Denmark,"Agriculture, forestry and fishing",93.448,Gross Value Added
2014.0,Denmark,"Agriculture, forestry and fishing",107.183,Gross Value Added
2014.25,Denmark,"Agriculture, forestry and fishing",107.496,Gross Value Added
2014.5,Denmark,"Agriculture, forestry and fishing",136.73,Gross Value Added
2014.75,Denmark,"Agriculture, forestry and fishing",101.562,Gross Value Added
2015.0,Denmark,"Agriculture, forestry and fishing",109.155,Gross Value Added
2015.25,Denmark,"Agriculture, forestry and fishing",85.019,Gross Value Added
2015.5,Denmark,"Agriculture, forestry and fishing",100.968,Gross Value Added
2015.75,Denmark,"Agriculture, forestry and fishing",91.639,Gross Value Added
2016.0,Denmark,"Agriculture, forestry and fishing",81.958,Gross Value Added
2016.25,Denmark,"Agriculture, forestry and fishing",73.158,Gross Value Added
2016.5,Denmark,"Agriculture, forestry and fishing",92.066,Gross Value Added
2016.75,Denmark,"Agriculture, forestry and fishing",81.417,Gross Value Added
2017.0,Denmark,"Agriculture, forestry and fishing",77.278,Gross Value Added
2017.25,Denmark,"Agriculture, forestry and fishing",93.032,Gross Value Added
2017.5,Denmark,"Agriculture, forestry and fishing",100.222,Gross Value Added
2017.75,Denmark,"Agriculture, forestry and fishing",108.415,Gross Value Added
2018.0,Denmark,"Agriculture, forestry and fishing",107.245,Gross Value Added
2018.25,Denmark,"Agriculture, forestry and fishing",102.19,Gross Value Added
2018.5,Denmark,"Agriculture, forestry and fishing",75.187,Gross Value Added
2018.75,Denmark,"Agriculture, forestry and fishing",92.749,Gross Value Added
2019.0,Denmark,"Agriculture, forestry and fishing",93.382,Gross Value Added
2019.25,Denmark,"Agriculture, forestry and fishing",97.793,Gross Value Added
2019.5,Denmark,"Agriculture, forestry and fishing",103.076,Gross Value Added
2019.75,Denmark,"Agriculture, forestry and fishing",95.978,Gross Value Added
2020.0,Denmark,"Agriculture, forestry and fishing",107.197,Gross Value Added
2020.25,Denmark,"Agriculture, forestry and fishing",98.269,Gross Value Added
2020.5,Denmark,"Agriculture, forestry and fishing",104.376,Gross Value Added
2020.75,Denmark,"Agriculture, forestry and fishing",90.158,Gross Value Added
2021.0,Denmark,"Agriculture, forestry and fishing",122.048,Gross Value Added
2021.25,Denmark,"Agriculture, forestry and fishing",104.572,Gross Value Added
2021.5,Denmark,"Agriculture, forestry and fishing",99.406,Gross Value Added
2021.75,Denmark,"Agriculture, forestry and fishing",98.847,Gross Value Added
2022.0,Denmark,"Agriculture, forestry and fishing",89.936,Gross Value Added
2022.25,Denmark,"Agriculture, forestry and fishing",107.248,Gross Value Added
2022.5,Denmark,"Agriculture, forestry and fishing",99.207,Gross Value Added
2022.75,Denmark,"Agriculture, forestry and fishing",85.54,Gross Value Added
2023.0,Denmark,"Agriculture, forestry and fishing",75.282,Gross Value Added
2023.25,Denmark,"Agriculture, forestry and fishing",68.046,Gross Value Added
2023.5,Denmark,"Agriculture, forestry and fishing",67.328,Gross Value Added
2023.75,Denmark,"Agriculture, forestry and fishing",66.459,Gross Value Added
2024.0,Denmark,"Agriculture, forestry and fishing",71.157,Gross Value Added
2024.25,Denmark,"Agriculture, forestry and fishing",68.238,Gross Value Added
2024.5,Denmark,"Agriculture, forestry and fishing",67.463,Gross Value Added
2024.75,Denmark,"Agriculture, forestry and fishing",72.642,Gross Value Added
2025.0,Denmark,"Agriculture, forestry and fishing",73.403,Gross Value Added
2025.25,Denmark,"Agriculture, forestry and fishing",70.761,Gross Value Added
2012.0,Euro Area,"Agriculture, forestry and fishing",96.772,Gross Value Added
2012.25,Euro Area,"Agriculture, forestry and fishing",95.852,Gross Value Added
2012.5,Euro Area,"Agriculture, forestry and fishing",94.072,Gross Value Added
2012.75,Euro Area,"Agriculture, forestry and fishing",93.718,Gross Value Added
2013.0,Euro Area,"Agriculture, forestry and fishing",94.393,Gross Value Added
2013.25,Euro Area,"Agriculture, forestry and fishing",95.421,Gross Value Added
2013.5,Euro Area,"Agriculture, forestry and fishing",96.548,Gross Value Added
2013.75,Euro Area,"Agriculture, forestry and fishing",99.102,Gross Value Added
2014.0,Euro Area,"Agriculture, forestry and fishing",100.506,Gross Value Added
2014.25,Euro Area,"Agriculture, forestry and fishing",101.788,Gross Value Added
2014.5,Euro Area,"Agriculture, forestry and fishing",103.304,Gross Value Added
2014.75,Euro Area,"Agriculture, forestry and fishing",102.596,Gross Value Added
2015.0,Euro Area,"Agriculture, forestry and fishing",101.043,Gross Value Added
2015.25,Euro Area,"Agriculture, forestry and fishing",101.481,Gross Value Added
2015.5,Euro Area,"Agriculture, forestry and fishing",102.272,Gross Value Added
2015.75,Euro Area,"Agriculture, forestry and fishing",102.634,Gross Value Added
2016.0,Euro Area,"Agriculture, forestry and fishing",101.396,Gross Value Added
2016.25,Euro Area,"Agriculture, forestry and fishing",100.863,Gross Value Added
2016.5,Euro Area,"Agriculture, forestry and fishing",100.158,Gross Value Added
2016.75,Euro Area,"Agriculture, forestry and fishing",99.098,Gross Value Added
2017.0,Euro Area,"Agriculture, forestry and fishing",101.024,Gross Value Added
2017.25,Euro Area,"Agriculture, forestry and fishing",101.363,Gross Value Added
2017.5,Euro Area,"Agriculture, forestry and fishing",101.954,Gross Value Added
2017.75,Euro Area,"Agriculture, forestry and fishing",103.32,Gross Value Added
2018.0,Euro Area,"Agriculture, forestry and fishing",101.453,Gross Value Added
2018.25,Euro Area,"Agriculture, forestry and fishing",101.448,Gross Value Added
2018.5,Euro Area,"Agriculture, forestry and fishing",100.857,Gross Value Added
2018.75,Euro Area,"Agriculture, forestry and fishing",102.306,Gross Value Added
2019.0,Euro Area,"Agriculture, forestry and fishing",103.37,Gross Value Added
2019.25,Euro Area,"Agriculture, forestry and fishing",102.912,Gross Value Added
2019.5,Euro Area,"Agriculture, forestry and fishing",102.432,Gross Value Added
2019.75,Euro Area,"Agriculture, forestry and fishing",102.591,Gross Value Added
2020.0,Euro Area,"Agriculture, forestry and fishing",99.529,Gross Value Added
2020.25,Euro Area,"Agriculture, forestry and fishing",99.742,Gross Value Added
2020.5,Euro Area,"Agriculture, forestry and fishing",100.337,Gross Value Added
2020.75,Euro Area,"Agriculture, forestry and fishing",100.392,Gross Value Added
2021.0,Euro Area,"Agriculture, forestry and fishing",101.834,Gross Value Added
2021.25,Euro Area,"Agriculture, forestry and fishing",103.246,Gross Value Added
2021.5,Euro Area,"Agriculture, forestry and fishing",103.251,Gross Value Added
2021.75,Euro Area,"Agriculture, forestry and fishing",102.095,Gross Value Added
2022.0,Euro Area,"Agriculture, forestry and fishing",101.476,Gross Value Added
2022.25,Euro Area,"Agriculture, forestry and fishing",101.227,Gross Value Added
2022.5,Euro Area,"Agriculture, forestry and fishing",101.73,Gross Value Added
2022.75,Euro Area,"Agriculture, forestry and fishing",101.339,Gross Value Added
2023.0,Euro Area,"Agriculture, forestry and fishing",101.685,Gross Value Added
2023.25,Euro Area,"Agriculture, forestry and fishing",102.054,Gross Value Added
2023.5,Euro Area,"Agriculture, forestry and fishing",100.512,Gross Value Added
2023.75,Euro Area,"Agriculture, forestry and fishing",100.643,Gross Value Added
2024.0,Euro Area,"Agriculture, forestry and fishing",101.43,Gross Value Added
2024.25,Euro Area,"Agriculture, forestry and fishing",99.739,Gross Value Added
2024.5,Euro Area,"Agriculture, forestry and fishing",99.168,Gross Value Added
2024.75,Euro Area,"Agriculture, forestry and fishing",99.944,Gross Value Added
2025.0,Euro Area,"Agriculture, forestry and fishing",101.8,Gross Value Added
2012.0,Spain,"Agriculture, forestry and fishing",85.495,Gross Value Added
2012.25,Spain,"Agriculture, forestry and fishing",82.493,Gross Value Added
2012.5,Spain,"Agriculture, forestry and fishing",85.076,Gross Value Added
2012.75,Spain,"Agriculture, forestry and fishing",85.546,Gross Value Added
2013.0,Spain,"Agriculture, forestry and fishing",92.364,Gross Value Added
2013.25,Spain,"Agriculture, forestry and fishing",96.715,Gross Value Added
2013.5,Spain,"Agriculture, forestry and fishing",96.435,Gross Value Added
2013.75,Spain,"Agriculture, forestry and fishing",99.933,Gross Value Added
2014.0,Spain,"Agriculture, forestry and fishing",97.02,Gross Value Added
2014.25,Spain,"Agriculture, forestry and fishing",94.616,Gross Value Added
2014.5,Spain,"Agriculture, forestry and fishing",96.766,Gross Value Added
2014.75,Spain,"Agriculture, forestry and fishing",92.555,Gross Value Added
2015.0,Spain,"Agriculture, forestry and fishing",96.842,Gross Value Added
2015.25,Spain,"Agriculture, forestry and fishing",99.119,Gross Value Added
2015.5,Spain,"Agriculture, forestry and fishing",100.442,Gross Value Added
2015.75,Spain,"Agriculture, forestry and fishing",102.973,Gross Value Added
2016.0,Spain,"Agriculture, forestry and fishing",105.543,Gross Value Added
2016.25,Spain,"Agriculture, forestry and fishing",105.072,Gross Value Added
2016.5,Spain,"Agriculture, forestry and fishing",104.322,Gross Value Added
2016.75,Spain,"Agriculture, forestry and fishing",102.414,Gross Value Added
2017.0,Spain,"Agriculture, forestry and fishing",99.246,Gross Value Added
2017.25,Spain,"Agriculture, forestry and fishing",99.641,Gross Value Added
2017.5,Spain,"Agriculture, forestry and fishing",100.607,Gross Value Added
2017.75,Spain,"Agriculture, forestry and fishing",103.304,Gross Value Added
2018.0,Spain,"Agriculture, forestry and fishing",103.279,Gross Value Added
2018.25,Spain,"Agriculture, forestry and fishing",105.759,Gross Value Added
2018.5,Spain,"Agriculture, forestry and fishing",102.49,Gross Value Added
2018.75,Spain,"Agriculture, forestry and fishing",108.163,Gross Value Added
2019.0,Spain,"Agriculture, forestry and fishing",104.042,Gross Value Added
2019.25,Spain,"Agriculture, forestry and fishing",101.04,Gross Value Added
2019.5,Spain,"Agriculture, forestry and fishing",101.32,Gross Value Added
2019.75,Spain,"Agriculture, forestry and fishing",101.676,Gross Value Added
2020.0,Spain,"Agriculture, forestry and fishing",95.43,Gross Value Added
2020.25,Spain,"Agriculture, forestry and fishing",101.053,Gross Value Added
2020.5,Spain,"Agriculture, forestry and fishing",99.361,Gross Value Added
2020.75,Spain,"Agriculture, forestry and fishing",104.156,Gross Value Added
2021.0,Spain,"Agriculture, forestry and fishing",105.429,Gross Value Added
2021.25,Spain,"Agriculture, forestry and fishing",109.054,Gross Value Added
2021.5,Spain,"Agriculture, forestry and fishing",108.939,Gross Value Added
2021.75,Spain,"Agriculture, forestry and fishing",104.754,Gross Value Added
2022.0,Spain,"Agriculture, forestry and fishing",92.848,Gross Value Added
2022.25,Spain,"Agriculture, forestry and fishing",85.483,Gross Value Added
2022.5,Spain,"Agriculture, forestry and fishing",79.491,Gross Value Added
2022.75,Spain,"Agriculture, forestry and fishing",83.574,Gross Value Added
2023.0,Spain,"Agriculture, forestry and fishing",89.172,Gross Value Added
2023.25,Spain,"Agriculture, forestry and fishing",90.723,Gross Value Added
2023.5,Spain,"Agriculture, forestry and fishing",89.451,Gross Value Added
2023.75,Spain,"Agriculture, forestry and fishing",94.082,Gross Value Added
2024.0,Spain,"Agriculture, forestry and fishing",99.475,Gross Value Added
2024.25,Spain,"Agriculture, forestry and fishing",97.313,Gross Value Added
2024.5,Spain,"Agriculture, forestry and fishing",98.687,Gross Value Added
2024.75,Spain,"Agriculture, forestry and fishing",97.974,Gross Value Added
2025.0,Spain,"Agriculture, forestry and fishing",106.115,Gross Value Added
2025.25,Spain,"Agriculture, forestry and fishing",96.066,Gross Value Added
2012.0,European Union,"Agriculture, forestry and fishing",94.005,Gross Value Added
2012.25,European Union,"Agriculture, forestry and fishing",92.888,Gross Value Added
2012.5,European Union,"Agriculture, forestry and fishing",91.765,Gross Value Added
2012.75,European Union,"Agriculture, forestry and fishing",91.44,Gross Value Added
2013.0,European Union,"Agriculture, forestry and fishing",93.449,Gross Value Added
2013.25,European Union,"Agriculture, forestry and fishing",95.028,Gross Value Added
2013.5,European Union,"Agriculture, forestry and fishing",95.596,Gross Value Added
2013.75,European Union,"Agriculture, forestry and fishing",97.643,Gross Value Added
2014.0,European Union,"Agriculture, forestry and fishing",99.424,Gross Value Added
2014.25,European Union,"Agriculture, forestry and fishing",100.608,Gross Value Added
2014.5,European Union,"Agriculture, forestry and fishing",102.766,Gross Value Added
2014.75,European Union,"Agriculture, forestry and fishing",102.459,Gross Value Added
2015.0,European Union,"Agriculture, forestry and fishing",100.24,Gross Value Added
2015.25,European Union,"Agriculture, forestry and fishing",99.739,Gross Value Added
2015.5,European Union,"Agriculture, forestry and fishing",100.332,Gross Value Added
2015.75,European Union,"Agriculture, forestry and fishing",100.96,Gross Value Added
2016.0,European Union,"Agriculture, forestry and fishing",100.34,Gross Value Added
2016.25,European Union,"Agriculture, forestry and fishing",100.088,Gross Value Added
2016.5,European Union,"Agriculture, forestry and fishing",99.369,Gross Value Added
2016.75,European Union,"Agriculture, forestry and fishing",98.272,Gross Value Added
2017.0,European Union,"Agriculture, forestry and fishing",100.333,Gross Value Added
2017.25,European Union,"Agriculture, forestry and fishing",101.205,Gross Value Added
2017.5,European Union,"Agriculture, forestry and fishing",101.993,Gross Value Added
2017.75,European Union,"Agriculture, forestry and fishing",102.201,Gross Value Added
2018.0,European Union,"Agriculture, forestry and fishing",100.948,Gross Value Added
2018.25,European Union,"Agriculture, forestry and fishing",101.09,Gross Value Added
2018.5,European Union,"Agriculture, forestry and fishing",100.221,Gross Value Added
2018.75,European Union,"Agriculture, forestry and fishing",101.169,Gross Value Added
2019.0,European Union,"Agriculture, forestry and fishing",102.291,Gross Value Added
2019.25,European Union,"Agriculture, forestry and fishing",102.252,Gross Value Added
2019.5,European Union,"Agriculture, forestry and fishing",102.122,Gross Value Added
2019.75,European Union,"Agriculture, forestry and fishing",101.833,Gross Value Added
2020.0,European Union,"Agriculture, forestry and fishing",100.37,Gross Value Added
2020.25,European Union,"Agriculture, forestry and fishing",99.662,Gross Value Added
2020.5,European Union,"Agriculture, forestry and fishing",99.502,Gross Value Added
2020.75,European Union,"Agriculture, forestry and fishing",100.466,Gross Value Added
2021.0,European Union,"Agriculture, forestry and fishing",102.071,Gross Value Added
2021.25,European Union,"Agriculture, forestry and fishing",102.662,Gross Value Added
2021.5,European Union,"Agriculture, forestry and fishing",102.58,Gross Value Added
2021.75,European Union,"Agriculture, forestry and fishing",101.305,Gross Value Added
2022.0,European Union,"Agriculture, forestry and fishing",100.734,Gross Value Added
2022.25,European Union,"Agriculture, forestry and fishing",99.766,Gross Value Added
2022.5,European Union,"Agriculture, forestry and fishing",99.953,Gross Value Added
2022.75,European Union,"Agriculture, forestry and fishing",99.451,Gross Value Added
2023.0,European Union,"Agriculture, forestry and fishing",101.233,Gross Value Added
2023.25,European Union,"Agriculture, forestry and fishing",101.784,Gross Value Added
2023.5,European Union,"Agriculture, forestry and fishing",102.157,Gross Value Added
2023.75,European Union,"Agriculture, forestry and fishing",101.5,Gross Value Added
2024.0,European Union,"Agriculture, forestry and fishing",101.555,Gross Value Added
2024.25,European Union,"Agriculture, forestry and fishing",100.296,Gross Value Added
2024.5,European Union,"Agriculture, forestry and fishing",98.803,Gross Value Added
2024.75,European Union,"Agriculture, forestry and fishing",100.065,Gross Value Added
2025.0,European Union,"Agriculture, forestry and fishing",101.846,Gross Value Added
2012.0,Finland,"Agriculture, forestry and fishing",82.762,Gross Value Added
2012.25,Finland,"Agriculture, forestry and fishing",86.025,Gross Value Added
2012.5,Finland,"Agriculture, forestry and fishing",82.176,Gross Value Added
2012.75,Finland,"Agriculture, forestry and fishing",81.255,Gross Value Added
2013.0,Finland,"Agriculture, forestry and fishing",81.841,Gross Value Added
2013.25,Finland,"Agriculture, forestry and fishing",83.849,Gross Value Added
2013.5,Finland,"Agriculture, forestry and fishing",83.347,Gross Value Added
2013.75,Finland,"Agriculture, forestry and fishing",84.1,Gross Value Added
2014.0,Finland,"Agriculture, forestry and fishing",88.536,Gross Value Added
2014.25,Finland,"Agriculture, forestry and fishing",87.029,Gross Value Added
2014.5,Finland,"Agriculture, forestry and fishing",89.372,Gross Value Added
2014.75,Finland,"Agriculture, forestry and fishing",87.197,Gross Value Added
2015.0,Finland,"Agriculture, forestry and fishing",91.548,Gross Value Added
2015.25,Finland,"Agriculture, forestry and fishing",88.87,Gross Value Added
2015.5,Finland,"Agriculture, forestry and fishing",90.544,Gross Value Added
2015.75,Finland,"Agriculture, forestry and fishing",91.464,Gross Value Added
2016.0,Finland,"Agriculture, forestry and fishing",93.64,Gross Value Added
2016.25,Finland,"Agriculture, forestry and fishing",92.469,Gross Value Added
2016.5,Finland,"Agriculture, forestry and fishing",88.536,Gross Value Added
2016.75,Finland,"Agriculture, forestry and fishing",87.95,Gross Value Added
2017.0,Finland,"Agriculture, forestry and fishing",90.711,Gross Value Added
2017.25,Finland,"Agriculture, forestry and fishing",89.874,Gross Value Added
2017.5,Finland,"Agriculture, forestry and fishing",91.967,Gross Value Added
2017.75,Finland,"Agriculture, forestry and fishing",93.808,Gross Value Added
2018.0,Finland,"Agriculture, forestry and fishing",90.209,Gross Value Added
2018.25,Finland,"Agriculture, forestry and fishing",90.962,Gross Value Added
2018.5,Finland,"Agriculture, forestry and fishing",88.87,Gross Value Added
2018.75,Finland,"Agriculture, forestry and fishing",91.046,Gross Value Added
2019.0,Finland,"Agriculture, forestry and fishing",97.992,Gross Value Added
2019.25,Finland,"Agriculture, forestry and fishing",96.653,Gross Value Added
2019.5,Finland,"Agriculture, forestry and fishing",104.686,Gross Value Added
2019.75,Finland,"Agriculture, forestry and fishing",103.431,Gross Value Added
2020.0,Finland,"Agriculture, forestry and fishing",95.565,Gross Value Added
2020.25,Finland,"Agriculture, forestry and fishing",100.251,Gross Value Added
2020.5,Finland,"Agriculture, forestry and fishing",101.841,Gross Value Added
2020.75,Finland,"Agriculture, forestry and fishing",102.343,Gross Value Added
2021.0,Finland,"Agriculture, forestry and fishing",100.669,Gross Value Added
2021.25,Finland,"Agriculture, forestry and fishing",97.908,Gross Value Added
2021.5,Finland,"Agriculture, forestry and fishing",99.582,Gross Value Added
2021.75,Finland,"Agriculture, forestry and fishing",96.82,Gross Value Added
2022.0,Finland,"Agriculture, forestry and fishing",101.841,Gross Value Added
2022.25,Finland,"Agriculture, forestry and fishing",101.925,Gross Value Added
2022.5,Finland,"Agriculture, forestry and fishing",104.435,Gross Value Added
2022.75,Finland,"Agriculture, forestry and fishing",102.845,Gross Value Added
2023.0,Finland,"Agriculture, forestry and fishing",93.724,Gross Value Added
2023.25,Finland,"Agriculture, forestry and fishing",98.996,Gross Value Added
2023.5,Finland,"Agriculture, forestry and fishing",97.071,Gross Value Added
2023.75,Finland,"Agriculture, forestry and fishing",91.297,Gross Value Added
2024.0,Finland,"Agriculture, forestry and fishing",91.213,Gross Value Added
2024.25,Finland,"Agriculture, forestry and fishing",96.234,Gross Value Added
2024.5,Finland,"Agriculture, forestry and fishing",93.138,Gross Value Added
2024.75,Finland,"Agriculture, forestry and fishing",93.138,Gross Value Added
2025.0,Finland,"Agriculture, forestry and fishing",97.49,Gross Value Added
2012.0,France,"Agriculture, forestry and fishing",104.261,Gross Value Added
2012.25,France,"Agriculture, forestry and fishing",101.248,Gross Value Added
2012.5,France,"Agriculture, forestry and fishing",98.329,Gross Value Added
2012.75,France,"Agriculture, forestry and fishing",96.879,Gross Value Added
2013.0,France,"Agriculture, forestry and fishing",96.038,Gross Value Added
2013.25,France,"Agriculture, forestry and fishing",96.441,Gross Value Added
2013.5,France,"Agriculture, forestry and fishing",98.778,Gross Value Added
2013.75,France,"Agriculture, forestry and fishing",102.589,Gross Value Added
2014.0,France,"Agriculture, forestry and fishing",107.895,Gross Value Added
2014.25,France,"Agriculture, forestry and fishing",112.494,Gross Value Added
2014.5,France,"Agriculture, forestry and fishing",115.402,Gross Value Added
2014.75,France,"Agriculture, forestry and fishing",116.734,Gross Value Added
2015.0,France,"Agriculture, forestry and fishing",116.986,Gross Value Added
2015.25,France,"Agriculture, forestry and fishing",115.578,Gross Value Added
2015.5,France,"Agriculture, forestry and fishing",112.234,Gross Value Added
2015.75,France,"Agriculture, forestry and fishing",107.088,Gross Value Added
2016.0,France,"Agriculture, forestry and fishing",101.432,Gross Value Added
2016.25,France,"Agriculture, forestry and fishing",97.504,Gross Value Added
2016.5,France,"Agriculture, forestry and fishing",96.517,Gross Value Added
2016.75,France,"Agriculture, forestry and fishing",98.002,Gross Value Added
2017.0,France,"Agriculture, forestry and fishing",101.759,Gross Value Added
2017.25,France,"Agriculture, forestry and fishing",105.457,Gross Value Added
2017.5,France,"Agriculture, forestry and fishing",108.115,Gross Value Added
2017.75,France,"Agriculture, forestry and fishing",109.714,Gross Value Added
2018.0,France,"Agriculture, forestry and fishing",110.392,Gross Value Added
2018.25,France,"Agriculture, forestry and fishing",110.489,Gross Value Added
2018.5,France,"Agriculture, forestry and fishing",110.124,Gross Value Added
2018.75,France,"Agriculture, forestry and fishing",109.874,Gross Value Added
2019.0,France,"Agriculture, forestry and fishing",109.302,Gross Value Added
2019.25,France,"Agriculture, forestry and fishing",108.71,Gross Value Added
2019.5,France,"Agriculture, forestry and fishing",107.082,Gross Value Added
2019.75,France,"Agriculture, forestry and fishing",105.489,Gross Value Added
2020.0,France,"Agriculture, forestry and fishing",103.201,Gross Value Added
2020.25,France,"Agriculture, forestry and fishing",101.043,Gross Value Added
2020.5,France,"Agriculture, forestry and fishing",99.073,Gross Value Added
2020.75,France,"Agriculture, forestry and fishing",96.682,Gross Value Added
2021.0,France,"Agriculture, forestry and fishing",95.131,Gross Value Added
2021.25,France,"Agriculture, forestry and fishing",94.176,Gross Value Added
2021.5,France,"Agriculture, forestry and fishing",94.962,Gross Value Added
2021.75,France,"Agriculture, forestry and fishing",96.427,Gross Value Added
2022.0,France,"Agriculture, forestry and fishing",98.475,Gross Value Added
2022.25,France,"Agriculture, forestry and fishing",100.52,Gross Value Added
2022.5,France,"Agriculture, forestry and fishing",102.998,Gross Value Added
2022.75,France,"Agriculture, forestry and fishing",105.092,Gross Value Added
2023.0,France,"Agriculture, forestry and fishing",106.033,Gross Value Added
2023.25,France,"Agriculture, forestry and fishing",105.665,Gross Value Added
2023.5,France,"Agriculture, forestry and fishing",103.019,Gross Value Added
2023.75,France,"Agriculture, forestry and fishing",98.254,Gross Value Added
2024.0,France,"Agriculture, forestry and fishing",91.603,Gross Value Added
2024.25,France,"Agriculture, forestry and fishing",87.251,Gross Value Added
2024.5,France,"Agriculture, forestry and fishing",85.795,Gross Value Added
2024.75,France,"Agriculture, forestry and fishing",87.119,Gross Value Added
2025.0,France,"Agriculture, forestry and fishing",90.235,Gross Value Added
2025.25,France,"Agriculture, forestry and fishing",93.479,Gross Value Added
2012.0,Ireland,"Agriculture, forestry and fishing",65.037,Gross Value Added
2012.25,Ireland,"Agriculture, forestry and fishing",57.655,Gross Value Added
2012.5,Ireland,"Agriculture, forestry and fishing",43.204,Gross Value Added
2012.75,Ireland,"Agriculture, forestry and fishing",38.113,Gross Value Added
2013.0,Ireland,"Agriculture, forestry and fishing",38.026,Gross Value Added
2013.25,Ireland,"Agriculture, forestry and fishing",40.089,Gross Value Added
2013.5,Ireland,"Agriculture, forestry and fishing",67.838,Gross Value Added
2013.75,Ireland,"Agriculture, forestry and fishing",61.834,Gross Value Added
2014.0,Ireland,"Agriculture, forestry and fishing",54.291,Gross Value Added
2014.25,Ireland,"Agriculture, forestry and fishing",65.712,Gross Value Added
2014.5,Ireland,"Agriculture, forestry and fishing",70.936,Gross Value Added
2014.75,Ireland,"Agriculture, forestry and fishing",73.741,Gross Value Added
2015.0,Ireland,"Agriculture, forestry and fishing",63.61,Gross Value Added
2015.25,Ireland,"Agriculture, forestry and fishing",63.156,Gross Value Added
2015.5,Ireland,"Agriculture, forestry and fishing",73.839,Gross Value Added
2015.75,Ireland,"Agriculture, forestry and fishing",80.569,Gross Value Added
2016.0,Ireland,"Agriculture, forestry and fishing",77.437,Gross Value Added
2016.25,Ireland,"Agriculture, forestry and fishing",78.743,Gross Value Added
2016.5,Ireland,"Agriculture, forestry and fishing",76.572,Gross Value Added
2016.75,Ireland,"Agriculture, forestry and fishing",77.308,Gross Value Added
2017.0,Ireland,"Agriculture, forestry and fishing",84.067,Gross Value Added
2017.25,Ireland,"Agriculture, forestry and fishing",87.881,Gross Value Added
2017.5,Ireland,"Agriculture, forestry and fishing",86.862,Gross Value Added
2017.75,Ireland,"Agriculture, forestry and fishing",80.856,Gross Value Added
2018.0,Ireland,"Agriculture, forestry and fishing",82.583,Gross Value Added
2018.25,Ireland,"Agriculture, forestry and fishing",78.686,Gross Value Added
2018.5,Ireland,"Agriculture, forestry and fishing",76.716,Gross Value Added
2018.75,Ireland,"Agriculture, forestry and fishing",85.482,Gross Value Added
2019.0,Ireland,"Agriculture, forestry and fishing",95.804,Gross Value Added
2019.25,Ireland,"Agriculture, forestry and fishing",102.913,Gross Value Added
2019.5,Ireland,"Agriculture, forestry and fishing",89.185,Gross Value Added
2019.75,Ireland,"Agriculture, forestry and fishing",110.281,Gross Value Added
2020.0,Ireland,"Agriculture, forestry and fishing",95.851,Gross Value Added
2020.25,Ireland,"Agriculture, forestry and fishing",99.772,Gross Value Added
2020.5,Ireland,"Agriculture, forestry and fishing",101.19,Gross Value Added
2020.75,Ireland,"Agriculture, forestry and fishing",103.187,Gross Value Added
2021.0,Ireland,"Agriculture, forestry and fishing",98.419,Gross Value Added
2021.25,Ireland,"Agriculture, forestry and fishing",94.954,Gross Value Added
2021.5,Ireland,"Agriculture, forestry and fishing",111.59,Gross Value Added
2021.75,Ireland,"Agriculture, forestry and fishing",109.913,Gross Value Added
2022.0,Ireland,"Agriculture, forestry and fishing",110.098,Gross Value Added
2022.25,Ireland,"Agriculture, forestry and fishing",109.571,Gross Value Added
2022.5,Ireland,"Agriculture, forestry and fishing",120.222,Gross Value Added
2022.75,Ireland,"Agriculture, forestry and fishing",118.196,Gross Value Added
2023.0,Ireland,"Agriculture, forestry and fishing",124.652,Gross Value Added
2023.25,Ireland,"Agriculture, forestry and fishing",134.66,Gross Value Added
2023.5,Ireland,"Agriculture, forestry and fishing",122.055,Gross Value Added
2023.75,Ireland,"Agriculture, forestry and fishing",120.821,Gross Value Added
2024.0,Ireland,"Agriculture, forestry and fishing",127.014,Gross Value Added
2024.25,Ireland,"Agriculture, forestry and fishing",124.713,Gross Value Added
2024.5,Ireland,"Agriculture, forestry and fishing",128.387,Gross Value Added
2024.75,Ireland,"Agriculture, forestry and fishing",127.246,Gross Value Added
2025.0,Ireland,"Agriculture, forestry and fishing",120.771,Gross Value Added
2012.0,Italy,"Agriculture, forestry and fishing",105.216,Gross Value Added
2012.25,Italy,"Agriculture, forestry and fishing",106.379,Gross Value Added
2012.5,Italy,"Agriculture, forestry and fishing",101.856,Gross Value Added
2012.75,Italy,"Agriculture, forestry and fishing",103.248,Gross Value Added
2013.0,Italy,"Agriculture, forestry and fishing",106.027,Gross Value Added
2013.25,Italy,"Agriculture, forestry and fishing",104.964,Gross Value Added
2013.5,Italy,"Agriculture, forestry and fishing",104.425,Gross Value Added
2013.75,Italy,"Agriculture, forestry and fishing",106.563,Gross Value Added
2014.0,Italy,"Agriculture, forestry and fishing",104.544,Gross Value Added
2014.25,Italy,"Agriculture, forestry and fishing",104.151,Gross Value Added
2014.5,Italy,"Agriculture, forestry and fishing",104.554,Gross Value Added
2014.75,Italy,"Agriculture, forestry and fishing",99.73,Gross Value Added
2015.0,Italy,"Agriculture, forestry and fishing",105.275,Gross Value Added
2015.25,Italy,"Agriculture, forestry and fishing",106.569,Gross Value Added
2015.5,Italy,"Agriculture, forestry and fishing",108.805,Gross Value Added
2015.75,Italy,"Agriculture, forestry and fishing",111.864,Gross Value Added
2016.0,Italy,"Agriculture, forestry and fishing",108.261,Gross Value Added
2016.25,Italy,"Agriculture, forestry and fishing",109.385,Gross Value Added
2016.5,Italy,"Agriculture, forestry and fishing",108.936,Gross Value Added
2016.75,Italy,"Agriculture, forestry and fishing",104.512,Gross Value Added
2017.0,Italy,"Agriculture, forestry and fishing",105.621,Gross Value Added
2017.25,Italy,"Agriculture, forestry and fishing",104.337,Gross Value Added
2017.5,Italy,"Agriculture, forestry and fishing",101.497,Gross Value Added
2017.75,Italy,"Agriculture, forestry and fishing",102.402,Gross Value Added
2018.0,Italy,"Agriculture, forestry and fishing",105.36,Gross Value Added
2018.25,Italy,"Agriculture, forestry and fishing",105.47,Gross Value Added
2018.5,Italy,"Agriculture, forestry and fishing",108.495,Gross Value Added
2018.75,Italy,"Agriculture, forestry and fishing",106.636,Gross Value Added
2019.0,Italy,"Agriculture, forestry and fishing",106.581,Gross Value Added
2019.25,Italy,"Agriculture, forestry and fishing",104.912,Gross Value Added
2019.5,Italy,"Agriculture, forestry and fishing",102.758,Gross Value Added
2019.75,Italy,"Agriculture, forestry and fishing",103.158,Gross Value Added
2020.0,Italy,"Agriculture, forestry and fishing",99.543,Gross Value Added
2020.25,Italy,"Agriculture, forestry and fishing",98.064,Gross Value Added
2020.5,Italy,"Agriculture, forestry and fishing",101.411,Gross Value Added
2020.75,Italy,"Agriculture, forestry and fishing",100.982,Gross Value Added
2021.0,Italy,"Agriculture, forestry and fishing",99.632,Gross Value Added
2021.25,Italy,"Agriculture, forestry and fishing",100.308,Gross Value Added
2021.5,Italy,"Agriculture, forestry and fishing",99.446,Gross Value Added
2021.75,Italy,"Agriculture, forestry and fishing",99.515,Gross Value Added
2022.0,Italy,"Agriculture, forestry and fishing",101.987,Gross Value Added
2022.25,Italy,"Agriculture, forestry and fishing",101.258,Gross Value Added
2022.5,Italy,"Agriculture, forestry and fishing",103.046,Gross Value Added
2022.75,Italy,"Agriculture, forestry and fishing",103.214,Gross Value Added
2023.0,Italy,"Agriculture, forestry and fishing",98.272,Gross Value Added
2023.25,Italy,"Agriculture, forestry and fishing",98.247,Gross Value Added
2023.5,Italy,"Agriculture, forestry and fishing",95.285,Gross Value Added
2023.75,Italy,"Agriculture, forestry and fishing",96.165,Gross Value Added
2024.0,Italy,"Agriculture, forestry and fishing",99.446,Gross Value Added
2024.25,Italy,"Agriculture, forestry and fishing",99.318,Gross Value Added
2024.5,Italy,"Agriculture, forestry and fishing",98.757,Gross Value Added
2024.75,Italy,"Agriculture, forestry and fishing",98.028,Gross Value Added
2025.0,Italy,"Agriculture, forestry and fishing",99.407,Gross Value Added
2012.0,Netherlands,"Agriculture, forestry and fishing",84.424,Gross Value Added
2012.25,Netherlands,"Agriculture, forestry and fishing",83.767,Gross Value Added
2012.5,Netherlands,"Agriculture, forestry and fishing",83.978,Gross Value Added
2012.75,Netherlands,"Agriculture, forestry and fishing",84.772,Gross Value Added
2013.0,Netherlands,"Agriculture, forestry and fishing",83.563,Gross Value Added
2013.25,Netherlands,"Agriculture, forestry and fishing",82.51,Gross Value Added
2013.5,Netherlands,"Agriculture, forestry and fishing",86.789,Gross Value Added
2013.75,Netherlands,"Agriculture, forestry and fishing",89.361,Gross Value Added
2014.0,Netherlands,"Agriculture, forestry and fishing",86.886,Gross Value Added
2014.25,Netherlands,"Agriculture, forestry and fishing",88.61,Gross Value Added
2014.5,Netherlands,"Agriculture, forestry and fishing",89.433,Gross Value Added
2014.75,Netherlands,"Agriculture, forestry and fishing",96.46,Gross Value Added
2015.0,Netherlands,"Agriculture, forestry and fishing",90.604,Gross Value Added
2015.25,Netherlands,"Agriculture, forestry and fishing",90.492,Gross Value Added
2015.5,Netherlands,"Agriculture, forestry and fishing",94.893,Gross Value Added
2015.75,Netherlands,"Agriculture, forestry and fishing",98.181,Gross Value Added
2016.0,Netherlands,"Agriculture, forestry and fishing",99.94,Gross Value Added
2016.25,Netherlands,"Agriculture, forestry and fishing",97.83,Gross Value Added
2016.5,Netherlands,"Agriculture, forestry and fishing",95.754,Gross Value Added
2016.75,Netherlands,"Agriculture, forestry and fishing",90.391,Gross Value Added
2017.0,Netherlands,"Agriculture, forestry and fishing",100.658,Gross Value Added
2017.25,Netherlands,"Agriculture, forestry and fishing",96.447,Gross Value Added
2017.5,Netherlands,"Agriculture, forestry and fishing",94.796,Gross Value Added
2017.75,Netherlands,"Agriculture, forestry and fishing",97.757,Gross Value Added
2018.0,Netherlands,"Agriculture, forestry and fishing",99.992,Gross Value Added
2018.25,Netherlands,"Agriculture, forestry and fishing",97.861,Gross Value Added
2018.5,Netherlands,"Agriculture, forestry and fishing",95.865,Gross Value Added
2018.75,Netherlands,"Agriculture, forestry and fishing",93.218,Gross Value Added
2019.0,Netherlands,"Agriculture, forestry and fishing",97.41,Gross Value Added
2019.25,Netherlands,"Agriculture, forestry and fishing",98.6,Gross Value Added
2019.5,Netherlands,"Agriculture, forestry and fishing",100.123,Gross Value Added
2019.75,Netherlands,"Agriculture, forestry and fishing",99.272,Gross Value Added
2020.0,Netherlands,"Agriculture, forestry and fishing",99.506,Gross Value Added
2020.25,Netherlands,"Agriculture, forestry and fishing",99.594,Gross Value Added
2020.5,Netherlands,"Agriculture, forestry and fishing",100.327,Gross Value Added
2020.75,Netherlands,"Agriculture, forestry and fishing",100.573,Gross Value Added
2021.0,Netherlands,"Agriculture, forestry and fishing",101.4,Gross Value Added
2021.25,Netherlands,"Agriculture, forestry and fishing",109.277,Gross Value Added
2021.5,Netherlands,"Agriculture, forestry and fishing",102.756,Gross Value Added
2021.75,Netherlands,"Agriculture, forestry and fishing",100.537,Gross Value Added
2022.0,Netherlands,"Agriculture, forestry and fishing",99.693,Gross Value Added
2022.25,Netherlands,"Agriculture, forestry and fishing",102.975,Gross Value Added
2022.5,Netherlands,"Agriculture, forestry and fishing",105.731,Gross Value Added
2022.75,Netherlands,"Agriculture, forestry and fishing",101.13,Gross Value Added
2023.0,Netherlands,"Agriculture, forestry and fishing",102.122,Gross Value Added
2023.25,Netherlands,"Agriculture, forestry and fishing",98.107,Gross Value Added
2023.5,Netherlands,"Agriculture, forestry and fishing",101.337,Gross Value Added
2023.75,Netherlands,"Agriculture, forestry and fishing",99.481,Gross Value Added
2024.0,Netherlands,"Agriculture, forestry and fishing",98.845,Gross Value Added
2024.25,Netherlands,"Agriculture, forestry and fishing",95.819,Gross Value Added
2024.5,Netherlands,"Agriculture, forestry and fishing",95.332,Gross Value Added
2024.75,Netherlands,"Agriculture, forestry and fishing",101.152,Gross Value Added
2025.0,Netherlands,"Agriculture, forestry and fishing",97.786,Gross Value Added
2025.25,Netherlands,"Agriculture, forestry and fishing",97.853,Gross Value Added
2012.0,Norway,"Agriculture, forestry and fishing",104.178,Gross Value Added
2012.25,Norway,"Agriculture, forestry and fishing",98.544,Gross Value Added
2012.5,Norway,"Agriculture, forestry and fishing",93.89,Gross Value Added
2012.75,Norway,"Agriculture, forestry and fishing",100.995,Gross Value Added
2013.0,Norway,"Agriculture, forestry and fishing",96.146,Gross Value Added
2013.25,Norway,"Agriculture, forestry and fishing",95.522,Gross Value Added
2013.5,Norway,"Agriculture, forestry and fishing",86.565,Gross Value Added
2013.75,Norway,"Agriculture, forestry and fishing",100.62,Gross Value Added
2014.0,Norway,"Agriculture, forestry and fishing",101.02,Gross Value Added
2014.25,Norway,"Agriculture, forestry and fishing",104.309,Gross Value Added
2014.5,Norway,"Agriculture, forestry and fishing",102.014,Gross Value Added
2014.75,Norway,"Agriculture, forestry and fishing",99.421,Gross Value Added
2015.0,Norway,"Agriculture, forestry and fishing",93.953,Gross Value Added
2015.25,Norway,"Agriculture, forestry and fishing",97.477,Gross Value Added
2015.5,Norway,"Agriculture, forestry and fishing",99.665,Gross Value Added
2015.75,Norway,"Agriculture, forestry and fishing",93.125,Gross Value Added
2016.0,Norway,"Agriculture, forestry and fishing",90.454,Gross Value Added
2016.25,Norway,"Agriculture, forestry and fishing",92.023,Gross Value Added
2016.5,Norway,"Agriculture, forestry and fishing",94.051,Gross Value Added
2016.75,Norway,"Agriculture, forestry and fishing",85.171,Gross Value Added
2017.0,Norway,"Agriculture, forestry and fishing",92.033,Gross Value Added
2017.25,Norway,"Agriculture, forestry and fishing",91.648,Gross Value Added
2017.5,Norway,"Agriculture, forestry and fishing",94.757,Gross Value Added
2017.75,Norway,"Agriculture, forestry and fishing",98.222,Gross Value Added
2018.0,Norway,"Agriculture, forestry and fishing",96.395,Gross Value Added
2018.25,Norway,"Agriculture, forestry and fishing",94.148,Gross Value Added
2018.5,Norway,"Agriculture, forestry and fishing",84.903,Gross Value Added
2018.75,Norway,"Agriculture, forestry and fishing",97.262,Gross Value Added
2019.0,Norway,"Agriculture, forestry and fishing",90.04,Gross Value Added
2019.25,Norway,"Agriculture, forestry and fishing",86.633,Gross Value Added
2019.5,Norway,"Agriculture, forestry and fishing",102.76,Gross Value Added
2019.75,Norway,"Agriculture, forestry and fishing",89.27,Gross Value Added
2020.0,Norway,"Agriculture, forestry and fishing",95.522,Gross Value Added
2020.25,Norway,"Agriculture, forestry and fishing",103.418,Gross Value Added
2020.5,Norway,"Agriculture, forestry and fishing",93.851,Gross Value Added
2020.75,Norway,"Agriculture, forestry and fishing",107.209,Gross Value Added
2021.0,Norway,"Agriculture, forestry and fishing",103.379,Gross Value Added
2021.25,Norway,"Agriculture, forestry and fishing",128.609,Gross Value Added
2021.5,Norway,"Agriculture, forestry and fishing",109.363,Gross Value Added
2021.75,Norway,"Agriculture, forestry and fishing",107.458,Gross Value Added
2022.0,Norway,"Agriculture, forestry and fishing",114.471,Gross Value Added
2022.25,Norway,"Agriculture, forestry and fishing",113.374,Gross Value Added
2022.5,Norway,"Agriculture, forestry and fishing",116.498,Gross Value Added
2022.75,Norway,"Agriculture, forestry and fishing",109.558,Gross Value Added
2023.0,Norway,"Agriculture, forestry and fishing",106.6,Gross Value Added
2023.25,Norway,"Agriculture, forestry and fishing",109.597,Gross Value Added
2023.5,Norway,"Agriculture, forestry and fishing",103.92,Gross Value Added
2023.75,Norway,"Agriculture, forestry and fishing",110.504,Gross Value Added
2024.0,Norway,"Agriculture, forestry and fishing",107.0,Gross Value Added
2024.25,Norway,"Agriculture, forestry and fishing",101.868,Gross Value Added
2024.5,Norway,"Agriculture, forestry and fishing",117.761,Gross Value Added
2024.75,Norway,"Agriculture, forestry and fishing",99.226,Gross Value Added
2025.0,Norway,"Agriculture, forestry and fishing",105.318,Gross Value Added
2012.0,Poland,"Agriculture, forestry and fishing",94.673,Gross Value Added
2012.25,Poland,"Agriculture, forestry and fishing",92.996,Gross Value Added
2012.5,Poland,"Agriculture, forestry and fishing",95.31,Gross Value Added
2012.75,Poland,"Agriculture, forestry and fishing",96.584,Gross Value Added
2013.0,Poland,"Agriculture, forestry and fishing",101.069,Gross Value Added
2013.25,Poland,"Agriculture, forestry and fishing",104.863,Gross Value Added
2013.5,Poland,"Agriculture, forestry and fishing",101.976,Gross Value Added
2013.75,Poland,"Agriculture, forestry and fishing",101.748,Gross Value Added
2014.0,Poland,"Agriculture, forestry and fishing",104.759,Gross Value Added
2014.25,Poland,"Agriculture, forestry and fishing",102.844,Gross Value Added
2014.5,Poland,"Agriculture, forestry and fishing",104.815,Gross Value Added
2014.75,Poland,"Agriculture, forestry and fishing",103.787,Gross Value Added
2015.0,Poland,"Agriculture, forestry and fishing",96.991,Gross Value Added
2015.25,Poland,"Agriculture, forestry and fishing",96.695,Gross Value Added
2015.5,Poland,"Agriculture, forestry and fishing",96.167,Gross Value Added
2015.75,Poland,"Agriculture, forestry and fishing",94.351,Gross Value Added
2016.0,Poland,"Agriculture, forestry and fishing",96.592,Gross Value Added
2016.25,Poland,"Agriculture, forestry and fishing",95.651,Gross Value Added
2016.5,Poland,"Agriculture, forestry and fishing",95.703,Gross Value Added
2016.75,Poland,"Agriculture, forestry and fishing",97.009,Gross Value Added
2017.0,Poland,"Agriculture, forestry and fishing",100.06,Gross Value Added
2017.25,Poland,"Agriculture, forestry and fishing",98.058,Gross Value Added
2017.5,Poland,"Agriculture, forestry and fishing",94.83,Gross Value Added
2017.75,Poland,"Agriculture, forestry and fishing",94.891,Gross Value Added
2018.0,Poland,"Agriculture, forestry and fishing",88.649,Gross Value Added
2018.25,Poland,"Agriculture, forestry and fishing",90.072,Gross Value Added
2018.5,Poland,"Agriculture, forestry and fishing",89.108,Gross Value Added
2018.75,Poland,"Agriculture, forestry and fishing",89.251,Gross Value Added
2019.0,Poland,"Agriculture, forestry and fishing",86.952,Gross Value Added
2019.25,Poland,"Agriculture, forestry and fishing",86.993,Gross Value Added
2019.5,Poland,"Agriculture, forestry and fishing",89.507,Gross Value Added
2019.75,Poland,"Agriculture, forestry and fishing",87.909,Gross Value Added
2020.0,Poland,"Agriculture, forestry and fishing",98.097,Gross Value Added
2020.25,Poland,"Agriculture, forestry and fishing",99.906,Gross Value Added
2020.5,Poland,"Agriculture, forestry and fishing",99.278,Gross Value Added
2020.75,Poland,"Agriculture, forestry and fishing",102.719,Gross Value Added
2021.0,Poland,"Agriculture, forestry and fishing",92.221,Gross Value Added
2021.25,Poland,"Agriculture, forestry and fishing",90.561,Gross Value Added
2021.5,Poland,"Agriculture, forestry and fishing",88.886,Gross Value Added
2021.75,Poland,"Agriculture, forestry and fishing",86.814,Gross Value Added
2022.0,Poland,"Agriculture, forestry and fishing",92.014,Gross Value Added
2022.25,Poland,"Agriculture, forestry and fishing",87.642,Gross Value Added
2022.5,Poland,"Agriculture, forestry and fishing",89.661,Gross Value Added
2022.75,Poland,"Agriculture, forestry and fishing",88.991,Gross Value Added
2023.0,Poland,"Agriculture, forestry and fishing",96.307,Gross Value Added
2023.25,Poland,"Agriculture, forestry and fishing",100.814,Gross Value Added
2023.5,Poland,"Agriculture, forestry and fishing",103.265,Gross Value Added
2023.75,Poland,"Agriculture, forestry and fishing",105.771,Gross Value Added
2024.0,Poland,"Agriculture, forestry and fishing",99.472,Gross Value Added
2024.25,Poland,"Agriculture, forestry and fishing",102.154,Gross Value Added
2024.5,Poland,"Agriculture, forestry and fishing",102.754,Gross Value Added
2024.75,Poland,"Agriculture, forestry and fishing",103.312,Gross Value Added
2025.0,Poland,"Agriculture, forestry and fishing",104.327,Gross Value Added
2012.0,Romania,"Agriculture, forestry and fishing",74.943,Gross Value Added
2012.25,Romania,"Agriculture, forestry and fishing",70.629,Gross Value Added
2012.5,Romania,"Agriculture, forestry and fishing",70.664,Gross Value Added
2012.75,Romania,"Agriculture, forestry and fishing",69.526,Gross Value Added
2013.0,Romania,"Agriculture, forestry and fishing",88.976,Gross Value Added
2013.25,Romania,"Agriculture, forestry and fishing",98.427,Gross Value Added
2013.5,Romania,"Agriculture, forestry and fishing",97.255,Gross Value Added
2013.75,Romania,"Agriculture, forestry and fishing",96.093,Gross Value Added
2014.0,Romania,"Agriculture, forestry and fishing",94.561,Gross Value Added
2014.25,Romania,"Agriculture, forestry and fishing",93.079,Gross Value Added
2014.5,Romania,"Agriculture, forestry and fishing",104.916,Gross Value Added
2014.75,Romania,"Agriculture, forestry and fishing",119.764,Gross Value Added
2015.0,Romania,"Agriculture, forestry and fishing",102.647,Gross Value Added
2015.25,Romania,"Agriculture, forestry and fishing",86.491,Gross Value Added
2015.5,Romania,"Agriculture, forestry and fishing",81.78,Gross Value Added
2015.75,Romania,"Agriculture, forestry and fishing",99.962,Gross Value Added
2016.0,Romania,"Agriculture, forestry and fishing",98.022,Gross Value Added
2016.25,Romania,"Agriculture, forestry and fishing",106.51,Gross Value Added
2016.5,Romania,"Agriculture, forestry and fishing",90.791,Gross Value Added
2016.75,Romania,"Agriculture, forestry and fishing",83.752,Gross Value Added
2017.0,Romania,"Agriculture, forestry and fishing",102.23,Gross Value Added
2017.25,Romania,"Agriculture, forestry and fishing",109.194,Gross Value Added
2017.5,Romania,"Agriculture, forestry and fishing",118.803,Gross Value Added
2017.75,Romania,"Agriculture, forestry and fishing",96.47,Gross Value Added
2018.0,Romania,"Agriculture, forestry and fishing",116.473,Gross Value Added
2018.25,Romania,"Agriculture, forestry and fishing",121.572,Gross Value Added
2018.5,Romania,"Agriculture, forestry and fishing",125.407,Gross Value Added
2018.75,Romania,"Agriculture, forestry and fishing",110.869,Gross Value Added
2019.0,Romania,"Agriculture, forestry and fishing",113.343,Gross Value Added
2019.25,Romania,"Agriculture, forestry and fishing",125.094,Gross Value Added
2019.5,Romania,"Agriculture, forestry and fishing",123.948,Gross Value Added
2019.75,Romania,"Agriculture, forestry and fishing",109.805,Gross Value Added
2020.0,Romania,"Agriculture, forestry and fishing",114.132,Gross Value Added
2020.25,Romania,"Agriculture, forestry and fishing",96.961,Gross Value Added
2020.5,Romania,"Agriculture, forestry and fishing",80.314,Gross Value Added
2020.75,Romania,"Agriculture, forestry and fishing",108.593,Gross Value Added
2021.0,Romania,"Agriculture, forestry and fishing",117.393,Gross Value Added
2021.25,Romania,"Agriculture, forestry and fishing",113.793,Gross Value Added
2021.5,Romania,"Agriculture, forestry and fishing",117.472,Gross Value Added
2021.75,Romania,"Agriculture, forestry and fishing",114.0,Gross Value Added
2022.0,Romania,"Agriculture, forestry and fishing",105.154,Gross Value Added
2022.25,Romania,"Agriculture, forestry and fishing",101.863,Gross Value Added
2022.5,Romania,"Agriculture, forestry and fishing",95.84,Gross Value Added
2022.75,Romania,"Agriculture, forestry and fishing",94.649,Gross Value Added
2023.0,Romania,"Agriculture, forestry and fishing",98.991,Gross Value Added
2023.25,Romania,"Agriculture, forestry and fishing",101.106,Gross Value Added
2023.5,Romania,"Agriculture, forestry and fishing",131.406,Gross Value Added
2023.75,Romania,"Agriculture, forestry and fishing",104.337,Gross Value Added
2024.0,Romania,"Agriculture, forestry and fishing",108.553,Gross Value Added
2024.25,Romania,"Agriculture, forestry and fishing",111.799,Gross Value Added
2024.5,Romania,"Agriculture, forestry and fishing",90.628,Gross Value Added
2024.75,Romania,"Agriculture, forestry and fishing",99.219,Gross Value Added
2025.0,Romania,"Agriculture, forestry and fishing",103.779,Gross Value Added
2012.0,Germany,Industry (except construction),96.346,Gross Value Added
2012.25,Germany,Industry (except construction),96.628,Gross Value Added
2012.5,Germany,Industry (except construction),96.849,Gross Value Added
2012.75,Germany,Industry (except construction),95.1,Gross Value Added
2013.0,Germany,Industry (except construction),94.223,Gross Value Added
2013.25,Germany,Industry (except construction),95.078,Gross Value Added
2013.5,Germany,Industry (except construction),95.47,Gross Value Added
2013.75,Germany,Industry (except construction),96.867,Gross Value Added
2014.0,Germany,Industry (except construction),99.678,Gross Value Added
2014.25,Germany,Industry (except construction),99.065,Gross Value Added
2014.5,Germany,Industry (except construction),99.698,Gross Value Added
2014.75,Germany,Industry (except construction),100.995,Gross Value Added
2015.0,Germany,Industry (except construction),99.575,Gross Value Added
2015.25,Germany,Industry (except construction),100.792,Gross Value Added
2015.5,Germany,Industry (except construction),101.093,Gross Value Added
2015.75,Germany,Industry (except construction),100.701,Gross Value Added
2016.0,Germany,Industry (except construction),104.199,Gross Value Added
2016.25,Germany,Industry (except construction),103.978,Gross Value Added
2016.5,Germany,Industry (except construction),104.53,Gross Value Added
2016.75,Germany,Industry (except construction),104.631,Gross Value Added
2017.0,Germany,Industry (except construction),105.83,Gross Value Added
2017.25,Germany,Industry (except construction),107.649,Gross Value Added
2017.5,Germany,Industry (except construction),110.031,Gross Value Added
2017.75,Germany,Industry (except construction),111.267,Gross Value Added
2018.0,Germany,Industry (except construction),110.247,Gross Value Added
2018.25,Germany,Industry (except construction),110.549,Gross Value Added
2018.5,Germany,Industry (except construction),109.594,Gross Value Added
2018.75,Germany,Industry (except construction),109.061,Gross Value Added
2019.0,Germany,Industry (except construction),110.177,Gross Value Added
2019.25,Germany,Industry (except construction),109.393,Gross Value Added
2019.5,Germany,Industry (except construction),108.589,Gross Value Added
2019.75,Germany,Industry (except construction),107.774,Gross Value Added
2020.0,Germany,Industry (except construction),104.832,Gross Value Added
2020.25,Germany,Industry (except construction),88.047,Gross Value Added
2020.5,Germany,Industry (except construction),101.063,Gross Value Added
2020.75,Germany,Industry (except construction),106.058,Gross Value Added
2021.0,Germany,Industry (except construction),105.694,Gross Value Added
2021.25,Germany,Industry (except construction),106.558,Gross Value Added
2021.5,Germany,Industry (except construction),104.96,Gross Value Added
2021.75,Germany,Industry (except construction),108.026,Gross Value Added
2022.0,Germany,Industry (except construction),105.576,Gross Value Added
2022.25,Germany,Industry (except construction),105.807,Gross Value Added
2022.5,Germany,Industry (except construction),106.792,Gross Value Added
2022.75,Germany,Industry (except construction),107.053,Gross Value Added
2023.0,Germany,Industry (except construction),105.646,Gross Value Added
2023.25,Germany,Industry (except construction),104.018,Gross Value Added
2023.5,Germany,Industry (except construction),102.952,Gross Value Added
2023.75,Germany,Industry (except construction),105.656,Gross Value Added
2024.0,Germany,Industry (except construction),102.05,Gross Value Added
2024.25,Germany,Industry (except construction),100.965,Gross Value Added
2024.5,Germany,Industry (except construction),99.759,Gross Value Added
2024.75,Germany,Industry (except construction),99.196,Gross Value Added
2025.0,Germany,Industry (except construction),100.513,Gross Value Added
2025.25,Germany,Industry (except construction),100.452,Gross Value Added
2012.0,Denmark,Industry (except construction),91.81,Gross Value Added
2012.25,Denmark,Industry (except construction),94.059,Gross Value Added
2012.5,Denmark,Industry (except construction),96.073,Gross Value Added
2012.75,Denmark,Industry (except construction),94.56,Gross Value Added
2013.0,Denmark,Industry (except construction),96.799,Gross Value Added
2013.25,Denmark,Industry (except construction),93.69,Gross Value Added
2013.5,Denmark,Industry (except construction),93.114,Gross Value Added
2013.75,Denmark,Industry (except construction),92.153,Gross Value Added
2014.0,Denmark,Industry (except construction),93.0,Gross Value Added
2014.25,Denmark,Industry (except construction),93.015,Gross Value Added
2014.5,Denmark,Industry (except construction),92.622,Gross Value Added
2014.75,Denmark,Industry (except construction),93.126,Gross Value Added
2015.0,Denmark,Industry (except construction),89.033,Gross Value Added
2015.25,Denmark,Industry (except construction),93.255,Gross Value Added
2015.5,Denmark,Industry (except construction),90.357,Gross Value Added
2015.75,Denmark,Industry (except construction),91.359,Gross Value Added
2016.0,Denmark,Industry (except construction),92.779,Gross Value Added
2016.25,Denmark,Industry (except construction),93.29,Gross Value Added
2016.5,Denmark,Industry (except construction),96.12,Gross Value Added
2016.75,Denmark,Industry (except construction),96.778,Gross Value Added
2017.0,Denmark,Industry (except construction),101.135,Gross Value Added
2017.25,Denmark,Industry (except construction),103.532,Gross Value Added
2017.5,Denmark,Industry (except construction),102.312,Gross Value Added
2017.75,Denmark,Industry (except construction),101.229,Gross Value Added
2018.0,Denmark,Industry (except construction),102.841,Gross Value Added
2018.25,Denmark,Industry (except construction),102.206,Gross Value Added
2018.5,Denmark,Industry (except construction),104.812,Gross Value Added
2018.75,Denmark,Industry (except construction),107.764,Gross Value Added
2019.0,Denmark,Industry (except construction),108.788,Gross Value Added
2019.25,Denmark,Industry (except construction),111.166,Gross Value Added
2019.5,Denmark,Industry (except construction),109.195,Gross Value Added
2019.75,Denmark,Industry (except construction),106.286,Gross Value Added
2020.0,Denmark,Industry (except construction),105.672,Gross Value Added
2020.25,Denmark,Industry (except construction),97.621,Gross Value Added
2020.5,Denmark,Industry (except construction),97.884,Gross Value Added
2020.75,Denmark,Industry (except construction),98.823,Gross Value Added
2021.0,Denmark,Industry (except construction),110.182,Gross Value Added
2021.25,Denmark,Industry (except construction),110.889,Gross Value Added
2021.5,Denmark,Industry (except construction),114.226,Gross Value Added
2021.75,Denmark,Industry (except construction),121.432,Gross Value Added
2022.0,Denmark,Industry (except construction),122.74,Gross Value Added
2022.25,Denmark,Industry (except construction),128.44,Gross Value Added
2022.5,Denmark,Industry (except construction),131.258,Gross Value Added
2022.75,Denmark,Industry (except construction),131.038,Gross Value Added
2023.0,Denmark,Industry (except construction),136.83,Gross Value Added
2023.25,Denmark,Industry (except construction),138.191,Gross Value Added
2023.5,Denmark,Industry (except construction),139.374,Gross Value Added
2023.75,Denmark,Industry (except construction),146.093,Gross Value Added
2024.0,Denmark,Industry (except construction),149.001,Gross Value Added
2024.25,Denmark,Industry (except construction),159.627,Gross Value Added
2024.5,Denmark,Industry (except construction),167.457,Gross Value Added
2024.75,Denmark,Industry (except construction),172.297,Gross Value Added
2025.0,Denmark,Industry (except construction),161.619,Gross Value Added
2025.25,Denmark,Industry (except construction),168.892,Gross Value Added
2012.0,Euro Area,Industry (except construction),94.626,Gross Value Added
2012.25,Euro Area,Industry (except construction),94.47,Gross Value Added
2012.5,Euro Area,Industry (except construction),94.515,Gross Value Added
2012.75,Euro Area,Industry (except construction),93.013,Gross Value Added
2013.0,Euro Area,Industry (except construction),92.478,Gross Value Added
2013.25,Euro Area,Industry (except construction),93.32,Gross Value Added
2013.5,Euro Area,Industry (except construction),93.551,Gross Value Added
2013.75,Euro Area,Industry (except construction),94.293,Gross Value Added
2014.0,Euro Area,Industry (except construction),95.177,Gross Value Added
2014.25,Euro Area,Industry (except construction),95.496,Gross Value Added
2014.5,Euro Area,Industry (except construction),95.723,Gross Value Added
2014.75,Euro Area,Industry (except construction),96.185,Gross Value Added
2015.0,Euro Area,Industry (except construction),97.843,Gross Value Added
2015.25,Euro Area,Industry (except construction),98.079,Gross Value Added
2015.5,Euro Area,Industry (except construction),98.269,Gross Value Added
2015.75,Euro Area,Industry (except construction),98.537,Gross Value Added
2016.0,Euro Area,Industry (except construction),100.003,Gross Value Added
2016.25,Euro Area,Industry (except construction),99.878,Gross Value Added
2016.5,Euro Area,Industry (except construction),99.968,Gross Value Added
2016.75,Euro Area,Industry (except construction),101.962,Gross Value Added
2017.0,Euro Area,Industry (except construction),102.451,Gross Value Added
2017.25,Euro Area,Industry (except construction),103.342,Gross Value Added
2017.5,Euro Area,Industry (except construction),104.921,Gross Value Added
2017.75,Euro Area,Industry (except construction),106.723,Gross Value Added
2018.0,Euro Area,Industry (except construction),105.847,Gross Value Added
2018.25,Euro Area,Industry (except construction),106.452,Gross Value Added
2018.5,Euro Area,Industry (except construction),106.38,Gross Value Added
2018.75,Euro Area,Industry (except construction),106.031,Gross Value Added
2019.0,Euro Area,Industry (except construction),106.686,Gross Value Added
2019.25,Euro Area,Industry (except construction),107.097,Gross Value Added
2019.5,Euro Area,Industry (except construction),107.124,Gross Value Added
2019.75,Euro Area,Industry (except construction),106.527,Gross Value Added
2020.0,Euro Area,Industry (except construction),103.151,Gross Value Added
2020.25,Euro Area,Industry (except construction),87.885,Gross Value Added
2020.5,Euro Area,Industry (except construction),102.736,Gross Value Added
2020.75,Euro Area,Industry (except construction),106.228,Gross Value Added
2021.0,Euro Area,Industry (except construction),107.114,Gross Value Added
2021.25,Euro Area,Industry (except construction),107.819,Gross Value Added
2021.5,Euro Area,Industry (except construction),107.717,Gross Value Added
2021.75,Euro Area,Industry (except construction),108.257,Gross Value Added
2022.0,Euro Area,Industry (except construction),107.306,Gross Value Added
2022.25,Euro Area,Industry (except construction),107.485,Gross Value Added
2022.5,Euro Area,Industry (except construction),108.038,Gross Value Added
2022.75,Euro Area,Industry (except construction),108.143,Gross Value Added
2023.0,Euro Area,Industry (except construction),107.305,Gross Value Added
2023.25,Euro Area,Industry (except construction),107.281,Gross Value Added
2023.5,Euro Area,Industry (except construction),106.088,Gross Value Added
2023.75,Euro Area,Industry (except construction),107.927,Gross Value Added
2024.0,Euro Area,Industry (except construction),105.925,Gross Value Added
2024.25,Euro Area,Industry (except construction),106.603,Gross Value Added
2024.5,Euro Area,Industry (except construction),106.821,Gross Value Added
2024.75,Euro Area,Industry (except construction),106.952,Gross Value Added
2025.0,Euro Area,Industry (except construction),109.072,Gross Value Added
2012.0,Spain,Industry (except construction),102.66,Gross Value Added
2012.25,Spain,Industry (except construction),101.703,Gross Value Added
2012.5,Spain,Industry (except construction),99.82,Gross Value Added
2012.75,Spain,Industry (except construction),98.621,Gross Value Added
2013.0,Spain,Industry (except construction),96.871,Gross Value Added
2013.25,Spain,Industry (except construction),96.123,Gross Value Added
2013.5,Spain,Industry (except construction),96.592,Gross Value Added
2013.75,Spain,Industry (except construction),96.052,Gross Value Added
2014.0,Spain,Industry (except construction),96.749,Gross Value Added
2014.25,Spain,Industry (except construction),97.427,Gross Value Added
2014.5,Spain,Industry (except construction),97.737,Gross Value Added
2014.75,Spain,Industry (except construction),99.205,Gross Value Added
2015.0,Spain,Industry (except construction),99.949,Gross Value Added
2015.25,Spain,Industry (except construction),100.894,Gross Value Added
2015.5,Spain,Industry (except construction),101.307,Gross Value Added
2015.75,Spain,Industry (except construction),102.296,Gross Value Added
2016.0,Spain,Industry (except construction),105.131,Gross Value Added
2016.25,Spain,Industry (except construction),104.725,Gross Value Added
2016.5,Spain,Industry (except construction),104.652,Gross Value Added
2016.75,Spain,Industry (except construction),104.314,Gross Value Added
2017.0,Spain,Industry (except construction),108.733,Gross Value Added
2017.25,Spain,Industry (except construction),109.229,Gross Value Added
2017.5,Spain,Industry (except construction),109.599,Gross Value Added
2017.75,Spain,Industry (except construction),110.499,Gross Value Added
2018.0,Spain,Industry (except construction),110.171,Gross Value Added
2018.25,Spain,Industry (except construction),109.706,Gross Value Added
2018.5,Spain,Industry (except construction),109.271,Gross Value Added
2018.75,Spain,Industry (except construction),109.325,Gross Value Added
2019.0,Spain,Industry (except construction),110.597,Gross Value Added
2019.25,Spain,Industry (except construction),111.634,Gross Value Added
2019.5,Spain,Industry (except construction),112.261,Gross Value Added
2019.75,Spain,Industry (except construction),112.121,Gross Value Added
2020.0,Spain,Industry (except construction),103.92,Gross Value Added
2020.25,Spain,Industry (except construction),83.868,Gross Value Added
2020.5,Spain,Industry (except construction),105.109,Gross Value Added
2020.75,Spain,Industry (except construction),107.103,Gross Value Added
2021.0,Spain,Industry (except construction),105.618,Gross Value Added
2021.25,Spain,Industry (except construction),105.753,Gross Value Added
2021.5,Spain,Industry (except construction),105.312,Gross Value Added
2021.75,Spain,Industry (except construction),106.553,Gross Value Added
2022.0,Spain,Industry (except construction),106.991,Gross Value Added
2022.25,Spain,Industry (except construction),109.371,Gross Value Added
2022.5,Spain,Industry (except construction),109.195,Gross Value Added
2022.75,Spain,Industry (except construction),108.41,Gross Value Added
2023.0,Spain,Industry (except construction),109.922,Gross Value Added
2023.25,Spain,Industry (except construction),108.762,Gross Value Added
2023.5,Spain,Industry (except construction),108.471,Gross Value Added
2023.75,Spain,Industry (except construction),109.78,Gross Value Added
2024.0,Spain,Industry (except construction),111.341,Gross Value Added
2024.25,Spain,Industry (except construction),112.398,Gross Value Added
2024.5,Spain,Industry (except construction),112.444,Gross Value Added
2024.75,Spain,Industry (except construction),112.686,Gross Value Added
2025.0,Spain,Industry (except construction),113.946,Gross Value Added
2025.25,Spain,Industry (except construction),114.839,Gross Value Added
2012.0,European Union,Industry (except construction),93.697,Gross Value Added
2012.25,European Union,Industry (except construction),93.587,Gross Value Added
2012.5,European Union,Industry (except construction),93.674,Gross Value Added
2012.75,European Union,Industry (except construction),92.221,Gross Value Added
2013.0,European Union,Industry (except construction),91.425,Gross Value Added
2013.25,European Union,Industry (except construction),92.155,Gross Value Added
2013.5,European Union,Industry (except construction),92.443,Gross Value Added
2013.75,European Union,Industry (except construction),92.991,Gross Value Added
2014.0,European Union,Industry (except construction),94.161,Gross Value Added
2014.25,European Union,Industry (except construction),94.441,Gross Value Added
2014.5,European Union,Industry (except construction),94.617,Gross Value Added
2014.75,European Union,Industry (except construction),95.216,Gross Value Added
2015.0,European Union,Industry (except construction),96.678,Gross Value Added
2015.25,European Union,Industry (except construction),97.568,Gross Value Added
2015.5,European Union,Industry (except construction),97.628,Gross Value Added
2015.75,European Union,Industry (except construction),97.817,Gross Value Added
2016.0,European Union,Industry (except construction),99.065,Gross Value Added
2016.25,European Union,Industry (except construction),99.18,Gross Value Added
2016.5,European Union,Industry (except construction),99.393,Gross Value Added
2016.75,European Union,Industry (except construction),101.251,Gross Value Added
2017.0,European Union,Industry (except construction),101.877,Gross Value Added
2017.25,European Union,Industry (except construction),102.892,Gross Value Added
2017.5,European Union,Industry (except construction),104.261,Gross Value Added
2017.75,European Union,Industry (except construction),105.713,Gross Value Added
2018.0,European Union,Industry (except construction),105.284,Gross Value Added
2018.25,European Union,Industry (except construction),105.785,Gross Value Added
2018.5,European Union,Industry (except construction),105.926,Gross Value Added
2018.75,European Union,Industry (except construction),105.829,Gross Value Added
2019.0,European Union,Industry (except construction),106.453,Gross Value Added
2019.25,European Union,Industry (except construction),106.993,Gross Value Added
2019.5,European Union,Industry (except construction),107.066,Gross Value Added
2019.75,European Union,Industry (except construction),106.418,Gross Value Added
2020.0,European Union,Industry (except construction),103.425,Gross Value Added
2020.25,European Union,Industry (except construction),88.172,Gross Value Added
2020.5,European Union,Industry (except construction),102.562,Gross Value Added
2020.75,European Union,Industry (except construction),105.842,Gross Value Added
2021.0,European Union,Industry (except construction),106.823,Gross Value Added
2021.25,European Union,Industry (except construction),107.258,Gross Value Added
2021.5,European Union,Industry (except construction),107.147,Gross Value Added
2021.75,European Union,Industry (except construction),107.989,Gross Value Added
2022.0,European Union,Industry (except construction),107.599,Gross Value Added
2022.25,European Union,Industry (except construction),107.839,Gross Value Added
2022.5,European Union,Industry (except construction),108.47,Gross Value Added
2022.75,European Union,Industry (except construction),108.304,Gross Value Added
2023.0,European Union,Industry (except construction),107.577,Gross Value Added
2023.25,European Union,Industry (except construction),107.348,Gross Value Added
2023.5,European Union,Industry (except construction),106.581,Gross Value Added
2023.75,European Union,Industry (except construction),108.125,Gross Value Added
2024.0,European Union,Industry (except construction),106.727,Gross Value Added
2024.25,European Union,Industry (except construction),107.347,Gross Value Added
2024.5,European Union,Industry (except construction),107.325,Gross Value Added
2024.75,European Union,Industry (except construction),107.669,Gross Value Added
2025.0,European Union,Industry (except construction),109.246,Gross Value Added
2012.0,Finland,Industry (except construction),93.228,Gross Value Added
2012.25,Finland,Industry (except construction),91.903,Gross Value Added
2012.5,Finland,Industry (except construction),90.686,Gross Value Added
2012.75,Finland,Industry (except construction),90.725,Gross Value Added
2013.0,Finland,Industry (except construction),89.401,Gross Value Added
2013.25,Finland,Industry (except construction),90.589,Gross Value Added
2013.5,Finland,Industry (except construction),92.663,Gross Value Added
2013.75,Finland,Industry (except construction),93.714,Gross Value Added
2014.0,Finland,Industry (except construction),89.576,Gross Value Added
2014.25,Finland,Industry (except construction),91.28,Gross Value Added
2014.5,Finland,Industry (except construction),92.069,Gross Value Added
2014.75,Finland,Industry (except construction),92.312,Gross Value Added
2015.0,Finland,Industry (except construction),89.332,Gross Value Added
2015.25,Finland,Industry (except construction),92.643,Gross Value Added
2015.5,Finland,Industry (except construction),91.64,Gross Value Added
2015.75,Finland,Industry (except construction),91.65,Gross Value Added
2016.0,Finland,Industry (except construction),91.426,Gross Value Added
2016.25,Finland,Industry (except construction),92.857,Gross Value Added
2016.5,Finland,Industry (except construction),95.711,Gross Value Added
2016.75,Finland,Industry (except construction),98.018,Gross Value Added
2017.0,Finland,Industry (except construction),99.586,Gross Value Added
2017.25,Finland,Industry (except construction),102.42,Gross Value Added
2017.5,Finland,Industry (except construction),102.001,Gross Value Added
2017.75,Finland,Industry (except construction),102.274,Gross Value Added
2018.0,Finland,Industry (except construction),101.183,Gross Value Added
2018.25,Finland,Industry (except construction),98.32,Gross Value Added
2018.5,Finland,Industry (except construction),97.103,Gross Value Added
2018.75,Finland,Industry (except construction),96.645,Gross Value Added
2019.0,Finland,Industry (except construction),99.333,Gross Value Added
2019.25,Finland,Industry (except construction),102.176,Gross Value Added
2019.5,Finland,Industry (except construction),102.4,Gross Value Added
2019.75,Finland,Industry (except construction),103.277,Gross Value Added
2020.0,Finland,Industry (except construction),100.667,Gross Value Added
2020.25,Finland,Industry (except construction),99.06,Gross Value Added
2020.5,Finland,Industry (except construction),99.615,Gross Value Added
2020.75,Finland,Industry (except construction),100.657,Gross Value Added
2021.0,Finland,Industry (except construction),98.145,Gross Value Added
2021.25,Finland,Industry (except construction),98.457,Gross Value Added
2021.5,Finland,Industry (except construction),98.564,Gross Value Added
2021.75,Finland,Industry (except construction),101.29,Gross Value Added
2022.0,Finland,Industry (except construction),95.214,Gross Value Added
2022.25,Finland,Industry (except construction),96.12,Gross Value Added
2022.5,Finland,Industry (except construction),93.218,Gross Value Added
2022.75,Finland,Industry (except construction),90.413,Gross Value Added
2023.0,Finland,Industry (except construction),97.006,Gross Value Added
2023.25,Finland,Industry (except construction),95.983,Gross Value Added
2023.5,Finland,Industry (except construction),94.523,Gross Value Added
2023.75,Finland,Industry (except construction),93.481,Gross Value Added
2024.0,Finland,Industry (except construction),95.701,Gross Value Added
2024.25,Finland,Industry (except construction),96.947,Gross Value Added
2024.5,Finland,Industry (except construction),100.901,Gross Value Added
2024.75,Finland,Industry (except construction),102.439,Gross Value Added
2025.0,Finland,Industry (except construction),102.108,Gross Value Added
2012.0,France,Industry (except construction),102.853,Gross Value Added
2012.25,France,Industry (except construction),102.373,Gross Value Added
2012.5,France,Industry (except construction),103.926,Gross Value Added
2012.75,France,Industry (except construction),102.526,Gross Value Added
2013.0,France,Industry (except construction),103.107,Gross Value Added
2013.25,France,Industry (except construction),105.142,Gross Value Added
2013.5,France,Industry (except construction),103.941,Gross Value Added
2013.75,France,Industry (except construction),104.54,Gross Value Added
2014.0,France,Industry (except construction),104.942,Gross Value Added
2014.25,France,Industry (except construction),104.672,Gross Value Added
2014.5,France,Industry (except construction),105.857,Gross Value Added
2014.75,France,Industry (except construction),104.179,Gross Value Added
2015.0,France,Industry (except construction),104.904,Gross Value Added
2015.25,France,Industry (except construction),104.574,Gross Value Added
2015.5,France,Industry (except construction),104.807,Gross Value Added
2015.75,France,Industry (except construction),104.705,Gross Value Added
2016.0,France,Industry (except construction),104.762,Gross Value Added
2016.25,France,Industry (except construction),104.485,Gross Value Added
2016.5,France,Industry (except construction),103.799,Gross Value Added
2016.75,France,Industry (except construction),104.272,Gross Value Added
2017.0,France,Industry (except construction),103.821,Gross Value Added
2017.25,France,Industry (except construction),105.036,Gross Value Added
2017.5,France,Industry (except construction),105.891,Gross Value Added
2017.75,France,Industry (except construction),107.798,Gross Value Added
2018.0,France,Industry (except construction),106.533,Gross Value Added
2018.25,France,Industry (except construction),107.943,Gross Value Added
2018.5,France,Industry (except construction),108.715,Gross Value Added
2018.75,France,Industry (except construction),108.906,Gross Value Added
2019.0,France,Industry (except construction),109.732,Gross Value Added
2019.25,France,Industry (except construction),110.47,Gross Value Added
2019.5,France,Industry (except construction),109.937,Gross Value Added
2019.75,France,Industry (except construction),109.516,Gross Value Added
2020.0,France,Industry (except construction),103.864,Gross Value Added
2020.25,France,Industry (except construction),85.909,Gross Value Added
2020.5,France,Industry (except construction),103.085,Gross Value Added
2020.75,France,Industry (except construction),107.142,Gross Value Added
2021.0,France,Industry (except construction),107.751,Gross Value Added
2021.25,France,Industry (except construction),107.913,Gross Value Added
2021.5,France,Industry (except construction),106.864,Gross Value Added
2021.75,France,Industry (except construction),103.312,Gross Value Added
2022.0,France,Industry (except construction),98.94,Gross Value Added
2022.25,France,Industry (except construction),95.652,Gross Value Added
2022.5,France,Industry (except construction),94.835,Gross Value Added
2022.75,France,Industry (except construction),96.613,Gross Value Added
2023.0,France,Industry (except construction),99.695,Gross Value Added
2023.25,France,Industry (except construction),103.948,Gross Value Added
2023.5,France,Industry (except construction),105.816,Gross Value Added
2023.75,France,Industry (except construction),108.162,Gross Value Added
2024.0,France,Industry (except construction),107.642,Gross Value Added
2024.25,France,Industry (except construction),107.861,Gross Value Added
2024.5,France,Industry (except construction),108.56,Gross Value Added
2024.75,France,Industry (except construction),107.733,Gross Value Added
2025.0,France,Industry (except construction),107.347,Gross Value Added
2025.25,France,Industry (except construction),106.599,Gross Value Added
2012.0,Ireland,Industry (except construction),38.299,Gross Value Added
2012.25,Ireland,Industry (except construction),38.149,Gross Value Added
2012.5,Ireland,Industry (except construction),37.39,Gross Value Added
2012.75,Ireland,Industry (except construction),35.035,Gross Value Added
2013.0,Ireland,Industry (except construction),34.74,Gross Value Added
2013.25,Ireland,Industry (except construction),35.812,Gross Value Added
2013.5,Ireland,Industry (except construction),36.406,Gross Value Added
2013.75,Ireland,Industry (except construction),34.586,Gross Value Added
2014.0,Ireland,Industry (except construction),37.128,Gross Value Added
2014.25,Ireland,Industry (except construction),42.903,Gross Value Added
2014.5,Ireland,Industry (except construction),40.371,Gross Value Added
2014.75,Ireland,Industry (except construction),39.073,Gross Value Added
2015.0,Ireland,Industry (except construction),73.643,Gross Value Added
2015.25,Ireland,Industry (except construction),65.466,Gross Value Added
2015.5,Ireland,Industry (except construction),67.714,Gross Value Added
2015.75,Ireland,Industry (except construction),73.942,Gross Value Added
2016.0,Ireland,Industry (except construction),67.534,Gross Value Added
2016.25,Ireland,Industry (except construction),65.875,Gross Value Added
2016.5,Ireland,Industry (except construction),58.67,Gross Value Added
2016.75,Ireland,Industry (except construction),75.839,Gross Value Added
2017.0,Ireland,Industry (except construction),69.426,Gross Value Added
2017.25,Ireland,Industry (except construction),66.529,Gross Value Added
2017.5,Ireland,Industry (except construction),69.776,Gross Value Added
2017.75,Ireland,Industry (except construction),76.556,Gross Value Added
2018.0,Ireland,Industry (except construction),76.388,Gross Value Added
2018.25,Ireland,Industry (except construction),80.202,Gross Value Added
2018.5,Ireland,Industry (except construction),80.501,Gross Value Added
2018.75,Ireland,Industry (except construction),78.281,Gross Value Added
2019.0,Ireland,Industry (except construction),71.988,Gross Value Added
2019.25,Ireland,Industry (except construction),81.066,Gross Value Added
2019.5,Ireland,Industry (except construction),84.224,Gross Value Added
2019.75,Ireland,Industry (except construction),83.858,Gross Value Added
2020.0,Ireland,Industry (except construction),92.203,Gross Value Added
2020.25,Ireland,Industry (except construction),99.241,Gross Value Added
2020.5,Ireland,Industry (except construction),99.285,Gross Value Added
2020.75,Ireland,Industry (except construction),109.271,Gross Value Added
2021.0,Ireland,Industry (except construction),118.981,Gross Value Added
2021.25,Ireland,Industry (except construction),119.75,Gross Value Added
2021.5,Ireland,Industry (except construction),125.723,Gross Value Added
2021.75,Ireland,Industry (except construction),118.253,Gross Value Added
2022.0,Ireland,Industry (except construction),134.117,Gross Value Added
2022.25,Ireland,Industry (except construction),131.245,Gross Value Added
2022.5,Ireland,Industry (except construction),138.68,Gross Value Added
2022.75,Ireland,Industry (except construction),140.767,Gross Value Added
2023.0,Ireland,Industry (except construction),119.864,Gross Value Added
2023.25,Ireland,Industry (except construction),121.791,Gross Value Added
2023.5,Ireland,Industry (except construction),109.395,Gross Value Added
2023.75,Ireland,Industry (except construction),105.48,Gross Value Added
2024.0,Ireland,Industry (except construction),97.457,Gross Value Added
2024.25,Ireland,Industry (except construction),108.099,Gross Value Added
2024.5,Ireland,Industry (except construction),121.171,Gross Value Added
2024.75,Ireland,Industry (except construction),124.274,Gross Value Added
2025.0,Ireland,Industry (except construction),144.808,Gross Value Added
2012.0,Italy,Industry (except construction),108.321,Gross Value Added
2012.25,Italy,Industry (except construction),107.605,Gross Value Added
2012.5,Italy,Industry (except construction),107.293,Gross Value Added
2012.75,Italy,Industry (except construction),104.884,Gross Value Added
2013.0,Italy,Industry (except construction),104.294,Gross Value Added
2013.25,Italy,Industry (except construction),104.834,Gross Value Added
2013.5,Italy,Industry (except construction),105.894,Gross Value Added
2013.75,Italy,Industry (except construction),106.657,Gross Value Added
2014.0,Italy,Industry (except construction),104.67,Gross Value Added
2014.25,Italy,Industry (except construction),105.102,Gross Value Added
2014.5,Italy,Industry (except construction),104.515,Gross Value Added
2014.75,Italy,Industry (except construction),105.193,Gross Value Added
2015.0,Italy,Industry (except construction),105.591,Gross Value Added
2015.25,Italy,Industry (except construction),106.278,Gross Value Added
2015.5,Italy,Industry (except construction),105.197,Gross Value Added
2015.75,Italy,Industry (except construction),105.553,Gross Value Added
2016.0,Italy,Industry (except construction),107.416,Gross Value Added
2016.25,Italy,Industry (except construction),107.482,Gross Value Added
2016.5,Italy,Industry (except construction),109.506,Gross Value Added
2016.75,Italy,Industry (except construction),111.816,Gross Value Added
2017.0,Italy,Industry (except construction),111.264,Gross Value Added
2017.25,Italy,Industry (except construction),112.409,Gross Value Added
2017.5,Italy,Industry (except construction),113.68,Gross Value Added
2017.75,Italy,Industry (except construction),115.879,Gross Value Added
2018.0,Italy,Industry (except construction),113.581,Gross Value Added
2018.25,Italy,Industry (except construction),114.422,Gross Value Added
2018.5,Italy,Industry (except construction),114.413,Gross Value Added
2018.75,Italy,Industry (except construction),113.624,Gross Value Added
2019.0,Italy,Industry (except construction),114.58,Gross Value Added
2019.25,Italy,Industry (except construction),114.605,Gross Value Added
2019.5,Italy,Industry (except construction),114.301,Gross Value Added
2019.75,Italy,Industry (except construction),113.271,Gross Value Added
2020.0,Italy,Industry (except construction),103.573,Gross Value Added
2020.25,Italy,Industry (except construction),80.464,Gross Value Added
2020.5,Italy,Industry (except construction),107.834,Gross Value Added
2020.75,Italy,Industry (except construction),108.13,Gross Value Added
2021.0,Italy,Industry (except construction),112.188,Gross Value Added
2021.25,Italy,Industry (except construction),113.843,Gross Value Added
2021.5,Italy,Industry (except construction),114.305,Gross Value Added
2021.75,Italy,Industry (except construction),115.433,Gross Value Added
2022.0,Italy,Industry (except construction),114.104,Gross Value Added
2022.25,Italy,Industry (except construction),115.891,Gross Value Added
2022.5,Italy,Industry (except construction),114.655,Gross Value Added
2022.75,Italy,Industry (except construction),113.662,Gross Value Added
2023.0,Italy,Industry (except construction),112.813,Gross Value Added
2023.25,Italy,Industry (except construction),112.357,Gross Value Added
2023.5,Italy,Industry (except construction),112.924,Gross Value Added
2023.75,Italy,Industry (except construction),113.911,Gross Value Added
2024.0,Italy,Industry (except construction),112.308,Gross Value Added
2024.25,Italy,Industry (except construction),111.879,Gross Value Added
2024.5,Italy,Industry (except construction),111.113,Gross Value Added
2024.75,Italy,Industry (except construction),112.277,Gross Value Added
2025.0,Italy,Industry (except construction),113.484,Gross Value Added
2012.0,Netherlands,Industry (except construction),95.346,Gross Value Added
2012.25,Netherlands,Industry (except construction),95.588,Gross Value Added
2012.5,Netherlands,Industry (except construction),95.547,Gross Value Added
2012.75,Netherlands,Industry (except construction),95.839,Gross Value Added
2013.0,Netherlands,Industry (except construction),97.361,Gross Value Added
2013.25,Netherlands,Industry (except construction),97.62,Gross Value Added
2013.5,Netherlands,Industry (except construction),97.153,Gross Value Added
2013.75,Netherlands,Industry (except construction),98.65,Gross Value Added
2014.0,Netherlands,Industry (except construction),94.859,Gross Value Added
2014.25,Netherlands,Industry (except construction),95.761,Gross Value Added
2014.5,Netherlands,Industry (except construction),95.481,Gross Value Added
2014.75,Netherlands,Industry (except construction),98.302,Gross Value Added
2015.0,Netherlands,Industry (except construction),94.956,Gross Value Added
2015.25,Netherlands,Industry (except construction),95.159,Gross Value Added
2015.5,Netherlands,Industry (except construction),94.796,Gross Value Added
2015.75,Netherlands,Industry (except construction),92.907,Gross Value Added
2016.0,Netherlands,Industry (except construction),94.153,Gross Value Added
2016.25,Netherlands,Industry (except construction),95.498,Gross Value Added
2016.5,Netherlands,Industry (except construction),95.47,Gross Value Added
2016.75,Netherlands,Industry (except construction),96.87,Gross Value Added
2017.0,Netherlands,Industry (except construction),98.353,Gross Value Added
2017.25,Netherlands,Industry (except construction),99.203,Gross Value Added
2017.5,Netherlands,Industry (except construction),99.928,Gross Value Added
2017.75,Netherlands,Industry (except construction),101.351,Gross Value Added
2018.0,Netherlands,Industry (except construction),101.936,Gross Value Added
2018.25,Netherlands,Industry (except construction),101.936,Gross Value Added
2018.5,Netherlands,Industry (except construction),103.467,Gross Value Added
2018.75,Netherlands,Industry (except construction),102.318,Gross Value Added
2019.0,Netherlands,Industry (except construction),102.797,Gross Value Added
2019.25,Netherlands,Industry (except construction),101.229,Gross Value Added
2019.5,Netherlands,Industry (except construction),103.038,Gross Value Added
2019.75,Netherlands,Industry (except construction),102.646,Gross Value Added
2020.0,Netherlands,Industry (except construction),102.242,Gross Value Added
2020.25,Netherlands,Industry (except construction),93.146,Gross Value Added
2020.5,Netherlands,Industry (except construction),100.479,Gross Value Added
2020.75,Netherlands,Industry (except construction),104.132,Gross Value Added
2021.0,Netherlands,Industry (except construction),105.635,Gross Value Added
2021.25,Netherlands,Industry (except construction),108.743,Gross Value Added
2021.5,Netherlands,Industry (except construction),109.536,Gross Value Added
2021.75,Netherlands,Industry (except construction),111.116,Gross Value Added
2022.0,Netherlands,Industry (except construction),113.406,Gross Value Added
2022.25,Netherlands,Industry (except construction),113.276,Gross Value Added
2022.5,Netherlands,Industry (except construction),112.221,Gross Value Added
2022.75,Netherlands,Industry (except construction),111.262,Gross Value Added
2023.0,Netherlands,Industry (except construction),110.279,Gross Value Added
2023.25,Netherlands,Industry (except construction),107.959,Gross Value Added
2023.5,Netherlands,Industry (except construction),104.284,Gross Value Added
2023.75,Netherlands,Industry (except construction),104.258,Gross Value Added
2024.0,Netherlands,Industry (except construction),102.246,Gross Value Added
2024.25,Netherlands,Industry (except construction),105.731,Gross Value Added
2024.5,Netherlands,Industry (except construction),107.417,Gross Value Added
2024.75,Netherlands,Industry (except construction),108.294,Gross Value Added
2025.0,Netherlands,Industry (except construction),107.399,Gross Value Added
2025.25,Netherlands,Industry (except construction),109.018,Gross Value Added
2012.0,Norway,Industry (except construction),95.219,Gross Value Added
2012.25,Norway,Industry (except construction),95.211,Gross Value Added
2012.5,Norway,Industry (except construction),93.643,Gross Value Added
2012.75,Norway,Industry (except construction),93.983,Gross Value Added
2013.0,Norway,Industry (except construction),92.751,Gross Value Added
2013.25,Norway,Industry (except construction),93.294,Gross Value Added
2013.5,Norway,Industry (except construction),93.762,Gross Value Added
2013.75,Norway,Industry (except construction),93.026,Gross Value Added
2014.0,Norway,Industry (except construction),94.232,Gross Value Added
2014.25,Norway,Industry (except construction),94.334,Gross Value Added
2014.5,Norway,Industry (except construction),94.661,Gross Value Added
2014.75,Norway,Industry (except construction),95.39,Gross Value Added
2015.0,Norway,Industry (except construction),95.674,Gross Value Added
2015.25,Norway,Industry (except construction),95.936,Gross Value Added
2015.5,Norway,Industry (except construction),96.667,Gross Value Added
2015.75,Norway,Industry (except construction),95.594,Gross Value Added
2016.0,Norway,Industry (except construction),95.561,Gross Value Added
2016.25,Norway,Industry (except construction),96.014,Gross Value Added
2016.5,Norway,Industry (except construction),93.156,Gross Value Added
2016.75,Norway,Industry (except construction),98.718,Gross Value Added
2017.0,Norway,Industry (except construction),99.162,Gross Value Added
2017.25,Norway,Industry (except construction),101.232,Gross Value Added
2017.5,Norway,Industry (except construction),101.506,Gross Value Added
2017.75,Norway,Industry (except construction),97.692,Gross Value Added
2018.0,Norway,Industry (except construction),97.948,Gross Value Added
2018.25,Norway,Industry (except construction),96.886,Gross Value Added
2018.5,Norway,Industry (except construction),98.727,Gross Value Added
2018.75,Norway,Industry (except construction),96.414,Gross Value Added
2019.0,Norway,Industry (except construction),93.773,Gross Value Added
2019.25,Norway,Industry (except construction),94.916,Gross Value Added
2019.5,Norway,Industry (except construction),95.149,Gross Value Added
2019.75,Norway,Industry (except construction),99.238,Gross Value Added
2020.0,Norway,Industry (except construction),100.774,Gross Value Added
2020.25,Norway,Industry (except construction),99.692,Gross Value Added
2020.5,Norway,Industry (except construction),100.619,Gross Value Added
2020.75,Norway,Industry (except construction),98.915,Gross Value Added
2021.0,Norway,Industry (except construction),103.048,Gross Value Added
2021.25,Norway,Industry (except construction),100.578,Gross Value Added
2021.5,Norway,Industry (except construction),106.859,Gross Value Added
2021.75,Norway,Industry (except construction),103.749,Gross Value Added
2022.0,Norway,Industry (except construction),100.959,Gross Value Added
2022.25,Norway,Industry (except construction),101.938,Gross Value Added
2022.5,Norway,Industry (except construction),107.155,Gross Value Added
2022.75,Norway,Industry (except construction),102.683,Gross Value Added
2023.0,Norway,Industry (except construction),103.445,Gross Value Added
2023.25,Norway,Industry (except construction),101.537,Gross Value Added
2023.5,Norway,Industry (except construction),100.061,Gross Value Added
2023.75,Norway,Industry (except construction),105.703,Gross Value Added
2024.0,Norway,Industry (except construction),106.677,Gross Value Added
2024.25,Norway,Industry (except construction),110.718,Gross Value Added
2024.5,Norway,Industry (except construction),105.878,Gross Value Added
2024.75,Norway,Industry (except construction),105.246,Gross Value Added
2025.0,Norway,Industry (except construction),104.159,Gross Value Added
2012.0,Poland,Industry (except construction),82.875,Gross Value Added
2012.25,Poland,Industry (except construction),79.765,Gross Value Added
2012.5,Poland,Industry (except construction),81.832,Gross Value Added
2012.75,Poland,Industry (except construction),82.632,Gross Value Added
2013.0,Poland,Industry (except construction),78.905,Gross Value Added
2013.25,Poland,Industry (except construction),80.782,Gross Value Added
2013.5,Poland,Industry (except construction),81.404,Gross Value Added
2013.75,Poland,Industry (except construction),80.676,Gross Value Added
2014.0,Poland,Industry (except construction),85.471,Gross Value Added
2014.25,Poland,Industry (except construction),86.417,Gross Value Added
2014.5,Poland,Industry (except construction),84.46,Gross Value Added
2014.75,Poland,Industry (except construction),86.603,Gross Value Added
2015.0,Poland,Industry (except construction),87.503,Gross Value Added
2015.25,Poland,Industry (except construction),87.908,Gross Value Added
2015.5,Poland,Industry (except construction),90.6,Gross Value Added
2015.75,Poland,Industry (except construction),91.3,Gross Value Added
2016.0,Poland,Industry (except construction),91.11,Gross Value Added
2016.25,Poland,Industry (except construction),94.036,Gross Value Added
2016.5,Poland,Industry (except construction),93.627,Gross Value Added
2016.75,Poland,Industry (except construction),95.169,Gross Value Added
2017.0,Poland,Industry (except construction),95.247,Gross Value Added
2017.25,Poland,Industry (except construction),94.573,Gross Value Added
2017.5,Poland,Industry (except construction),95.344,Gross Value Added
2017.75,Poland,Industry (except construction),95.863,Gross Value Added
2018.0,Poland,Industry (except construction),98.187,Gross Value Added
2018.25,Poland,Industry (except construction),99.712,Gross Value Added
2018.5,Poland,Industry (except construction),100.587,Gross Value Added
2018.75,Poland,Industry (except construction),100.761,Gross Value Added
2019.0,Poland,Industry (except construction),104.21,Gross Value Added
2019.25,Poland,Industry (except construction),104.842,Gross Value Added
2019.5,Poland,Industry (except construction),105.547,Gross Value Added
2019.75,Poland,Industry (except construction),103.278,Gross Value Added
2020.0,Poland,Industry (except construction),103.841,Gross Value Added
2020.25,Poland,Industry (except construction),90.505,Gross Value Added
2020.5,Poland,Industry (except construction),101.938,Gross Value Added
2020.75,Poland,Industry (except construction),103.716,Gross Value Added
2021.0,Poland,Industry (except construction),98.683,Gross Value Added
2021.25,Poland,Industry (except construction),100.827,Gross Value Added
2021.5,Poland,Industry (except construction),101.094,Gross Value Added
2021.75,Poland,Industry (except construction),105.547,Gross Value Added
2022.0,Poland,Industry (except construction),110.123,Gross Value Added
2022.25,Poland,Industry (except construction),108.766,Gross Value Added
2022.5,Poland,Industry (except construction),111.879,Gross Value Added
2022.75,Poland,Industry (except construction),106.806,Gross Value Added
2023.0,Poland,Industry (except construction),108.297,Gross Value Added
2023.25,Poland,Industry (except construction),105.082,Gross Value Added
2023.5,Poland,Industry (except construction),108.688,Gross Value Added
2023.75,Poland,Industry (except construction),109.736,Gross Value Added
2024.0,Poland,Industry (except construction),108.144,Gross Value Added
2024.25,Poland,Industry (except construction),111.531,Gross Value Added
2024.5,Poland,Industry (except construction),107.274,Gross Value Added
2024.75,Poland,Industry (except construction),109.886,Gross Value Added
2025.0,Poland,Industry (except construction),107.967,Gross Value Added
2012.0,Romania,Industry (except construction),85.227,Gross Value Added
2012.25,Romania,Industry (except construction),89.447,Gross Value Added
2012.5,Romania,Industry (except construction),87.375,Gross Value Added
2012.75,Romania,Industry (except construction),87.128,Gross Value Added
2013.0,Romania,Industry (except construction),79.706,Gross Value Added
2013.25,Romania,Industry (except construction),82.344,Gross Value Added
2013.5,Romania,Industry (except construction),83.98,Gross Value Added
2013.75,Romania,Industry (except construction),86.775,Gross Value Added
2014.0,Romania,Industry (except construction),90.472,Gross Value Added
2014.25,Romania,Industry (except construction),88.184,Gross Value Added
2014.5,Romania,Industry (except construction),90.984,Gross Value Added
2014.75,Romania,Industry (except construction),89.901,Gross Value Added
2015.0,Romania,Industry (except construction),93.942,Gross Value Added
2015.25,Romania,Industry (except construction),96.496,Gross Value Added
2015.5,Romania,Industry (except construction),94.49,Gross Value Added
2015.75,Romania,Industry (except construction),91.362,Gross Value Added
2016.0,Romania,Industry (except construction),91.742,Gross Value Added
2016.25,Romania,Industry (except construction),95.382,Gross Value Added
2016.5,Romania,Industry (except construction),96.138,Gross Value Added
2016.75,Romania,Industry (except construction),93.845,Gross Value Added
2017.0,Romania,Industry (except construction),98.748,Gross Value Added
2017.25,Romania,Industry (except construction),103.694,Gross Value Added
2017.5,Romania,Industry (except construction),103.551,Gross Value Added
2017.75,Romania,Industry (except construction),104.298,Gross Value Added
2018.0,Romania,Industry (except construction),106.983,Gross Value Added
2018.25,Romania,Industry (except construction),108.912,Gross Value Added
2018.5,Romania,Industry (except construction),111.762,Gross Value Added
2018.75,Romania,Industry (except construction),111.18,Gross Value Added
2019.0,Romania,Industry (except construction),106.773,Gross Value Added
2019.25,Romania,Industry (except construction),108.694,Gross Value Added
2019.5,Romania,Industry (except construction),107.642,Gross Value Added
2019.75,Romania,Industry (except construction),107.448,Gross Value Added
2020.0,Romania,Industry (except construction),104.197,Gross Value Added
2020.25,Romania,Industry (except construction),93.368,Gross Value Added
2020.5,Romania,Industry (except construction),100.842,Gross Value Added
2020.75,Romania,Industry (except construction),101.593,Gross Value Added
2021.0,Romania,Industry (except construction),105.526,Gross Value Added
2021.25,Romania,Industry (except construction),101.183,Gross Value Added
2021.5,Romania,Industry (except construction),101.077,Gross Value Added
2021.75,Romania,Industry (except construction),96.925,Gross Value Added
2022.0,Romania,Industry (except construction),87.334,Gross Value Added
2022.25,Romania,Industry (except construction),86.992,Gross Value Added
2022.5,Romania,Industry (except construction),89.427,Gross Value Added
2022.75,Romania,Industry (except construction),94.837,Gross Value Added
2023.0,Romania,Industry (except construction),88.251,Gross Value Added
2023.25,Romania,Industry (except construction),88.656,Gross Value Added
2023.5,Romania,Industry (except construction),87.953,Gross Value Added
2023.75,Romania,Industry (except construction),85.745,Gross Value Added
2024.0,Romania,Industry (except construction),97.982,Gross Value Added
2024.25,Romania,Industry (except construction),87.933,Gross Value Added
2024.5,Romania,Industry (except construction),83.965,Gross Value Added
2024.75,Romania,Industry (except construction),80.069,Gross Value Added
2025.0,Romania,Industry (except construction),89.46,Gross Value Added
2012.0,Germany,Manufacturing,96.315,Gross Value Added
2012.25,Germany,Manufacturing,96.446,Gross Value Added
2012.5,Germany,Manufacturing,96.798,Gross Value Added
2012.75,Germany,Manufacturing,95.028,Gross Value Added
2013.0,Germany,Manufacturing,95.056,Gross Value Added
2013.25,Germany,Manufacturing,96.041,Gross Value Added
2013.5,Germany,Manufacturing,96.413,Gross Value Added
2013.75,Germany,Manufacturing,98.183,Gross Value Added
2014.0,Germany,Manufacturing,101.614,Gross Value Added
2014.25,Germany,Manufacturing,100.91,Gross Value Added
2014.5,Germany,Manufacturing,101.604,Gross Value Added
2014.75,Germany,Manufacturing,102.84,Gross Value Added
2015.0,Germany,Manufacturing,100.973,Gross Value Added
2015.25,Germany,Manufacturing,102.32,Gross Value Added
2015.5,Germany,Manufacturing,102.481,Gross Value Added
2015.75,Germany,Manufacturing,102.27,Gross Value Added
2016.0,Germany,Manufacturing,105.829,Gross Value Added
2016.25,Germany,Manufacturing,105.507,Gross Value Added
2016.5,Germany,Manufacturing,105.939,Gross Value Added
2016.75,Germany,Manufacturing,106.08,Gross Value Added
2017.0,Germany,Manufacturing,107.085,Gross Value Added
2017.25,Germany,Manufacturing,108.815,Gross Value Added
2017.5,Germany,Manufacturing,111.519,Gross Value Added
2017.75,Germany,Manufacturing,112.826,Gross Value Added
2018.0,Germany,Manufacturing,111.967,Gross Value Added
2018.25,Germany,Manufacturing,112.318,Gross Value Added
2018.5,Germany,Manufacturing,111.072,Gross Value Added
2018.75,Germany,Manufacturing,110.76,Gross Value Added
2019.0,Germany,Manufacturing,111.205,Gross Value Added
2019.25,Germany,Manufacturing,110.551,Gross Value Added
2019.5,Germany,Manufacturing,109.828,Gross Value Added
2019.75,Germany,Manufacturing,108.772,Gross Value Added
2020.0,Germany,Manufacturing,105.336,Gross Value Added
2020.25,Germany,Manufacturing,87.279,Gross Value Added
2020.5,Germany,Manufacturing,100.912,Gross Value Added
2020.75,Germany,Manufacturing,106.472,Gross Value Added
2021.0,Germany,Manufacturing,108.729,Gross Value Added
2021.25,Germany,Manufacturing,109.232,Gross Value Added
2021.5,Germany,Manufacturing,107.342,Gross Value Added
2021.75,Germany,Manufacturing,110.68,Gross Value Added
2022.0,Germany,Manufacturing,110.564,Gross Value Added
2022.25,Germany,Manufacturing,110.675,Gross Value Added
2022.5,Germany,Manufacturing,111.791,Gross Value Added
2022.75,Germany,Manufacturing,112.434,Gross Value Added
2023.0,Germany,Manufacturing,111.61,Gross Value Added
2023.25,Germany,Manufacturing,110.413,Gross Value Added
2023.5,Germany,Manufacturing,109.498,Gross Value Added
2023.75,Germany,Manufacturing,108.925,Gross Value Added
2024.0,Germany,Manufacturing,107.244,Gross Value Added
2024.25,Germany,Manufacturing,106.339,Gross Value Added
2024.5,Germany,Manufacturing,104.851,Gross Value Added
2024.75,Germany,Manufacturing,103.906,Gross Value Added
2025.0,Germany,Manufacturing,105.605,Gross Value Added
2025.25,Germany,Manufacturing,105.263,Gross Value Added
2012.0,Denmark,Manufacturing,78.896,Gross Value Added
2012.25,Denmark,Manufacturing,81.119,Gross Value Added
2012.5,Denmark,Manufacturing,84.674,Gross Value Added
2012.75,Denmark,Manufacturing,82.535,Gross Value Added
2013.0,Denmark,Manufacturing,87.857,Gross Value Added
2013.25,Denmark,Manufacturing,85.453,Gross Value Added
2013.5,Denmark,Manufacturing,85.828,Gross Value Added
2013.75,Denmark,Manufacturing,86.062,Gross Value Added
2014.0,Denmark,Manufacturing,86.186,Gross Value Added
2014.25,Denmark,Manufacturing,86.936,Gross Value Added
2014.5,Denmark,Manufacturing,86.119,Gross Value Added
2014.75,Denmark,Manufacturing,87.87,Gross Value Added
2015.0,Denmark,Manufacturing,83.077,Gross Value Added
2015.25,Denmark,Manufacturing,89.279,Gross Value Added
2015.5,Denmark,Manufacturing,86.909,Gross Value Added
2015.75,Denmark,Manufacturing,88.553,Gross Value Added
2016.0,Denmark,Manufacturing,89.901,Gross Value Added
2016.25,Denmark,Manufacturing,89.281,Gross Value Added
2016.5,Denmark,Manufacturing,92.474,Gross Value Added
2016.75,Denmark,Manufacturing,93.093,Gross Value Added
2017.0,Denmark,Manufacturing,98.657,Gross Value Added
2017.25,Denmark,Manufacturing,101.198,Gross Value Added
2017.5,Denmark,Manufacturing,100.049,Gross Value Added
2017.75,Denmark,Manufacturing,99.149,Gross Value Added
2018.0,Denmark,Manufacturing,98.589,Gross Value Added
2018.25,Denmark,Manufacturing,99.766,Gross Value Added
2018.5,Denmark,Manufacturing,102.321,Gross Value Added
2018.75,Denmark,Manufacturing,105.691,Gross Value Added
2019.0,Denmark,Manufacturing,106.34,Gross Value Added
2019.25,Denmark,Manufacturing,108.673,Gross Value Added
2019.5,Denmark,Manufacturing,107.64,Gross Value Added
2019.75,Denmark,Manufacturing,107.545,Gross Value Added
2020.0,Denmark,Manufacturing,106.467,Gross Value Added
2020.25,Denmark,Manufacturing,97.634,Gross Value Added
2020.5,Denmark,Manufacturing,96.935,Gross Value Added
2020.75,Denmark,Manufacturing,98.965,Gross Value Added
2021.0,Denmark,Manufacturing,110.27,Gross Value Added
2021.25,Denmark,Manufacturing,110.858,Gross Value Added
2021.5,Denmark,Manufacturing,115.74,Gross Value Added
2021.75,Denmark,Manufacturing,122.449,Gross Value Added
2022.0,Denmark,Manufacturing,126.881,Gross Value Added
2022.25,Denmark,Manufacturing,130.457,Gross Value Added
2022.5,Denmark,Manufacturing,132.945,Gross Value Added
2022.75,Denmark,Manufacturing,133.153,Gross Value Added
2023.0,Denmark,Manufacturing,144.528,Gross Value Added
2023.25,Denmark,Manufacturing,145.571,Gross Value Added
2023.5,Denmark,Manufacturing,146.288,Gross Value Added
2023.75,Denmark,Manufacturing,157.333,Gross Value Added
2024.0,Denmark,Manufacturing,158.368,Gross Value Added
2024.25,Denmark,Manufacturing,170.243,Gross Value Added
2024.5,Denmark,Manufacturing,180.606,Gross Value Added
2024.75,Denmark,Manufacturing,185.74,Gross Value Added
2025.0,Denmark,Manufacturing,173.458,Gross Value Added
2025.25,Denmark,Manufacturing,182.55,Gross Value Added
2012.0,Euro Area,Manufacturing,92.979,Gross Value Added
2012.25,Euro Area,Manufacturing,92.688,Gross Value Added
2012.5,Euro Area,Manufacturing,92.859,Gross Value Added
2012.75,Euro Area,Manufacturing,91.265,Gross Value Added
2013.0,Euro Area,Manufacturing,90.969,Gross Value Added
2013.25,Euro Area,Manufacturing,91.996,Gross Value Added
2013.5,Euro Area,Manufacturing,92.432,Gross Value Added
2013.75,Euro Area,Manufacturing,93.466,Gross Value Added
2014.0,Euro Area,Manufacturing,94.906,Gross Value Added
2014.25,Euro Area,Manufacturing,95.17,Gross Value Added
2014.5,Euro Area,Manufacturing,95.535,Gross Value Added
2014.75,Euro Area,Manufacturing,96.009,Gross Value Added
2015.0,Euro Area,Manufacturing,98.076,Gross Value Added
2015.25,Euro Area,Manufacturing,98.52,Gross Value Added
2015.5,Euro Area,Manufacturing,98.681,Gross Value Added
2015.75,Euro Area,Manufacturing,99.43,Gross Value Added
2016.0,Euro Area,Manufacturing,100.594,Gross Value Added
2016.25,Euro Area,Manufacturing,100.222,Gross Value Added
2016.5,Euro Area,Manufacturing,100.243,Gross Value Added
2016.75,Euro Area,Manufacturing,102.424,Gross Value Added
2017.0,Euro Area,Manufacturing,103.075,Gross Value Added
2017.25,Euro Area,Manufacturing,104.184,Gross Value Added
2017.5,Euro Area,Manufacturing,106.074,Gross Value Added
2017.75,Euro Area,Manufacturing,107.914,Gross Value Added
2018.0,Euro Area,Manufacturing,107.04,Gross Value Added
2018.25,Euro Area,Manufacturing,107.713,Gross Value Added
2018.5,Euro Area,Manufacturing,107.42,Gross Value Added
2018.75,Euro Area,Manufacturing,107.07,Gross Value Added
2019.0,Euro Area,Manufacturing,107.43,Gross Value Added
2019.25,Euro Area,Manufacturing,107.93,Gross Value Added
2019.5,Euro Area,Manufacturing,108.08,Gross Value Added
2019.75,Euro Area,Manufacturing,107.465,Gross Value Added
2020.0,Euro Area,Manufacturing,103.557,Gross Value Added
2020.25,Euro Area,Manufacturing,86.632,Gross Value Added
2020.5,Euro Area,Manufacturing,102.908,Gross Value Added
2020.75,Euro Area,Manufacturing,106.903,Gross Value Added
2021.0,Euro Area,Manufacturing,109.543,Gross Value Added
2021.25,Euro Area,Manufacturing,110.289,Gross Value Added
2021.5,Euro Area,Manufacturing,110.565,Gross Value Added
2021.75,Euro Area,Manufacturing,111.24,Gross Value Added
2022.0,Euro Area,Manufacturing,112.843,Gross Value Added
2022.25,Euro Area,Manufacturing,113.213,Gross Value Added
2022.5,Euro Area,Manufacturing,114.183,Gross Value Added
2022.75,Euro Area,Manufacturing,114.402,Gross Value Added
2023.0,Euro Area,Manufacturing,113.205,Gross Value Added
2023.25,Euro Area,Manufacturing,112.922,Gross Value Added
2023.5,Euro Area,Manufacturing,111.336,Gross Value Added
2023.75,Euro Area,Manufacturing,111.042,Gross Value Added
2024.0,Euro Area,Manufacturing,110.24,Gross Value Added
2024.25,Euro Area,Manufacturing,110.879,Gross Value Added
2024.5,Euro Area,Manufacturing,111.374,Gross Value Added
2024.75,Euro Area,Manufacturing,111.717,Gross Value Added
2025.0,Euro Area,Manufacturing,114.271,Gross Value Added
2012.0,Spain,Manufacturing,103.655,Gross Value Added
2012.25,Spain,Manufacturing,102.222,Gross Value Added
2012.5,Spain,Manufacturing,101.057,Gross Value Added
2012.75,Spain,Manufacturing,99.846,Gross Value Added
2013.0,Spain,Manufacturing,100.616,Gross Value Added
2013.25,Spain,Manufacturing,100.378,Gross Value Added
2013.5,Spain,Manufacturing,100.352,Gross Value Added
2013.75,Spain,Manufacturing,100.306,Gross Value Added
2014.0,Spain,Manufacturing,101.328,Gross Value Added
2014.25,Spain,Manufacturing,101.931,Gross Value Added
2014.5,Spain,Manufacturing,102.584,Gross Value Added
2014.75,Spain,Manufacturing,104.529,Gross Value Added
2015.0,Spain,Manufacturing,105.916,Gross Value Added
2015.25,Spain,Manufacturing,107.646,Gross Value Added
2015.5,Spain,Manufacturing,108.283,Gross Value Added
2015.75,Spain,Manufacturing,109.379,Gross Value Added
2016.0,Spain,Manufacturing,110.744,Gross Value Added
2016.25,Spain,Manufacturing,109.5,Gross Value Added
2016.5,Spain,Manufacturing,108.975,Gross Value Added
2016.75,Spain,Manufacturing,109.18,Gross Value Added
2017.0,Spain,Manufacturing,115.669,Gross Value Added
2017.25,Spain,Manufacturing,116.762,Gross Value Added
2017.5,Spain,Manufacturing,117.881,Gross Value Added
2017.75,Spain,Manufacturing,117.898,Gross Value Added
2018.0,Spain,Manufacturing,116.84,Gross Value Added
2018.25,Spain,Manufacturing,116.21,Gross Value Added
2018.5,Spain,Manufacturing,115.019,Gross Value Added
2018.75,Spain,Manufacturing,114.856,Gross Value Added
2019.0,Spain,Manufacturing,115.802,Gross Value Added
2019.25,Spain,Manufacturing,116.181,Gross Value Added
2019.5,Spain,Manufacturing,116.86,Gross Value Added
2019.75,Spain,Manufacturing,116.971,Gross Value Added
2020.0,Spain,Manufacturing,104.314,Gross Value Added
2020.25,Spain,Manufacturing,79.013,Gross Value Added
2020.5,Spain,Manufacturing,106.174,Gross Value Added
2020.75,Spain,Manufacturing,110.499,Gross Value Added
2021.0,Spain,Manufacturing,111.501,Gross Value Added
2021.25,Spain,Manufacturing,112.643,Gross Value Added
2021.5,Spain,Manufacturing,115.561,Gross Value Added
2021.75,Spain,Manufacturing,115.933,Gross Value Added
2022.0,Spain,Manufacturing,119.021,Gross Value Added
2022.25,Spain,Manufacturing,121.671,Gross Value Added
2022.5,Spain,Manufacturing,122.02,Gross Value Added
2022.75,Spain,Manufacturing,121.697,Gross Value Added
2023.0,Spain,Manufacturing,124.246,Gross Value Added
2023.25,Spain,Manufacturing,122.598,Gross Value Added
2023.5,Spain,Manufacturing,123.28,Gross Value Added
2023.75,Spain,Manufacturing,124.337,Gross Value Added
2024.0,Spain,Manufacturing,126.628,Gross Value Added
2024.25,Spain,Manufacturing,128.397,Gross Value Added
2024.5,Spain,Manufacturing,128.159,Gross Value Added
2024.75,Spain,Manufacturing,128.756,Gross Value Added
2025.0,Spain,Manufacturing,129.82,Gross Value Added
2025.25,Spain,Manufacturing,131.279,Gross Value Added
2012.0,European Union,Manufacturing,91.721,Gross Value Added
2012.25,European Union,Manufacturing,91.462,Gross Value Added
2012.5,European Union,Manufacturing,91.75,Gross Value Added
2012.75,European Union,Manufacturing,90.248,Gross Value Added
2013.0,European Union,Manufacturing,89.614,Gross Value Added
2013.25,European Union,Manufacturing,90.638,Gross Value Added
2013.5,European Union,Manufacturing,91.152,Gross Value Added
2013.75,European Union,Manufacturing,92.05,Gross Value Added
2014.0,European Union,Manufacturing,93.632,Gross Value Added
2014.25,European Union,Manufacturing,93.988,Gross Value Added
2014.5,European Union,Manufacturing,94.274,Gross Value Added
2014.75,European Union,Manufacturing,94.99,Gross Value Added
2015.0,European Union,Manufacturing,96.777,Gross Value Added
2015.25,European Union,Manufacturing,97.955,Gross Value Added
2015.5,European Union,Manufacturing,98.035,Gross Value Added
2015.75,European Union,Manufacturing,98.67,Gross Value Added
2016.0,European Union,Manufacturing,99.642,Gross Value Added
2016.25,European Union,Manufacturing,99.589,Gross Value Added
2016.5,European Union,Manufacturing,99.769,Gross Value Added
2016.75,European Union,Manufacturing,101.804,Gross Value Added
2017.0,European Union,Manufacturing,102.598,Gross Value Added
2017.25,European Union,Manufacturing,103.811,Gross Value Added
2017.5,European Union,Manufacturing,105.512,Gross Value Added
2017.75,European Union,Manufacturing,107.001,Gross Value Added
2018.0,European Union,Manufacturing,106.553,Gross Value Added
2018.25,European Union,Manufacturing,107.211,Gross Value Added
2018.5,European Union,Manufacturing,107.131,Gross Value Added
2018.75,European Union,Manufacturing,107.142,Gross Value Added
2019.0,European Union,Manufacturing,107.521,Gross Value Added
2019.25,European Union,Manufacturing,108.102,Gross Value Added
2019.5,European Union,Manufacturing,108.198,Gross Value Added
2019.75,European Union,Manufacturing,107.48,Gross Value Added
2020.0,European Union,Manufacturing,103.848,Gross Value Added
2020.25,European Union,Manufacturing,86.655,Gross Value Added
2020.5,European Union,Manufacturing,102.88,Gross Value Added
2020.75,European Union,Manufacturing,106.616,Gross Value Added
2021.0,European Union,Manufacturing,109.109,Gross Value Added
2021.25,European Union,Manufacturing,109.362,Gross Value Added
2021.5,European Union,Manufacturing,109.858,Gross Value Added
2021.75,European Union,Manufacturing,110.766,Gross Value Added
2022.0,European Union,Manufacturing,112.976,Gross Value Added
2022.25,European Union,Manufacturing,113.477,Gross Value Added
2022.5,European Union,Manufacturing,114.469,Gross Value Added
2022.75,European Union,Manufacturing,114.575,Gross Value Added
2023.0,European Union,Manufacturing,113.788,Gross Value Added
2023.25,European Union,Manufacturing,113.449,Gross Value Added
2023.5,European Union,Manufacturing,112.348,Gross Value Added
2023.75,European Union,Manufacturing,112.111,Gross Value Added
2024.0,European Union,Manufacturing,111.547,Gross Value Added
2024.25,European Union,Manufacturing,112.371,Gross Value Added
2024.5,European Union,Manufacturing,112.466,Gross Value Added
2024.75,European Union,Manufacturing,113.053,Gross Value Added
2025.0,European Union,Manufacturing,114.866,Gross Value Added
2012.0,Finland,Manufacturing,93.524,Gross Value Added
2012.25,Finland,Manufacturing,91.81,Gross Value Added
2012.5,Finland,Manufacturing,90.132,Gross Value Added
2012.75,Finland,Manufacturing,89.803,Gross Value Added
2013.0,Finland,Manufacturing,88.841,Gross Value Added
2013.25,Finland,Manufacturing,90.989,Gross Value Added
2013.5,Finland,Manufacturing,93.489,Gross Value Added
2013.75,Finland,Manufacturing,94.827,Gross Value Added
2014.0,Finland,Manufacturing,89.345,Gross Value Added
2014.25,Finland,Manufacturing,91.012,Gross Value Added
2014.5,Finland,Manufacturing,91.939,Gross Value Added
2014.75,Finland,Manufacturing,92.468,Gross Value Added
2015.0,Finland,Manufacturing,89.697,Gross Value Added
2015.25,Finland,Manufacturing,92.538,Gross Value Added
2015.5,Finland,Manufacturing,91.423,Gross Value Added
2015.75,Finland,Manufacturing,92.491,Gross Value Added
2016.0,Finland,Manufacturing,92.491,Gross Value Added
2016.25,Finland,Manufacturing,94.169,Gross Value Added
2016.5,Finland,Manufacturing,97.198,Gross Value Added
2016.75,Finland,Manufacturing,99.944,Gross Value Added
2017.0,Finland,Manufacturing,101.822,Gross Value Added
2017.25,Finland,Manufacturing,104.076,Gross Value Added
2017.5,Finland,Manufacturing,103.207,Gross Value Added
2017.75,Finland,Manufacturing,103.242,Gross Value Added
2018.0,Finland,Manufacturing,101.775,Gross Value Added
2018.25,Finland,Manufacturing,99.263,Gross Value Added
2018.5,Finland,Manufacturing,97.597,Gross Value Added
2018.75,Finland,Manufacturing,96.904,Gross Value Added
2019.0,Finland,Manufacturing,100.261,Gross Value Added
2019.25,Finland,Manufacturing,102.867,Gross Value Added
2019.5,Finland,Manufacturing,103.865,Gross Value Added
2019.75,Finland,Manufacturing,104.428,Gross Value Added
2020.0,Finland,Manufacturing,100.531,Gross Value Added
2020.25,Finland,Manufacturing,98.055,Gross Value Added
2020.5,Finland,Manufacturing,100.379,Gross Value Added
2020.75,Finland,Manufacturing,101.036,Gross Value Added
2021.0,Finland,Manufacturing,97.667,Gross Value Added
2021.25,Finland,Manufacturing,99.334,Gross Value Added
2021.5,Finland,Manufacturing,98.947,Gross Value Added
2021.75,Finland,Manufacturing,101.13,Gross Value Added
2022.0,Finland,Manufacturing,95.367,Gross Value Added
2022.25,Finland,Manufacturing,94.815,Gross Value Added
2022.5,Finland,Manufacturing,91.517,Gross Value Added
2022.75,Finland,Manufacturing,89.92,Gross Value Added
2023.0,Finland,Manufacturing,94.733,Gross Value Added
2023.25,Finland,Manufacturing,92.855,Gross Value Added
2023.5,Finland,Manufacturing,90.413,Gross Value Added
2023.75,Finland,Manufacturing,88.97,Gross Value Added
2024.0,Finland,Manufacturing,90.859,Gross Value Added
2024.25,Finland,Manufacturing,92.55,Gross Value Added
2024.5,Finland,Manufacturing,96.153,Gross Value Added
2024.75,Finland,Manufacturing,97.878,Gross Value Added
2025.0,Finland,Manufacturing,97.749,Gross Value Added
2012.0,France,Manufacturing,101.533,Gross Value Added
2012.25,France,Manufacturing,100.679,Gross Value Added
2012.5,France,Manufacturing,102.351,Gross Value Added
2012.75,France,Manufacturing,100.198,Gross Value Added
2013.0,France,Manufacturing,100.758,Gross Value Added
2013.25,France,Manufacturing,102.459,Gross Value Added
2013.5,France,Manufacturing,101.362,Gross Value Added
2013.75,France,Manufacturing,102.421,Gross Value Added
2014.0,France,Manufacturing,103.153,Gross Value Added
2014.25,France,Manufacturing,102.831,Gross Value Added
2014.5,France,Manufacturing,103.969,Gross Value Added
2014.75,France,Manufacturing,102.755,Gross Value Added
2015.0,France,Manufacturing,103.148,Gross Value Added
2015.25,France,Manufacturing,103.31,Gross Value Added
2015.5,France,Manufacturing,103.477,Gross Value Added
2015.75,France,Manufacturing,103.504,Gross Value Added
2016.0,France,Manufacturing,103.653,Gross Value Added
2016.25,France,Manufacturing,103.505,Gross Value Added
2016.5,France,Manufacturing,103.456,Gross Value Added
2016.75,France,Manufacturing,104.024,Gross Value Added
2017.0,France,Manufacturing,104.022,Gross Value Added
2017.25,France,Manufacturing,105.612,Gross Value Added
2017.5,France,Manufacturing,106.419,Gross Value Added
2017.75,France,Manufacturing,108.433,Gross Value Added
2018.0,France,Manufacturing,106.426,Gross Value Added
2018.25,France,Manufacturing,107.907,Gross Value Added
2018.5,France,Manufacturing,108.708,Gross Value Added
2018.75,France,Manufacturing,108.748,Gross Value Added
2019.0,France,Manufacturing,109.867,Gross Value Added
2019.25,France,Manufacturing,110.584,Gross Value Added
2019.5,France,Manufacturing,110.203,Gross Value Added
2019.75,France,Manufacturing,110.069,Gross Value Added
2020.0,France,Manufacturing,103.945,Gross Value Added
2020.25,France,Manufacturing,84.655,Gross Value Added
2020.5,France,Manufacturing,103.588,Gross Value Added
2020.75,France,Manufacturing,107.813,Gross Value Added
2021.0,France,Manufacturing,108.962,Gross Value Added
2021.25,France,Manufacturing,109.366,Gross Value Added
2021.5,France,Manufacturing,108.658,Gross Value Added
2021.75,France,Manufacturing,106.826,Gross Value Added
2022.0,France,Manufacturing,105.647,Gross Value Added
2022.25,France,Manufacturing,104.049,Gross Value Added
2022.5,France,Manufacturing,104.025,Gross Value Added
2022.75,France,Manufacturing,104.577,Gross Value Added
2023.0,France,Manufacturing,105.58,Gross Value Added
2023.25,France,Manufacturing,107.863,Gross Value Added
2023.5,France,Manufacturing,108.266,Gross Value Added
2023.75,France,Manufacturing,109.823,Gross Value Added
2024.0,France,Manufacturing,110.542,Gross Value Added
2024.25,France,Manufacturing,110.262,Gross Value Added
2024.5,France,Manufacturing,110.417,Gross Value Added
2024.75,France,Manufacturing,109.726,Gross Value Added
2025.0,France,Manufacturing,110.507,Gross Value Added
2025.25,France,Manufacturing,110.707,Gross Value Added
2012.0,Ireland,Manufacturing,36.575,Gross Value Added
2012.25,Ireland,Manufacturing,36.545,Gross Value Added
2012.5,Ireland,Manufacturing,36.141,Gross Value Added
2012.75,Ireland,Manufacturing,33.253,Gross Value Added
2013.0,Ireland,Manufacturing,32.866,Gross Value Added
2013.25,Ireland,Manufacturing,33.813,Gross Value Added
2013.5,Ireland,Manufacturing,34.29,Gross Value Added
2013.75,Ireland,Manufacturing,32.615,Gross Value Added
2014.0,Ireland,Manufacturing,34.971,Gross Value Added
2014.25,Ireland,Manufacturing,41.106,Gross Value Added
2014.5,Ireland,Manufacturing,37.877,Gross Value Added
2014.75,Ireland,Manufacturing,37.108,Gross Value Added
2015.0,Ireland,Manufacturing,73.377,Gross Value Added
2015.25,Ireland,Manufacturing,65.036,Gross Value Added
2015.5,Ireland,Manufacturing,68.12,Gross Value Added
2015.75,Ireland,Manufacturing,74.465,Gross Value Added
2016.0,Ireland,Manufacturing,67.261,Gross Value Added
2016.25,Ireland,Manufacturing,65.415,Gross Value Added
2016.5,Ireland,Manufacturing,58.098,Gross Value Added
2016.75,Ireland,Manufacturing,75.891,Gross Value Added
2017.0,Ireland,Manufacturing,69.077,Gross Value Added
2017.25,Ireland,Manufacturing,65.976,Gross Value Added
2017.5,Ireland,Manufacturing,69.553,Gross Value Added
2017.75,Ireland,Manufacturing,76.605,Gross Value Added
2018.0,Ireland,Manufacturing,76.629,Gross Value Added
2018.25,Ireland,Manufacturing,80.185,Gross Value Added
2018.5,Ireland,Manufacturing,80.796,Gross Value Added
2018.75,Ireland,Manufacturing,78.027,Gross Value Added
2019.0,Ireland,Manufacturing,72.004,Gross Value Added
2019.25,Ireland,Manufacturing,81.041,Gross Value Added
2019.5,Ireland,Manufacturing,84.357,Gross Value Added
2019.75,Ireland,Manufacturing,83.278,Gross Value Added
2020.0,Ireland,Manufacturing,91.866,Gross Value Added
2020.25,Ireland,Manufacturing,99.125,Gross Value Added
2020.5,Ireland,Manufacturing,99.168,Gross Value Added
2020.75,Ireland,Manufacturing,109.842,Gross Value Added
2021.0,Ireland,Manufacturing,120.995,Gross Value Added
2021.25,Ireland,Manufacturing,121.785,Gross Value Added
2021.5,Ireland,Manufacturing,127.731,Gross Value Added
2021.75,Ireland,Manufacturing,119.514,Gross Value Added
2022.0,Ireland,Manufacturing,139.131,Gross Value Added
2022.25,Ireland,Manufacturing,135.222,Gross Value Added
2022.5,Ireland,Manufacturing,142.55,Gross Value Added
2022.75,Ireland,Manufacturing,143.559,Gross Value Added
2023.0,Ireland,Manufacturing,119.761,Gross Value Added
2023.25,Ireland,Manufacturing,120.377,Gross Value Added
2023.5,Ireland,Manufacturing,107.19,Gross Value Added
2023.75,Ireland,Manufacturing,101.992,Gross Value Added
2024.0,Ireland,Manufacturing,94.399,Gross Value Added
2024.25,Ireland,Manufacturing,105.479,Gross Value Added
2024.5,Ireland,Manufacturing,119.244,Gross Value Added
2024.75,Ireland,Manufacturing,122.337,Gross Value Added
2025.0,Ireland,Manufacturing,144.686,Gross Value Added
2012.0,Italy,Manufacturing,108.849,Gross Value Added
2012.25,Italy,Manufacturing,108.014,Gross Value Added
2012.5,Italy,Manufacturing,107.605,Gross Value Added
2012.75,Italy,Manufacturing,106.018,Gross Value Added
2013.0,Italy,Manufacturing,104.688,Gross Value Added
2013.25,Italy,Manufacturing,105.666,Gross Value Added
2013.5,Italy,Manufacturing,107.398,Gross Value Added
2013.75,Italy,Manufacturing,108.356,Gross Value Added
2014.0,Italy,Manufacturing,106.675,Gross Value Added
2014.25,Italy,Manufacturing,106.391,Gross Value Added
2014.5,Italy,Manufacturing,106.029,Gross Value Added
2014.75,Italy,Manufacturing,107.801,Gross Value Added
2015.0,Italy,Manufacturing,108.298,Gross Value Added
2015.25,Italy,Manufacturing,109.476,Gross Value Added
2015.5,Italy,Manufacturing,107.728,Gross Value Added
2015.75,Italy,Manufacturing,108.893,Gross Value Added
2016.0,Italy,Manufacturing,110.45,Gross Value Added
2016.25,Italy,Manufacturing,110.058,Gross Value Added
2016.5,Italy,Manufacturing,111.809,Gross Value Added
2016.75,Italy,Manufacturing,113.453,Gross Value Added
2017.0,Italy,Manufacturing,113.552,Gross Value Added
2017.25,Italy,Manufacturing,115.163,Gross Value Added
2017.5,Italy,Manufacturing,116.764,Gross Value Added
2017.75,Italy,Manufacturing,118.614,Gross Value Added
2018.0,Italy,Manufacturing,115.929,Gross Value Added
2018.25,Italy,Manufacturing,116.979,Gross Value Added
2018.5,Italy,Manufacturing,116.658,Gross Value Added
2018.75,Italy,Manufacturing,115.836,Gross Value Added
2019.0,Italy,Manufacturing,116.992,Gross Value Added
2019.25,Italy,Manufacturing,116.88,Gross Value Added
2019.5,Italy,Manufacturing,116.318,Gross Value Added
2019.75,Italy,Manufacturing,115.612,Gross Value Added
2020.0,Italy,Manufacturing,104.877,Gross Value Added
2020.25,Italy,Manufacturing,77.639,Gross Value Added
2020.5,Italy,Manufacturing,108.606,Gross Value Added
2020.75,Italy,Manufacturing,108.877,Gross Value Added
2021.0,Italy,Manufacturing,113.103,Gross Value Added
2021.25,Italy,Manufacturing,114.547,Gross Value Added
2021.5,Italy,Manufacturing,115.362,Gross Value Added
2021.75,Italy,Manufacturing,116.38,Gross Value Added
2022.0,Italy,Manufacturing,117.808,Gross Value Added
2022.25,Italy,Manufacturing,119.708,Gross Value Added
2022.5,Italy,Manufacturing,119.192,Gross Value Added
2022.75,Italy,Manufacturing,118.076,Gross Value Added
2023.0,Italy,Manufacturing,117.445,Gross Value Added
2023.25,Italy,Manufacturing,117.287,Gross Value Added
2023.5,Italy,Manufacturing,117.457,Gross Value Added
2023.75,Italy,Manufacturing,118.977,Gross Value Added
2024.0,Italy,Manufacturing,116.94,Gross Value Added
2024.25,Italy,Manufacturing,116.044,Gross Value Added
2024.5,Italy,Manufacturing,114.831,Gross Value Added
2024.75,Italy,Manufacturing,115.423,Gross Value Added
2025.0,Italy,Manufacturing,116.748,Gross Value Added
2012.0,Netherlands,Manufacturing,85.244,Gross Value Added
2012.25,Netherlands,Manufacturing,84.809,Gross Value Added
2012.5,Netherlands,Manufacturing,84.086,Gross Value Added
2012.75,Netherlands,Manufacturing,83.728,Gross Value Added
2013.0,Netherlands,Manufacturing,81.67,Gross Value Added
2013.25,Netherlands,Manufacturing,83.021,Gross Value Added
2013.5,Netherlands,Manufacturing,84.682,Gross Value Added
2013.75,Netherlands,Manufacturing,85.655,Gross Value Added
2014.0,Netherlands,Manufacturing,84.608,Gross Value Added
2014.25,Netherlands,Manufacturing,86.059,Gross Value Added
2014.5,Netherlands,Manufacturing,87.02,Gross Value Added
2014.75,Netherlands,Manufacturing,85.541,Gross Value Added
2015.0,Netherlands,Manufacturing,86.286,Gross Value Added
2015.25,Netherlands,Manufacturing,86.637,Gross Value Added
2015.5,Netherlands,Manufacturing,87.146,Gross Value Added
2015.75,Netherlands,Manufacturing,88.979,Gross Value Added
2016.0,Netherlands,Manufacturing,88.089,Gross Value Added
2016.25,Netherlands,Manufacturing,88.162,Gross Value Added
2016.5,Netherlands,Manufacturing,89.481,Gross Value Added
2016.75,Netherlands,Manufacturing,91.398,Gross Value Added
2017.0,Netherlands,Manufacturing,93.662,Gross Value Added
2017.25,Netherlands,Manufacturing,95.17,Gross Value Added
2017.5,Netherlands,Manufacturing,96.146,Gross Value Added
2017.75,Netherlands,Manufacturing,97.982,Gross Value Added
2018.0,Netherlands,Manufacturing,99.718,Gross Value Added
2018.25,Netherlands,Manufacturing,100.198,Gross Value Added
2018.5,Netherlands,Manufacturing,101.707,Gross Value Added
2018.75,Netherlands,Manufacturing,100.763,Gross Value Added
2019.0,Netherlands,Manufacturing,100.758,Gross Value Added
2019.25,Netherlands,Manufacturing,100.383,Gross Value Added
2019.5,Netherlands,Manufacturing,102.657,Gross Value Added
2019.75,Netherlands,Manufacturing,102.952,Gross Value Added
2020.0,Netherlands,Manufacturing,101.82,Gross Value Added
2020.25,Netherlands,Manufacturing,92.055,Gross Value Added
2020.5,Netherlands,Manufacturing,101.704,Gross Value Added
2020.75,Netherlands,Manufacturing,104.421,Gross Value Added
2021.0,Netherlands,Manufacturing,106.901,Gross Value Added
2021.25,Netherlands,Manufacturing,110.726,Gross Value Added
2021.5,Netherlands,Manufacturing,113.02,Gross Value Added
2021.75,Netherlands,Manufacturing,115.569,Gross Value Added
2022.0,Netherlands,Manufacturing,116.861,Gross Value Added
2022.25,Netherlands,Manufacturing,117.443,Gross Value Added
2022.5,Netherlands,Manufacturing,116.777,Gross Value Added
2022.75,Netherlands,Manufacturing,116.187,Gross Value Added
2023.0,Netherlands,Manufacturing,116.37,Gross Value Added
2023.25,Netherlands,Manufacturing,114.863,Gross Value Added
2023.5,Netherlands,Manufacturing,111.607,Gross Value Added
2023.75,Netherlands,Manufacturing,112.433,Gross Value Added
2024.0,Netherlands,Manufacturing,109.054,Gross Value Added
2024.25,Netherlands,Manufacturing,113.262,Gross Value Added
2024.5,Netherlands,Manufacturing,114.843,Gross Value Added
2024.75,Netherlands,Manufacturing,116.283,Gross Value Added
2025.0,Netherlands,Manufacturing,115.354,Gross Value Added
2025.25,Netherlands,Manufacturing,116.791,Gross Value Added
2012.0,Norway,Manufacturing,104.67,Gross Value Added
2012.25,Norway,Manufacturing,102.83,Gross Value Added
2012.5,Norway,Manufacturing,104.326,Gross Value Added
2012.75,Norway,Manufacturing,105.203,Gross Value Added
2013.0,Norway,Manufacturing,105.525,Gross Value Added
2013.25,Norway,Manufacturing,107.074,Gross Value Added
2013.5,Norway,Manufacturing,109.209,Gross Value Added
2013.75,Norway,Manufacturing,108.02,Gross Value Added
2014.0,Norway,Manufacturing,108.56,Gross Value Added
2014.25,Norway,Manufacturing,110.525,Gross Value Added
2014.5,Norway,Manufacturing,112.05,Gross Value Added
2014.75,Norway,Manufacturing,111.202,Gross Value Added
2015.0,Norway,Manufacturing,108.334,Gross Value Added
2015.25,Norway,Manufacturing,106.747,Gross Value Added
2015.5,Norway,Manufacturing,104.531,Gross Value Added
2015.75,Norway,Manufacturing,102.923,Gross Value Added
2016.0,Norway,Manufacturing,103.201,Gross Value Added
2016.25,Norway,Manufacturing,101.359,Gross Value Added
2016.5,Norway,Manufacturing,101.099,Gross Value Added
2016.75,Norway,Manufacturing,101.495,Gross Value Added
2017.0,Norway,Manufacturing,102.036,Gross Value Added
2017.25,Norway,Manufacturing,101.719,Gross Value Added
2017.5,Norway,Manufacturing,101.629,Gross Value Added
2017.75,Norway,Manufacturing,103.337,Gross Value Added
2018.0,Norway,Manufacturing,103.009,Gross Value Added
2018.25,Norway,Manufacturing,104.402,Gross Value Added
2018.5,Norway,Manufacturing,105.302,Gross Value Added
2018.75,Norway,Manufacturing,106.479,Gross Value Added
2019.0,Norway,Manufacturing,105.919,Gross Value Added
2019.25,Norway,Manufacturing,107.128,Gross Value Added
2019.5,Norway,Manufacturing,106.853,Gross Value Added
2019.75,Norway,Manufacturing,106.894,Gross Value Added
2020.0,Norway,Manufacturing,101.902,Gross Value Added
2020.25,Norway,Manufacturing,96.641,Gross Value Added
2020.5,Norway,Manufacturing,98.76,Gross Value Added
2020.75,Norway,Manufacturing,102.697,Gross Value Added
2021.0,Norway,Manufacturing,106.733,Gross Value Added
2021.25,Norway,Manufacturing,105.499,Gross Value Added
2021.5,Norway,Manufacturing,106.62,Gross Value Added
2021.75,Norway,Manufacturing,105.712,Gross Value Added
2022.0,Norway,Manufacturing,107.778,Gross Value Added
2022.25,Norway,Manufacturing,105.641,Gross Value Added
2022.5,Norway,Manufacturing,107.32,Gross Value Added
2022.75,Norway,Manufacturing,107.254,Gross Value Added
2023.0,Norway,Manufacturing,107.013,Gross Value Added
2023.25,Norway,Manufacturing,107.449,Gross Value Added
2023.5,Norway,Manufacturing,106.861,Gross Value Added
2023.75,Norway,Manufacturing,107.589,Gross Value Added
2024.0,Norway,Manufacturing,108.161,Gross Value Added
2024.25,Norway,Manufacturing,108.456,Gross Value Added
2024.5,Norway,Manufacturing,111.055,Gross Value Added
2024.75,Norway,Manufacturing,110.583,Gross Value Added
2025.0,Norway,Manufacturing,112.056,Gross Value Added
2012.0,Poland,Manufacturing,77.5,Gross Value Added
2012.25,Poland,Manufacturing,75.102,Gross Value Added
2012.5,Poland,Manufacturing,78.059,Gross Value Added
2012.75,Poland,Manufacturing,79.697,Gross Value Added
2013.0,Poland,Manufacturing,70.455,Gross Value Added
2013.25,Poland,Manufacturing,74.588,Gross Value Added
2013.5,Poland,Manufacturing,77.066,Gross Value Added
2013.75,Poland,Manufacturing,76.925,Gross Value Added
2014.0,Poland,Manufacturing,81.251,Gross Value Added
2014.25,Poland,Manufacturing,83.527,Gross Value Added
2014.5,Poland,Manufacturing,81.827,Gross Value Added
2014.75,Poland,Manufacturing,85.738,Gross Value Added
2015.0,Poland,Manufacturing,86.822,Gross Value Added
2015.25,Poland,Manufacturing,86.831,Gross Value Added
2015.5,Poland,Manufacturing,90.788,Gross Value Added
2015.75,Poland,Manufacturing,91.192,Gross Value Added
2016.0,Poland,Manufacturing,90.859,Gross Value Added
2016.25,Poland,Manufacturing,95.072,Gross Value Added
2016.5,Poland,Manufacturing,94.054,Gross Value Added
2016.75,Poland,Manufacturing,95.546,Gross Value Added
2017.0,Poland,Manufacturing,95.789,Gross Value Added
2017.25,Poland,Manufacturing,94.506,Gross Value Added
2017.5,Poland,Manufacturing,96.132,Gross Value Added
2017.75,Poland,Manufacturing,96.544,Gross Value Added
2018.0,Poland,Manufacturing,98.62,Gross Value Added
2018.25,Poland,Manufacturing,100.67,Gross Value Added
2018.5,Poland,Manufacturing,101.212,Gross Value Added
2018.75,Poland,Manufacturing,102.885,Gross Value Added
2019.0,Poland,Manufacturing,106.698,Gross Value Added
2019.25,Poland,Manufacturing,107.051,Gross Value Added
2019.5,Poland,Manufacturing,107.923,Gross Value Added
2019.75,Poland,Manufacturing,105.702,Gross Value Added
2020.0,Poland,Manufacturing,104.854,Gross Value Added
2020.25,Poland,Manufacturing,87.154,Gross Value Added
2020.5,Poland,Manufacturing,103.425,Gross Value Added
2020.75,Poland,Manufacturing,104.567,Gross Value Added
2021.0,Poland,Manufacturing,98.577,Gross Value Added
2021.25,Poland,Manufacturing,99.207,Gross Value Added
2021.5,Poland,Manufacturing,99.956,Gross Value Added
2021.75,Poland,Manufacturing,103.627,Gross Value Added
2022.0,Poland,Manufacturing,110.749,Gross Value Added
2022.25,Poland,Manufacturing,111.918,Gross Value Added
2022.5,Poland,Manufacturing,114.904,Gross Value Added
2022.75,Poland,Manufacturing,111.62,Gross Value Added
2023.0,Poland,Manufacturing,116.75,Gross Value Added
2023.25,Poland,Manufacturing,113.33,Gross Value Added
2023.5,Poland,Manufacturing,117.678,Gross Value Added
2023.75,Poland,Manufacturing,119.942,Gross Value Added
2024.0,Poland,Manufacturing,115.985,Gross Value Added
2024.25,Poland,Manufacturing,120.893,Gross Value Added
2024.5,Poland,Manufacturing,117.192,Gross Value Added
2024.75,Poland,Manufacturing,119.067,Gross Value Added
2025.0,Poland,Manufacturing,118.25,Gross Value Added
2012.0,Romania,Manufacturing,81.997,Gross Value Added
2012.25,Romania,Manufacturing,83.735,Gross Value Added
2012.5,Romania,Manufacturing,82.948,Gross Value Added
2012.75,Romania,Manufacturing,84.048,Gross Value Added
2013.0,Romania,Manufacturing,79.591,Gross Value Added
2013.25,Romania,Manufacturing,83.176,Gross Value Added
2013.5,Romania,Manufacturing,82.817,Gross Value Added
2013.75,Romania,Manufacturing,85.451,Gross Value Added
2014.0,Romania,Manufacturing,91.653,Gross Value Added
2014.25,Romania,Manufacturing,90.223,Gross Value Added
2014.5,Romania,Manufacturing,91.627,Gross Value Added
2014.75,Romania,Manufacturing,91.507,Gross Value Added
2015.0,Romania,Manufacturing,95.396,Gross Value Added
2015.25,Romania,Manufacturing,98.168,Gross Value Added
2015.5,Romania,Manufacturing,96.577,Gross Value Added
2015.75,Romania,Manufacturing,93.043,Gross Value Added
2016.0,Romania,Manufacturing,94.015,Gross Value Added
2016.25,Romania,Manufacturing,97.786,Gross Value Added
2016.5,Romania,Manufacturing,99.228,Gross Value Added
2016.75,Romania,Manufacturing,97.478,Gross Value Added
2017.0,Romania,Manufacturing,101.227,Gross Value Added
2017.25,Romania,Manufacturing,106.225,Gross Value Added
2017.5,Romania,Manufacturing,106.494,Gross Value Added
2017.75,Romania,Manufacturing,106.39,Gross Value Added
2018.0,Romania,Manufacturing,109.438,Gross Value Added
2018.25,Romania,Manufacturing,111.571,Gross Value Added
2018.5,Romania,Manufacturing,112.121,Gross Value Added
2018.75,Romania,Manufacturing,112.219,Gross Value Added
2019.0,Romania,Manufacturing,109.192,Gross Value Added
2019.25,Romania,Manufacturing,112.337,Gross Value Added
2019.5,Romania,Manufacturing,109.125,Gross Value Added
2019.75,Romania,Manufacturing,108.062,Gross Value Added
2020.0,Romania,Manufacturing,103.069,Gross Value Added
2020.25,Romania,Manufacturing,85.47,Gross Value Added
2020.5,Romania,Manufacturing,105.941,Gross Value Added
2020.75,Romania,Manufacturing,105.52,Gross Value Added
2021.0,Romania,Manufacturing,111.536,Gross Value Added
2021.25,Romania,Manufacturing,97.804,Gross Value Added
2021.5,Romania,Manufacturing,108.615,Gross Value Added
2021.75,Romania,Manufacturing,106.217,Gross Value Added
2022.0,Romania,Manufacturing,95.069,Gross Value Added
2022.25,Romania,Manufacturing,93.364,Gross Value Added
2022.5,Romania,Manufacturing,97.359,Gross Value Added
2022.75,Romania,Manufacturing,100.96,Gross Value Added
2023.0,Romania,Manufacturing,91.747,Gross Value Added
2023.25,Romania,Manufacturing,95.202,Gross Value Added
2023.5,Romania,Manufacturing,95.777,Gross Value Added
2023.75,Romania,Manufacturing,97.559,Gross Value Added
2024.0,Romania,Manufacturing,105.613,Gross Value Added
2024.25,Romania,Manufacturing,101.521,Gross Value Added
2024.5,Romania,Manufacturing,86.707,Gross Value Added
2024.75,Romania,Manufacturing,89.971,Gross Value Added
2025.0,Romania,Manufacturing,93.571,Gross Value Added
2012.0,Germany,Construction,101.103,Gross Value Added
2012.25,Germany,Construction,100.661,Gross Value Added
2012.5,Germany,Construction,99.565,Gross Value Added
2012.75,Germany,Construction,98.018,Gross Value Added
2013.0,Germany,Construction,96.232,Gross Value Added
2013.25,Germany,Construction,98.613,Gross Value Added
2013.5,Germany,Construction,100.191,Gross Value Added
2013.75,Germany,Construction,101.166,Gross Value Added
2014.0,Germany,Construction,102.59,Gross Value Added
2014.25,Germany,Construction,100.078,Gross Value Added
2014.5,Germany,Construction,99.716,Gross Value Added
2014.75,Germany,Construction,99.495,Gross Value Added
2015.0,Germany,Construction,97.933,Gross Value Added
2015.25,Germany,Construction,96.857,Gross Value Added
2015.5,Germany,Construction,96.526,Gross Value Added
2015.75,Germany,Construction,97.36,Gross Value Added
2016.0,Germany,Construction,99.136,Gross Value Added
2016.25,Germany,Construction,99.005,Gross Value Added
2016.5,Germany,Construction,98.603,Gross Value Added
2016.75,Germany,Construction,97.88,Gross Value Added
2017.0,Germany,Construction,99.47,Gross Value Added
2017.25,Germany,Construction,100.837,Gross Value Added
2017.5,Germany,Construction,100.515,Gross Value Added
2017.75,Germany,Construction,101.731,Gross Value Added
2018.0,Germany,Construction,101.216,Gross Value Added
2018.25,Germany,Construction,102.934,Gross Value Added
2018.5,Germany,Construction,103.085,Gross Value Added
2018.75,Germany,Construction,104.763,Gross Value Added
2019.0,Germany,Construction,100.033,Gross Value Added
2019.25,Germany,Construction,98.857,Gross Value Added
2019.5,Germany,Construction,99.651,Gross Value Added
2019.75,Germany,Construction,99.169,Gross Value Added
2020.0,Germany,Construction,101.605,Gross Value Added
2020.25,Germany,Construction,97.626,Gross Value Added
2020.5,Germany,Construction,96.26,Gross Value Added
2020.75,Germany,Construction,104.509,Gross Value Added
2021.0,Germany,Construction,94.283,Gross Value Added
2021.25,Germany,Construction,98.684,Gross Value Added
2021.5,Germany,Construction,96.604,Gross Value Added
2021.75,Germany,Construction,96.483,Gross Value Added
2022.0,Germany,Construction,89.54,Gross Value Added
2022.25,Germany,Construction,86.766,Gross Value Added
2022.5,Germany,Construction,84.164,Gross Value Added
2022.75,Germany,Construction,83.129,Gross Value Added
2023.0,Germany,Construction,84.043,Gross Value Added
2023.25,Germany,Construction,82.988,Gross Value Added
2023.5,Germany,Construction,82.235,Gross Value Added
2023.75,Germany,Construction,81.039,Gross Value Added
2024.0,Germany,Construction,81.82,Gross Value Added
2024.25,Germany,Construction,80.182,Gross Value Added
2024.5,Germany,Construction,78.534,Gross Value Added
2024.75,Germany,Construction,77.479,Gross Value Added
2025.0,Germany,Construction,78.504,Gross Value Added
2025.25,Germany,Construction,75.57,Gross Value Added
2012.0,Denmark,Construction,81.258,Gross Value Added
2012.25,Denmark,Construction,81.3,Gross Value Added
2012.5,Denmark,Construction,80.921,Gross Value Added
2012.75,Denmark,Construction,80.289,Gross Value Added
2013.0,Denmark,Construction,80.626,Gross Value Added
2013.25,Denmark,Construction,81.871,Gross Value Added
2013.5,Denmark,Construction,83.715,Gross Value Added
2013.75,Denmark,Construction,83.444,Gross Value Added
2014.0,Denmark,Construction,84.338,Gross Value Added
2014.25,Denmark,Construction,83.199,Gross Value Added
2014.5,Denmark,Construction,85.384,Gross Value Added
2014.75,Denmark,Construction,86.985,Gross Value Added
2015.0,Denmark,Construction,88.649,Gross Value Added
2015.25,Denmark,Construction,94.423,Gross Value Added
2015.5,Denmark,Construction,93.527,Gross Value Added
2015.75,Denmark,Construction,98.061,Gross Value Added
2016.0,Denmark,Construction,99.927,Gross Value Added
2016.25,Denmark,Construction,102.726,Gross Value Added
2016.5,Denmark,Construction,101.721,Gross Value Added
2016.75,Denmark,Construction,101.404,Gross Value Added
2017.0,Denmark,Construction,103.129,Gross Value Added
2017.25,Denmark,Construction,105.757,Gross Value Added
2017.5,Denmark,Construction,106.731,Gross Value Added
2017.75,Denmark,Construction,107.403,Gross Value Added
2018.0,Denmark,Construction,103.724,Gross Value Added
2018.25,Denmark,Construction,99.666,Gross Value Added
2018.5,Denmark,Construction,102.553,Gross Value Added
2018.75,Denmark,Construction,103.961,Gross Value Added
2019.0,Denmark,Construction,102.98,Gross Value Added
2019.25,Denmark,Construction,101.47,Gross Value Added
2019.5,Denmark,Construction,97.532,Gross Value Added
2019.75,Denmark,Construction,94.351,Gross Value Added
2020.0,Denmark,Construction,95.364,Gross Value Added
2020.25,Denmark,Construction,98.042,Gross Value Added
2020.5,Denmark,Construction,101.413,Gross Value Added
2020.75,Denmark,Construction,105.182,Gross Value Added
2021.0,Denmark,Construction,102.608,Gross Value Added
2021.25,Denmark,Construction,103.029,Gross Value Added
2021.5,Denmark,Construction,101.372,Gross Value Added
2021.75,Denmark,Construction,104.875,Gross Value Added
2022.0,Denmark,Construction,102.939,Gross Value Added
2022.25,Denmark,Construction,101.942,Gross Value Added
2022.5,Denmark,Construction,99.814,Gross Value Added
2022.75,Denmark,Construction,98.165,Gross Value Added
2023.0,Denmark,Construction,96.795,Gross Value Added
2023.25,Denmark,Construction,92.627,Gross Value Added
2023.5,Denmark,Construction,89.522,Gross Value Added
2023.75,Denmark,Construction,88.678,Gross Value Added
2024.0,Denmark,Construction,85.668,Gross Value Added
2024.25,Denmark,Construction,85.179,Gross Value Added
2024.5,Denmark,Construction,86.196,Gross Value Added
2024.75,Denmark,Construction,82.09,Gross Value Added
2025.0,Denmark,Construction,83.418,Gross Value Added
2025.25,Denmark,Construction,82.587,Gross Value Added
2012.0,Euro Area,Construction,104.912,Gross Value Added
2012.25,Euro Area,Construction,104.096,Gross Value Added
2012.5,Euro Area,Construction,102.776,Gross Value Added
2012.75,Euro Area,Construction,101.372,Gross Value Added
2013.0,Euro Area,Construction,99.245,Gross Value Added
2013.25,Euro Area,Construction,99.942,Gross Value Added
2013.5,Euro Area,Construction,100.515,Gross Value Added
2013.75,Euro Area,Construction,100.396,Gross Value Added
2014.0,Euro Area,Construction,99.192,Gross Value Added
2014.25,Euro Area,Construction,97.838,Gross Value Added
2014.5,Euro Area,Construction,97.881,Gross Value Added
2014.75,Euro Area,Construction,97.969,Gross Value Added
2015.0,Euro Area,Construction,97.864,Gross Value Added
2015.25,Euro Area,Construction,98.061,Gross Value Added
2015.5,Euro Area,Construction,97.863,Gross Value Added
2015.75,Euro Area,Construction,99.026,Gross Value Added
2016.0,Euro Area,Construction,99.236,Gross Value Added
2016.25,Euro Area,Construction,98.93,Gross Value Added
2016.5,Euro Area,Construction,99.641,Gross Value Added
2016.75,Euro Area,Construction,100.165,Gross Value Added
2017.0,Euro Area,Construction,100.88,Gross Value Added
2017.25,Euro Area,Construction,101.759,Gross Value Added
2017.5,Euro Area,Construction,102.362,Gross Value Added
2017.75,Euro Area,Construction,103.163,Gross Value Added
2018.0,Euro Area,Construction,102.61,Gross Value Added
2018.25,Euro Area,Construction,103.75,Gross Value Added
2018.5,Euro Area,Construction,104.349,Gross Value Added
2018.75,Euro Area,Construction,105.985,Gross Value Added
2019.0,Euro Area,Construction,105.77,Gross Value Added
2019.25,Euro Area,Construction,105.187,Gross Value Added
2019.5,Euro Area,Construction,105.856,Gross Value Added
2019.75,Euro Area,Construction,105.32,Gross Value Added
2020.0,Euro Area,Construction,102.896,Gross Value Added
2020.25,Euro Area,Construction,91.029,Gross Value Added
2020.5,Euro Area,Construction,101.459,Gross Value Added
2020.75,Euro Area,Construction,104.616,Gross Value Added
2021.0,Euro Area,Construction,101.826,Gross Value Added
2021.25,Euro Area,Construction,103.882,Gross Value Added
2021.5,Euro Area,Construction,104.092,Gross Value Added
2021.75,Euro Area,Construction,105.059,Gross Value Added
2022.0,Euro Area,Construction,104.492,Gross Value Added
2022.25,Euro Area,Construction,103.686,Gross Value Added
2022.5,Euro Area,Construction,102.869,Gross Value Added
2022.75,Euro Area,Construction,103.047,Gross Value Added
2023.0,Euro Area,Construction,106.361,Gross Value Added
2023.25,Euro Area,Construction,106.151,Gross Value Added
2023.5,Euro Area,Construction,105.725,Gross Value Added
2023.75,Euro Area,Construction,105.499,Gross Value Added
2024.0,Euro Area,Construction,105.221,Gross Value Added
2024.25,Euro Area,Construction,104.416,Gross Value Added
2024.5,Euro Area,Construction,103.966,Gross Value Added
2024.75,Euro Area,Construction,104.571,Gross Value Added
2025.0,Euro Area,Construction,105.316,Gross Value Added
2012.0,Spain,Construction,112.414,Gross Value Added
2012.25,Spain,Construction,109.262,Gross Value Added
2012.5,Spain,Construction,107.334,Gross Value Added
2012.75,Spain,Construction,105.683,Gross Value Added
2013.0,Spain,Construction,99.422,Gross Value Added
2013.25,Spain,Construction,97.495,Gross Value Added
2013.5,Spain,Construction,97.356,Gross Value Added
2013.75,Spain,Construction,96.634,Gross Value Added
2014.0,Spain,Construction,95.937,Gross Value Added
2014.25,Spain,Construction,96.992,Gross Value Added
2014.5,Spain,Construction,97.972,Gross Value Added
2014.75,Spain,Construction,98.675,Gross Value Added
2015.0,Spain,Construction,101.218,Gross Value Added
2015.25,Spain,Construction,102.945,Gross Value Added
2015.5,Spain,Construction,103.579,Gross Value Added
2015.75,Spain,Construction,105.055,Gross Value Added
2016.0,Spain,Construction,105.658,Gross Value Added
2016.25,Spain,Construction,105.965,Gross Value Added
2016.5,Spain,Construction,107.604,Gross Value Added
2016.75,Spain,Construction,108.151,Gross Value Added
2017.0,Spain,Construction,108.257,Gross Value Added
2017.25,Spain,Construction,108.728,Gross Value Added
2017.5,Spain,Construction,108.59,Gross Value Added
2017.75,Spain,Construction,109.193,Gross Value Added
2018.0,Spain,Construction,109.312,Gross Value Added
2018.25,Spain,Construction,110.738,Gross Value Added
2018.5,Spain,Construction,113.061,Gross Value Added
2018.75,Spain,Construction,114.901,Gross Value Added
2019.0,Spain,Construction,116.446,Gross Value Added
2019.25,Spain,Construction,117.903,Gross Value Added
2019.5,Spain,Construction,117.425,Gross Value Added
2019.75,Spain,Construction,117.187,Gross Value Added
2020.0,Spain,Construction,109.256,Gross Value Added
2020.25,Spain,Construction,84.81,Gross Value Added
2020.5,Spain,Construction,104.414,Gross Value Added
2020.75,Spain,Construction,101.52,Gross Value Added
2021.0,Spain,Construction,99.705,Gross Value Added
2021.25,Spain,Construction,97.783,Gross Value Added
2021.5,Spain,Construction,98.053,Gross Value Added
2021.75,Spain,Construction,100.377,Gross Value Added
2022.0,Spain,Construction,105.758,Gross Value Added
2022.25,Spain,Construction,107.636,Gross Value Added
2022.5,Spain,Construction,109.469,Gross Value Added
2022.75,Spain,Construction,109.381,Gross Value Added
2023.0,Spain,Construction,109.626,Gross Value Added
2023.25,Spain,Construction,111.089,Gross Value Added
2023.5,Spain,Construction,109.469,Gross Value Added
2023.75,Spain,Construction,111.309,Gross Value Added
2024.0,Spain,Construction,112.477,Gross Value Added
2024.25,Spain,Construction,113.036,Gross Value Added
2024.5,Spain,Construction,111.19,Gross Value Added
2024.75,Spain,Construction,114.097,Gross Value Added
2025.0,Spain,Construction,114.656,Gross Value Added
2025.25,Spain,Construction,116.345,Gross Value Added
2012.0,European Union,Construction,101.129,Gross Value Added
2012.25,European Union,Construction,100.472,Gross Value Added
2012.5,European Union,Construction,99.1,Gross Value Added
2012.75,European Union,Construction,97.852,Gross Value Added
2013.0,European Union,Construction,95.867,Gross Value Added
2013.25,European Union,Construction,96.661,Gross Value Added
2013.5,European Union,Construction,97.547,Gross Value Added
2013.75,European Union,Construction,97.446,Gross Value Added
2014.0,European Union,Construction,96.932,Gross Value Added
2014.25,European Union,Construction,95.862,Gross Value Added
2014.5,European Union,Construction,96.088,Gross Value Added
2014.75,European Union,Construction,96.422,Gross Value Added
2015.0,European Union,Construction,96.961,Gross Value Added
2015.25,European Union,Construction,97.118,Gross Value Added
2015.5,European Union,Construction,97.471,Gross Value Added
2015.75,European Union,Construction,98.499,Gross Value Added
2016.0,European Union,Construction,98.243,Gross Value Added
2016.25,European Union,Construction,97.972,Gross Value Added
2016.5,European Union,Construction,98.321,Gross Value Added
2016.75,European Union,Construction,99.182,Gross Value Added
2017.0,European Union,Construction,99.407,Gross Value Added
2017.25,European Union,Construction,100.542,Gross Value Added
2017.5,European Union,Construction,101.531,Gross Value Added
2017.75,European Union,Construction,102.233,Gross Value Added
2018.0,European Union,Construction,102.099,Gross Value Added
2018.25,European Union,Construction,102.951,Gross Value Added
2018.5,European Union,Construction,103.852,Gross Value Added
2018.75,European Union,Construction,105.451,Gross Value Added
2019.0,European Union,Construction,105.333,Gross Value Added
2019.25,European Union,Construction,104.838,Gross Value Added
2019.5,European Union,Construction,105.603,Gross Value Added
2019.75,European Union,Construction,104.733,Gross Value Added
2020.0,European Union,Construction,102.908,Gross Value Added
2020.25,European Union,Construction,92.597,Gross Value Added
2020.5,European Union,Construction,100.814,Gross Value Added
2020.75,European Union,Construction,103.68,Gross Value Added
2021.0,European Union,Construction,101.578,Gross Value Added
2021.25,European Union,Construction,103.838,Gross Value Added
2021.5,European Union,Construction,103.859,Gross Value Added
2021.75,European Union,Construction,105.139,Gross Value Added
2022.0,European Union,Construction,104.827,Gross Value Added
2022.25,European Union,Construction,103.845,Gross Value Added
2022.5,European Union,Construction,102.942,Gross Value Added
2022.75,European Union,Construction,103.133,Gross Value Added
2023.0,European Union,Construction,106.23,Gross Value Added
2023.25,European Union,Construction,105.608,Gross Value Added
2023.5,European Union,Construction,105.139,Gross Value Added
2023.75,European Union,Construction,105.168,Gross Value Added
2024.0,European Union,Construction,104.27,Gross Value Added
2024.25,European Union,Construction,103.772,Gross Value Added
2024.5,European Union,Construction,103.393,Gross Value Added
2024.75,European Union,Construction,103.623,Gross Value Added
2025.0,European Union,Construction,104.795,Gross Value Added
2012.0,Finland,Construction,102.788,Gross Value Added
2012.25,Finland,Construction,101.229,Gross Value Added
2012.5,Finland,Construction,99.975,Gross Value Added
2012.75,Finland,Construction,99.297,Gross Value Added
2013.0,Finland,Construction,98.924,Gross Value Added
2013.25,Finland,Construction,98.517,Gross Value Added
2013.5,Finland,Construction,98.788,Gross Value Added
2013.75,Finland,Construction,97.398,Gross Value Added
2014.0,Finland,Construction,96.212,Gross Value Added
2014.25,Finland,Construction,95.432,Gross Value Added
2014.5,Finland,Construction,93.906,Gross Value Added
2014.75,Finland,Construction,93.16,Gross Value Added
2015.0,Finland,Construction,95.33,Gross Value Added
2015.25,Finland,Construction,97.025,Gross Value Added
2015.5,Finland,Construction,97.669,Gross Value Added
2015.75,Finland,Construction,98.89,Gross Value Added
2016.0,Finland,Construction,98.856,Gross Value Added
2016.25,Finland,Construction,99.534,Gross Value Added
2016.5,Finland,Construction,101.432,Gross Value Added
2016.75,Finland,Construction,103.432,Gross Value Added
2017.0,Finland,Construction,103.772,Gross Value Added
2017.25,Finland,Construction,105.636,Gross Value Added
2017.5,Finland,Construction,105.975,Gross Value Added
2017.75,Finland,Construction,104.551,Gross Value Added
2018.0,Finland,Construction,107.128,Gross Value Added
2018.25,Finland,Construction,106.958,Gross Value Added
2018.5,Finland,Construction,106.314,Gross Value Added
2018.75,Finland,Construction,105.704,Gross Value Added
2019.0,Finland,Construction,104.212,Gross Value Added
2019.25,Finland,Construction,102.076,Gross Value Added
2019.5,Finland,Construction,100.381,Gross Value Added
2019.75,Finland,Construction,98.483,Gross Value Added
2020.0,Finland,Construction,100.28,Gross Value Added
2020.25,Finland,Construction,99.127,Gross Value Added
2020.5,Finland,Construction,99.025,Gross Value Added
2020.75,Finland,Construction,101.568,Gross Value Added
2021.0,Finland,Construction,96.957,Gross Value Added
2021.25,Finland,Construction,99.398,Gross Value Added
2021.5,Finland,Construction,101.093,Gross Value Added
2021.75,Finland,Construction,102.144,Gross Value Added
2022.0,Finland,Construction,103.229,Gross Value Added
2022.25,Finland,Construction,101.873,Gross Value Added
2022.5,Finland,Construction,98.686,Gross Value Added
2022.75,Finland,Construction,94.55,Gross Value Added
2023.0,Finland,Construction,94.754,Gross Value Added
2023.25,Finland,Construction,89.397,Gross Value Added
2023.5,Finland,Construction,85.6,Gross Value Added
2023.75,Finland,Construction,84.312,Gross Value Added
2024.0,Finland,Construction,81.77,Gross Value Added
2024.25,Finland,Construction,82.549,Gross Value Added
2024.5,Finland,Construction,83.261,Gross Value Added
2024.75,Finland,Construction,82.719,Gross Value Added
2025.0,Finland,Construction,81.295,Gross Value Added
2012.0,France,Construction,107.707,Gross Value Added
2012.25,France,Construction,106.889,Gross Value Added
2012.5,France,Construction,106.929,Gross Value Added
2012.75,France,Construction,106.429,Gross Value Added
2013.0,France,Construction,106.955,Gross Value Added
2013.25,France,Construction,107.914,Gross Value Added
2013.5,France,Construction,108.668,Gross Value Added
2013.75,France,Construction,109.422,Gross Value Added
2014.0,France,Construction,106.398,Gross Value Added
2014.25,France,Construction,105.659,Gross Value Added
2014.5,France,Construction,105.912,Gross Value Added
2014.75,France,Construction,104.842,Gross Value Added
2015.0,France,Construction,105.677,Gross Value Added
2015.25,France,Construction,104.83,Gross Value Added
2015.5,France,Construction,104.628,Gross Value Added
2015.75,France,Construction,105.314,Gross Value Added
2016.0,France,Construction,104.423,Gross Value Added
2016.25,France,Construction,102.448,Gross Value Added
2016.5,France,Construction,102.323,Gross Value Added
2016.75,France,Construction,103.927,Gross Value Added
2017.0,France,Construction,105.011,Gross Value Added
2017.25,France,Construction,105.769,Gross Value Added
2017.5,France,Construction,106.272,Gross Value Added
2017.75,France,Construction,106.351,Gross Value Added
2018.0,France,Construction,105.217,Gross Value Added
2018.25,France,Construction,104.877,Gross Value Added
2018.5,France,Construction,105.82,Gross Value Added
2018.75,France,Construction,107.689,Gross Value Added
2019.0,France,Construction,108.911,Gross Value Added
2019.25,France,Construction,108.968,Gross Value Added
2019.5,France,Construction,109.645,Gross Value Added
2019.75,France,Construction,108.725,Gross Value Added
2020.0,France,Construction,102.166,Gross Value Added
2020.25,France,Construction,86.965,Gross Value Added
2020.5,France,Construction,103.394,Gross Value Added
2020.75,France,Construction,107.475,Gross Value Added
2021.0,France,Construction,106.409,Gross Value Added
2021.25,France,Construction,106.654,Gross Value Added
2021.5,France,Construction,105.4,Gross Value Added
2021.75,France,Construction,104.091,Gross Value Added
2022.0,France,Construction,102.927,Gross Value Added
2022.25,France,Construction,100.825,Gross Value Added
2022.5,France,Construction,100.344,Gross Value Added
2022.75,France,Construction,102.293,Gross Value Added
2023.0,France,Construction,104.528,Gross Value Added
2023.25,France,Construction,106.455,Gross Value Added
2023.5,France,Construction,106.788,Gross Value Added
2023.75,France,Construction,106.618,Gross Value Added
2024.0,France,Construction,105.594,Gross Value Added
2024.25,France,Construction,105.122,Gross Value Added
2024.5,France,Construction,105.168,Gross Value Added
2024.75,France,Construction,104.928,Gross Value Added
2025.0,France,Construction,104.619,Gross Value Added
2025.25,France,Construction,104.842,Gross Value Added
2012.0,Ireland,Construction,68.64,Gross Value Added
2012.25,Ireland,Construction,66.622,Gross Value Added
2012.5,Ireland,Construction,65.216,Gross Value Added
2012.75,Ireland,Construction,68.951,Gross Value Added
2013.0,Ireland,Construction,74.46,Gross Value Added
2013.25,Ireland,Construction,77.121,Gross Value Added
2013.5,Ireland,Construction,81.655,Gross Value Added
2013.75,Ireland,Construction,84.31,Gross Value Added
2014.0,Ireland,Construction,83.186,Gross Value Added
2014.25,Ireland,Construction,83.921,Gross Value Added
2014.5,Ireland,Construction,83.742,Gross Value Added
2014.75,Ireland,Construction,80.125,Gross Value Added
2015.0,Ireland,Construction,85.011,Gross Value Added
2015.25,Ireland,Construction,86.676,Gross Value Added
2015.5,Ireland,Construction,84.95,Gross Value Added
2015.75,Ireland,Construction,87.703,Gross Value Added
2016.0,Ireland,Construction,82.736,Gross Value Added
2016.25,Ireland,Construction,92.207,Gross Value Added
2016.5,Ireland,Construction,95.994,Gross Value Added
2016.75,Ireland,Construction,94.769,Gross Value Added
2017.0,Ireland,Construction,96.366,Gross Value Added
2017.25,Ireland,Construction,96.524,Gross Value Added
2017.5,Ireland,Construction,99.387,Gross Value Added
2017.75,Ireland,Construction,106.87,Gross Value Added
2018.0,Ireland,Construction,108.202,Gross Value Added
2018.25,Ireland,Construction,110.088,Gross Value Added
2018.5,Ireland,Construction,108.606,Gross Value Added
2018.75,Ireland,Construction,107.752,Gross Value Added
2019.0,Ireland,Construction,111.063,Gross Value Added
2019.25,Ireland,Construction,109.483,Gross Value Added
2019.5,Ireland,Construction,119.045,Gross Value Added
2019.75,Ireland,Construction,115.75,Gross Value Added
2020.0,Ireland,Construction,113.659,Gross Value Added
2020.25,Ireland,Construction,73.699,Gross Value Added
2020.5,Ireland,Construction,100.589,Gross Value Added
2020.75,Ireland,Construction,112.053,Gross Value Added
2021.0,Ireland,Construction,90.951,Gross Value Added
2021.25,Ireland,Construction,105.514,Gross Value Added
2021.5,Ireland,Construction,107.968,Gross Value Added
2021.75,Ireland,Construction,122.254,Gross Value Added
2022.0,Ireland,Construction,109.892,Gross Value Added
2022.25,Ireland,Construction,114.804,Gross Value Added
2022.5,Ireland,Construction,114.036,Gross Value Added
2022.75,Ireland,Construction,112.72,Gross Value Added
2023.0,Ireland,Construction,118.306,Gross Value Added
2023.25,Ireland,Construction,114.723,Gross Value Added
2023.5,Ireland,Construction,110.813,Gross Value Added
2023.75,Ireland,Construction,114.104,Gross Value Added
2024.0,Ireland,Construction,110.071,Gross Value Added
2024.25,Ireland,Construction,114.252,Gross Value Added
2024.5,Ireland,Construction,119.855,Gross Value Added
2024.75,Ireland,Construction,116.907,Gross Value Added
2025.0,Ireland,Construction,126.085,Gross Value Added
2012.0,Italy,Construction,123.086,Gross Value Added
2012.25,Italy,Construction,122.868,Gross Value Added
2012.5,Italy,Construction,120.826,Gross Value Added
2012.75,Italy,Construction,117.953,Gross Value Added
2013.0,Italy,Construction,114.272,Gross Value Added
2013.25,Italy,Construction,113.882,Gross Value Added
2013.5,Italy,Construction,113.05,Gross Value Added
2013.75,Italy,Construction,109.081,Gross Value Added
2014.0,Italy,Construction,106.142,Gross Value Added
2014.25,Italy,Construction,104.351,Gross Value Added
2014.5,Italy,Construction,102.536,Gross Value Added
2014.75,Italy,Construction,101.42,Gross Value Added
2015.0,Italy,Construction,100.733,Gross Value Added
2015.25,Italy,Construction,100.927,Gross Value Added
2015.5,Italy,Construction,100.461,Gross Value Added
2015.75,Italy,Construction,101.656,Gross Value Added
2016.0,Italy,Construction,101.581,Gross Value Added
2016.25,Italy,Construction,101.609,Gross Value Added
2016.5,Italy,Construction,102.093,Gross Value Added
2016.75,Italy,Construction,102.251,Gross Value Added
2017.0,Italy,Construction,102.308,Gross Value Added
2017.25,Italy,Construction,102.934,Gross Value Added
2017.5,Italy,Construction,103.128,Gross Value Added
2017.75,Italy,Construction,104.304,Gross Value Added
2018.0,Italy,Construction,102.095,Gross Value Added
2018.25,Italy,Construction,103.392,Gross Value Added
2018.5,Italy,Construction,104.445,Gross Value Added
2018.75,Italy,Construction,105.397,Gross Value Added
2019.0,Italy,Construction,106.674,Gross Value Added
2019.25,Italy,Construction,107.723,Gross Value Added
2019.5,Italy,Construction,106.917,Gross Value Added
2019.75,Italy,Construction,106.107,Gross Value Added
2020.0,Italy,Construction,99.322,Gross Value Added
2020.25,Italy,Construction,84.971,Gross Value Added
2020.5,Italy,Construction,107.554,Gross Value Added
2020.75,Italy,Construction,108.153,Gross Value Added
2021.0,Italy,Construction,111.293,Gross Value Added
2021.25,Italy,Construction,118.225,Gross Value Added
2021.5,Italy,Construction,125.429,Gross Value Added
2021.75,Italy,Construction,132.269,Gross Value Added
2022.0,Italy,Construction,139.91,Gross Value Added
2022.25,Italy,Construction,144.28,Gross Value Added
2022.5,Italy,Construction,143.807,Gross Value Added
2022.75,Italy,Construction,143.167,Gross Value Added
2023.0,Italy,Construction,153.59,Gross Value Added
2023.25,Italy,Construction,152.373,Gross Value Added
2023.5,Italy,Construction,152.886,Gross Value Added
2023.75,Italy,Construction,153.866,Gross Value Added
2024.0,Italy,Construction,153.847,Gross Value Added
2024.25,Italy,Construction,153.223,Gross Value Added
2024.5,Italy,Construction,153.3,Gross Value Added
2024.75,Italy,Construction,155.038,Gross Value Added
2025.0,Italy,Construction,157.25,Gross Value Added
2012.0,Netherlands,Construction,76.368,Gross Value Added
2012.25,Netherlands,Construction,75.841,Gross Value Added
2012.5,Netherlands,Construction,75.786,Gross Value Added
2012.75,Netherlands,Construction,71.841,Gross Value Added
2013.0,Netherlands,Construction,68.921,Gross Value Added
2013.25,Netherlands,Construction,69.901,Gross Value Added
2013.5,Netherlands,Construction,71.484,Gross Value Added
2013.75,Netherlands,Construction,72.704,Gross Value Added
2014.0,Netherlands,Construction,70.999,Gross Value Added
2014.25,Netherlands,Construction,69.675,Gross Value Added
2014.5,Netherlands,Construction,70.766,Gross Value Added
2014.75,Netherlands,Construction,79.197,Gross Value Added
2015.0,Netherlands,Construction,74.611,Gross Value Added
2015.25,Netherlands,Construction,77.21,Gross Value Added
2015.5,Netherlands,Construction,76.37,Gross Value Added
2015.75,Netherlands,Construction,79.565,Gross Value Added
2016.0,Netherlands,Construction,82.073,Gross Value Added
2016.25,Netherlands,Construction,82.637,Gross Value Added
2016.5,Netherlands,Construction,85.486,Gross Value Added
2016.75,Netherlands,Construction,86.779,Gross Value Added
2017.0,Netherlands,Construction,88.302,Gross Value Added
2017.25,Netherlands,Construction,89.776,Gross Value Added
2017.5,Netherlands,Construction,91.26,Gross Value Added
2017.75,Netherlands,Construction,93.471,Gross Value Added
2018.0,Netherlands,Construction,91.33,Gross Value Added
2018.25,Netherlands,Construction,95.901,Gross Value Added
2018.5,Netherlands,Construction,95.045,Gross Value Added
2018.75,Netherlands,Construction,98.799,Gross Value Added
2019.0,Netherlands,Construction,99.816,Gross Value Added
2019.25,Netherlands,Construction,100.573,Gross Value Added
2019.5,Netherlands,Construction,102.564,Gross Value Added
2019.75,Netherlands,Construction,101.128,Gross Value Added
2020.0,Netherlands,Construction,102.655,Gross Value Added
2020.25,Netherlands,Construction,96.091,Gross Value Added
2020.5,Netherlands,Construction,100.295,Gross Value Added
2020.75,Netherlands,Construction,100.96,Gross Value Added
2021.0,Netherlands,Construction,101.788,Gross Value Added
2021.25,Netherlands,Construction,102.954,Gross Value Added
2021.5,Netherlands,Construction,104.085,Gross Value Added
2021.75,Netherlands,Construction,106.168,Gross Value Added
2022.0,Netherlands,Construction,108.732,Gross Value Added
2022.25,Netherlands,Construction,109.85,Gross Value Added
2022.5,Netherlands,Construction,110.11,Gross Value Added
2022.75,Netherlands,Construction,111.992,Gross Value Added
2023.0,Netherlands,Construction,115.222,Gross Value Added
2023.25,Netherlands,Construction,113.22,Gross Value Added
2023.5,Netherlands,Construction,111.888,Gross Value Added
2023.75,Netherlands,Construction,111.697,Gross Value Added
2024.0,Netherlands,Construction,107.271,Gross Value Added
2024.25,Netherlands,Construction,110.459,Gross Value Added
2024.5,Netherlands,Construction,111.132,Gross Value Added
2024.75,Netherlands,Construction,111.568,Gross Value Added
2025.0,Netherlands,Construction,111.275,Gross Value Added
2025.25,Netherlands,Construction,109.757,Gross Value Added
2012.0,Norway,Construction,87.684,Gross Value Added
2012.25,Norway,Construction,86.923,Gross Value Added
2012.5,Norway,Construction,86.372,Gross Value Added
2012.75,Norway,Construction,86.909,Gross Value Added
2013.0,Norway,Construction,87.233,Gross Value Added
2013.25,Norway,Construction,87.543,Gross Value Added
2013.5,Norway,Construction,88.957,Gross Value Added
2013.75,Norway,Construction,90.443,Gross Value Added
2014.0,Norway,Construction,89.248,Gross Value Added
2014.25,Norway,Construction,90.245,Gross Value Added
2014.5,Norway,Construction,91.065,Gross Value Added
2014.75,Norway,Construction,90.297,Gross Value Added
2015.0,Norway,Construction,90.846,Gross Value Added
2015.25,Norway,Construction,91.955,Gross Value Added
2015.5,Norway,Construction,92.664,Gross Value Added
2015.75,Norway,Construction,92.385,Gross Value Added
2016.0,Norway,Construction,92.871,Gross Value Added
2016.25,Norway,Construction,94.028,Gross Value Added
2016.5,Norway,Construction,95.022,Gross Value Added
2016.75,Norway,Construction,96.543,Gross Value Added
2017.0,Norway,Construction,97.712,Gross Value Added
2017.25,Norway,Construction,98.516,Gross Value Added
2017.5,Norway,Construction,99.012,Gross Value Added
2017.75,Norway,Construction,99.589,Gross Value Added
2018.0,Norway,Construction,99.546,Gross Value Added
2018.25,Norway,Construction,100.045,Gross Value Added
2018.5,Norway,Construction,100.948,Gross Value Added
2018.75,Norway,Construction,102.248,Gross Value Added
2019.0,Norway,Construction,103.682,Gross Value Added
2019.25,Norway,Construction,104.838,Gross Value Added
2019.5,Norway,Construction,105.33,Gross Value Added
2019.75,Norway,Construction,105.494,Gross Value Added
2020.0,Norway,Construction,101.86,Gross Value Added
2020.25,Norway,Construction,98.08,Gross Value Added
2020.5,Norway,Construction,99.332,Gross Value Added
2020.75,Norway,Construction,100.727,Gross Value Added
2021.0,Norway,Construction,101.667,Gross Value Added
2021.25,Norway,Construction,101.299,Gross Value Added
2021.5,Norway,Construction,101.729,Gross Value Added
2021.75,Norway,Construction,104.536,Gross Value Added
2022.0,Norway,Construction,105.818,Gross Value Added
2022.25,Norway,Construction,105.923,Gross Value Added
2022.5,Norway,Construction,105.415,Gross Value Added
2022.75,Norway,Construction,105.775,Gross Value Added
2023.0,Norway,Construction,105.885,Gross Value Added
2023.25,Norway,Construction,104.958,Gross Value Added
2023.5,Norway,Construction,104.254,Gross Value Added
2023.75,Norway,Construction,103.245,Gross Value Added
2024.0,Norway,Construction,102.604,Gross Value Added
2024.25,Norway,Construction,101.409,Gross Value Added
2024.5,Norway,Construction,100.042,Gross Value Added
2024.75,Norway,Construction,98.581,Gross Value Added
2025.0,Norway,Construction,99.239,Gross Value Added
2012.0,Poland,Construction,86.908,Gross Value Added
2012.25,Poland,Construction,87.933,Gross Value Added
2012.5,Poland,Construction,82.025,Gross Value Added
2012.75,Poland,Construction,81.456,Gross Value Added
2013.0,Poland,Construction,79.025,Gross Value Added
2013.25,Poland,Construction,78.475,Gross Value Added
2013.5,Poland,Construction,82.113,Gross Value Added
2013.75,Poland,Construction,83.36,Gross Value Added
2014.0,Poland,Construction,86.485,Gross Value Added
2014.25,Poland,Construction,87.837,Gross Value Added
2014.5,Poland,Construction,88.934,Gross Value Added
2014.75,Poland,Construction,89.732,Gross Value Added
2015.0,Poland,Construction,95.225,Gross Value Added
2015.25,Poland,Construction,94.704,Gross Value Added
2015.5,Poland,Construction,98.705,Gross Value Added
2015.75,Poland,Construction,96.422,Gross Value Added
2016.0,Poland,Construction,94.483,Gross Value Added
2016.25,Poland,Construction,93.691,Gross Value Added
2016.5,Poland,Construction,89.254,Gross Value Added
2016.75,Poland,Construction,95.037,Gross Value Added
2017.0,Poland,Construction,88.828,Gross Value Added
2017.25,Poland,Construction,92.667,Gross Value Added
2017.5,Poland,Construction,96.347,Gross Value Added
2017.75,Poland,Construction,95.166,Gross Value Added
2018.0,Poland,Construction,103.434,Gross Value Added
2018.25,Poland,Construction,104.265,Gross Value Added
2018.5,Poland,Construction,105.217,Gross Value Added
2018.75,Poland,Construction,107.835,Gross Value Added
2019.0,Poland,Construction,106.302,Gross Value Added
2019.25,Poland,Construction,106.757,Gross Value Added
2019.5,Poland,Construction,109.189,Gross Value Added
2019.75,Poland,Construction,104.596,Gross Value Added
2020.0,Poland,Construction,105.094,Gross Value Added
2020.25,Poland,Construction,100.198,Gross Value Added
2020.5,Poland,Construction,96.0,Gross Value Added
2020.75,Poland,Construction,98.709,Gross Value Added
2021.0,Poland,Construction,99.129,Gross Value Added
2021.25,Poland,Construction,104.567,Gross Value Added
2021.5,Poland,Construction,108.343,Gross Value Added
2021.75,Poland,Construction,110.013,Gross Value Added
2022.0,Poland,Construction,110.892,Gross Value Added
2022.25,Poland,Construction,110.022,Gross Value Added
2022.5,Poland,Construction,109.698,Gross Value Added
2022.75,Poland,Construction,106.638,Gross Value Added
2023.0,Poland,Construction,110.667,Gross Value Added
2023.25,Poland,Construction,107.974,Gross Value Added
2023.5,Poland,Construction,106.613,Gross Value Added
2023.75,Poland,Construction,107.915,Gross Value Added
2024.0,Poland,Construction,100.987,Gross Value Added
2024.25,Poland,Construction,102.394,Gross Value Added
2024.5,Poland,Construction,101.506,Gross Value Added
2024.75,Poland,Construction,100.765,Gross Value Added
2025.0,Poland,Construction,102.473,Gross Value Added
2012.0,Romania,Construction,70.474,Gross Value Added
2012.25,Romania,Construction,76.729,Gross Value Added
2012.5,Romania,Construction,82.614,Gross Value Added
2012.75,Romania,Construction,80.423,Gross Value Added
2013.0,Romania,Construction,78.815,Gross Value Added
2013.25,Romania,Construction,84.46,Gross Value Added
2013.5,Romania,Construction,85.489,Gross Value Added
2013.75,Romania,Construction,83.342,Gross Value Added
2014.0,Romania,Construction,89.389,Gross Value Added
2014.25,Romania,Construction,87.859,Gross Value Added
2014.5,Romania,Construction,84.733,Gross Value Added
2014.75,Romania,Construction,90.137,Gross Value Added
2015.0,Romania,Construction,89.124,Gross Value Added
2015.25,Romania,Construction,82.064,Gross Value Added
2015.5,Romania,Construction,101.072,Gross Value Added
2015.75,Romania,Construction,98.282,Gross Value Added
2016.0,Romania,Construction,96.752,Gross Value Added
2016.25,Romania,Construction,97.373,Gross Value Added
2016.5,Romania,Construction,101.731,Gross Value Added
2016.75,Romania,Construction,104.182,Gross Value Added
2017.0,Romania,Construction,95.203,Gross Value Added
2017.25,Romania,Construction,91.435,Gross Value Added
2017.5,Romania,Construction,101.525,Gross Value Added
2017.75,Romania,Construction,102.84,Gross Value Added
2018.0,Romania,Construction,99.001,Gross Value Added
2018.25,Romania,Construction,90.539,Gross Value Added
2018.5,Romania,Construction,87.104,Gross Value Added
2018.75,Romania,Construction,93.045,Gross Value Added
2019.0,Romania,Construction,88.591,Gross Value Added
2019.25,Romania,Construction,99.522,Gross Value Added
2019.5,Romania,Construction,104.671,Gross Value Added
2019.75,Romania,Construction,98.961,Gross Value Added
2020.0,Romania,Construction,100.442,Gross Value Added
2020.25,Romania,Construction,97.317,Gross Value Added
2020.5,Romania,Construction,102.496,Gross Value Added
2020.75,Romania,Construction,99.745,Gross Value Added
2021.0,Romania,Construction,110.268,Gross Value Added
2021.25,Romania,Construction,110.19,Gross Value Added
2021.5,Romania,Construction,88.714,Gross Value Added
2021.75,Romania,Construction,101.139,Gross Value Added
2022.0,Romania,Construction,100.677,Gross Value Added
2022.25,Romania,Construction,99.701,Gross Value Added
2022.5,Romania,Construction,100.451,Gross Value Added
2022.75,Romania,Construction,106.811,Gross Value Added
2023.0,Romania,Construction,117.067,Gross Value Added
2023.25,Romania,Construction,108.463,Gross Value Added
2023.5,Romania,Construction,113.907,Gross Value Added
2023.75,Romania,Construction,117.125,Gross Value Added
2024.0,Romania,Construction,108.969,Gross Value Added
2024.25,Romania,Construction,114.086,Gross Value Added
2024.5,Romania,Construction,113.986,Gross Value Added
2024.75,Romania,Construction,107.534,Gross Value Added
2025.0,Romania,Construction,125.453,Gross Value Added
2012.0,Germany,Trade & Hospitality,94.223,Gross Value Added
2012.25,Germany,Trade & Hospitality,94.373,Gross Value Added
2012.5,Germany,Trade & Hospitality,94.393,Gross Value Added
2012.75,Germany,Trade & Hospitality,93.882,Gross Value Added
2013.0,Germany,Trade & Hospitality,93.332,Gross Value Added
2013.25,Germany,Trade & Hospitality,94.225,Gross Value Added
2013.5,Germany,Trade & Hospitality,94.937,Gross Value Added
2013.75,Germany,Trade & Hospitality,94.887,Gross Value Added
2014.0,Germany,Trade & Hospitality,95.609,Gross Value Added
2014.25,Germany,Trade & Hospitality,95.068,Gross Value Added
2014.5,Germany,Trade & Hospitality,96.101,Gross Value Added
2014.75,Germany,Trade & Hospitality,97.234,Gross Value Added
2015.0,Germany,Trade & Hospitality,97.177,Gross Value Added
2015.25,Germany,Trade & Hospitality,97.327,Gross Value Added
2015.5,Germany,Trade & Hospitality,98.22,Gross Value Added
2015.75,Germany,Trade & Hospitality,98.48,Gross Value Added
2016.0,Germany,Trade & Hospitality,99.248,Gross Value Added
2016.25,Germany,Trade & Hospitality,99.178,Gross Value Added
2016.5,Germany,Trade & Hospitality,99.418,Gross Value Added
2016.75,Germany,Trade & Hospitality,100.682,Gross Value Added
2017.0,Germany,Trade & Hospitality,102.921,Gross Value Added
2017.25,Germany,Trade & Hospitality,103.804,Gross Value Added
2017.5,Germany,Trade & Hospitality,104.606,Gross Value Added
2017.75,Germany,Trade & Hospitality,105.91,Gross Value Added
2018.0,Germany,Trade & Hospitality,105.948,Gross Value Added
2018.25,Germany,Trade & Hospitality,106.65,Gross Value Added
2018.5,Germany,Trade & Hospitality,106.209,Gross Value Added
2018.75,Germany,Trade & Hospitality,107.342,Gross Value Added
2019.0,Germany,Trade & Hospitality,109.516,Gross Value Added
2019.25,Germany,Trade & Hospitality,109.025,Gross Value Added
2019.5,Germany,Trade & Hospitality,109.957,Gross Value Added
2019.75,Germany,Trade & Hospitality,110.138,Gross Value Added
2020.0,Germany,Trade & Hospitality,103.922,Gross Value Added
2020.25,Germany,Trade & Hospitality,91.585,Gross Value Added
2020.5,Germany,Trade & Hospitality,102.969,Gross Value Added
2020.75,Germany,Trade & Hospitality,101.525,Gross Value Added
2021.0,Germany,Trade & Hospitality,99.037,Gross Value Added
2021.25,Germany,Trade & Hospitality,102.618,Gross Value Added
2021.5,Germany,Trade & Hospitality,106.449,Gross Value Added
2021.75,Germany,Trade & Hospitality,107.864,Gross Value Added
2022.0,Germany,Trade & Hospitality,111.725,Gross Value Added
2022.25,Germany,Trade & Hospitality,111.093,Gross Value Added
2022.5,Germany,Trade & Hospitality,112.116,Gross Value Added
2022.75,Germany,Trade & Hospitality,111.093,Gross Value Added
2023.0,Germany,Trade & Hospitality,108.872,Gross Value Added
2023.25,Germany,Trade & Hospitality,107.829,Gross Value Added
2023.5,Germany,Trade & Hospitality,109.052,Gross Value Added
2023.75,Germany,Trade & Hospitality,110.155,Gross Value Added
2024.0,Germany,Trade & Hospitality,109.438,Gross Value Added
2024.25,Germany,Trade & Hospitality,108.887,Gross Value Added
2024.5,Germany,Trade & Hospitality,109.067,Gross Value Added
2024.75,Germany,Trade & Hospitality,109.428,Gross Value Added
2025.0,Germany,Trade & Hospitality,110.231,Gross Value Added
2025.25,Germany,Trade & Hospitality,109.619,Gross Value Added
2012.0,Denmark,Trade & Hospitality,85.507,Gross Value Added
2012.25,Denmark,Trade & Hospitality,83.819,Gross Value Added
2012.5,Denmark,Trade & Hospitality,84.657,Gross Value Added
2012.75,Denmark,Trade & Hospitality,83.987,Gross Value Added
2013.0,Denmark,Trade & Hospitality,83.545,Gross Value Added
2013.25,Denmark,Trade & Hospitality,87.17,Gross Value Added
2013.5,Denmark,Trade & Hospitality,89.363,Gross Value Added
2013.75,Denmark,Trade & Hospitality,88.511,Gross Value Added
2014.0,Denmark,Trade & Hospitality,86.998,Gross Value Added
2014.25,Denmark,Trade & Hospitality,87.106,Gross Value Added
2014.5,Denmark,Trade & Hospitality,88.833,Gross Value Added
2014.75,Denmark,Trade & Hospitality,89.134,Gross Value Added
2015.0,Denmark,Trade & Hospitality,90.634,Gross Value Added
2015.25,Denmark,Trade & Hospitality,89.894,Gross Value Added
2015.5,Denmark,Trade & Hospitality,90.093,Gross Value Added
2015.75,Denmark,Trade & Hospitality,90.84,Gross Value Added
2016.0,Denmark,Trade & Hospitality,92.66,Gross Value Added
2016.25,Denmark,Trade & Hospitality,94.418,Gross Value Added
2016.5,Denmark,Trade & Hospitality,93.751,Gross Value Added
2016.75,Denmark,Trade & Hospitality,94.386,Gross Value Added
2017.0,Denmark,Trade & Hospitality,95.539,Gross Value Added
2017.25,Denmark,Trade & Hospitality,96.733,Gross Value Added
2017.5,Denmark,Trade & Hospitality,97.03,Gross Value Added
2017.75,Denmark,Trade & Hospitality,97.922,Gross Value Added
2018.0,Denmark,Trade & Hospitality,101.509,Gross Value Added
2018.25,Denmark,Trade & Hospitality,99.698,Gross Value Added
2018.5,Denmark,Trade & Hospitality,99.171,Gross Value Added
2018.75,Denmark,Trade & Hospitality,99.718,Gross Value Added
2019.0,Denmark,Trade & Hospitality,98.271,Gross Value Added
2019.25,Denmark,Trade & Hospitality,100.011,Gross Value Added
2019.5,Denmark,Trade & Hospitality,101.799,Gross Value Added
2019.75,Denmark,Trade & Hospitality,104.073,Gross Value Added
2020.0,Denmark,Trade & Hospitality,101.852,Gross Value Added
2020.25,Denmark,Trade & Hospitality,90.084,Gross Value Added
2020.5,Denmark,Trade & Hospitality,105.769,Gross Value Added
2020.75,Denmark,Trade & Hospitality,102.295,Gross Value Added
2021.0,Denmark,Trade & Hospitality,95.837,Gross Value Added
2021.25,Denmark,Trade & Hospitality,102.541,Gross Value Added
2021.5,Denmark,Trade & Hospitality,108.462,Gross Value Added
2021.75,Denmark,Trade & Hospitality,113.78,Gross Value Added
2022.0,Denmark,Trade & Hospitality,102.257,Gross Value Added
2022.25,Denmark,Trade & Hospitality,106.886,Gross Value Added
2022.5,Denmark,Trade & Hospitality,109.473,Gross Value Added
2022.75,Denmark,Trade & Hospitality,105.613,Gross Value Added
2023.0,Denmark,Trade & Hospitality,108.822,Gross Value Added
2023.25,Denmark,Trade & Hospitality,101.826,Gross Value Added
2023.5,Denmark,Trade & Hospitality,101.428,Gross Value Added
2023.75,Denmark,Trade & Hospitality,104.776,Gross Value Added
2024.0,Denmark,Trade & Hospitality,101.78,Gross Value Added
2024.25,Denmark,Trade & Hospitality,104.219,Gross Value Added
2024.5,Denmark,Trade & Hospitality,103.947,Gross Value Added
2024.75,Denmark,Trade & Hospitality,107.279,Gross Value Added
2025.0,Denmark,Trade & Hospitality,110.052,Gross Value Added
2025.25,Denmark,Trade & Hospitality,109.777,Gross Value Added
2012.0,Euro Area,Trade & Hospitality,103.072,Gross Value Added
2012.25,Euro Area,Trade & Hospitality,102.847,Gross Value Added
2012.5,Euro Area,Trade & Hospitality,102.47,Gross Value Added
2012.75,Euro Area,Trade & Hospitality,102.095,Gross Value Added
2013.0,Euro Area,Trade & Hospitality,101.375,Gross Value Added
2013.25,Euro Area,Trade & Hospitality,102.064,Gross Value Added
2013.5,Euro Area,Trade & Hospitality,102.526,Gross Value Added
2013.75,Euro Area,Trade & Hospitality,102.785,Gross Value Added
2014.0,Euro Area,Trade & Hospitality,103.188,Gross Value Added
2014.25,Euro Area,Trade & Hospitality,103.309,Gross Value Added
2014.5,Euro Area,Trade & Hospitality,104.286,Gross Value Added
2014.75,Euro Area,Trade & Hospitality,105.011,Gross Value Added
2015.0,Euro Area,Trade & Hospitality,105.283,Gross Value Added
2015.25,Euro Area,Trade & Hospitality,105.882,Gross Value Added
2015.5,Euro Area,Trade & Hospitality,106.663,Gross Value Added
2015.75,Euro Area,Trade & Hospitality,107.254,Gross Value Added
2016.0,Euro Area,Trade & Hospitality,107.786,Gross Value Added
2016.25,Euro Area,Trade & Hospitality,107.902,Gross Value Added
2016.5,Euro Area,Trade & Hospitality,108.568,Gross Value Added
2016.75,Euro Area,Trade & Hospitality,109.471,Gross Value Added
2017.0,Euro Area,Trade & Hospitality,110.971,Gross Value Added
2017.25,Euro Area,Trade & Hospitality,111.818,Gross Value Added
2017.5,Euro Area,Trade & Hospitality,112.413,Gross Value Added
2017.75,Euro Area,Trade & Hospitality,113.09,Gross Value Added
2018.0,Euro Area,Trade & Hospitality,113.398,Gross Value Added
2018.25,Euro Area,Trade & Hospitality,113.828,Gross Value Added
2018.5,Euro Area,Trade & Hospitality,113.933,Gross Value Added
2018.75,Euro Area,Trade & Hospitality,114.876,Gross Value Added
2019.0,Euro Area,Trade & Hospitality,116.666,Gross Value Added
2019.25,Euro Area,Trade & Hospitality,116.888,Gross Value Added
2019.5,Euro Area,Trade & Hospitality,117.049,Gross Value Added
2019.75,Euro Area,Trade & Hospitality,116.932,Gross Value Added
2020.0,Euro Area,Trade & Hospitality,108.331,Gross Value Added
2020.25,Euro Area,Trade & Hospitality,86.295,Gross Value Added
2020.5,Euro Area,Trade & Hospitality,103.943,Gross Value Added
2020.75,Euro Area,Trade & Hospitality,101.431,Gross Value Added
2021.0,Euro Area,Trade & Hospitality,101.2,Gross Value Added
2021.25,Euro Area,Trade & Hospitality,105.656,Gross Value Added
2021.5,Euro Area,Trade & Hospitality,111.927,Gross Value Added
2021.75,Euro Area,Trade & Hospitality,113.62,Gross Value Added
2022.0,Euro Area,Trade & Hospitality,115.161,Gross Value Added
2022.25,Euro Area,Trade & Hospitality,117.722,Gross Value Added
2022.5,Euro Area,Trade & Hospitality,118.509,Gross Value Added
2022.75,Euro Area,Trade & Hospitality,118.319,Gross Value Added
2023.0,Euro Area,Trade & Hospitality,117.996,Gross Value Added
2023.25,Euro Area,Trade & Hospitality,118.191,Gross Value Added
2023.5,Euro Area,Trade & Hospitality,118.259,Gross Value Added
2023.75,Euro Area,Trade & Hospitality,117.993,Gross Value Added
2024.0,Euro Area,Trade & Hospitality,118.895,Gross Value Added
2024.25,Euro Area,Trade & Hospitality,118.959,Gross Value Added
2024.5,Euro Area,Trade & Hospitality,118.915,Gross Value Added
2024.75,Euro Area,Trade & Hospitality,119.48,Gross Value Added
2025.0,Euro Area,Trade & Hospitality,119.952,Gross Value Added
2012.0,Spain,Trade & Hospitality,113.089,Gross Value Added
2012.25,Spain,Trade & Hospitality,112.134,Gross Value Added
2012.5,Spain,Trade & Hospitality,111.804,Gross Value Added
2012.75,Spain,Trade & Hospitality,110.674,Gross Value Added
2013.0,Spain,Trade & Hospitality,110.256,Gross Value Added
2013.25,Spain,Trade & Hospitality,110.533,Gross Value Added
2013.5,Spain,Trade & Hospitality,110.235,Gross Value Added
2013.75,Spain,Trade & Hospitality,110.478,Gross Value Added
2014.0,Spain,Trade & Hospitality,110.687,Gross Value Added
2014.25,Spain,Trade & Hospitality,111.385,Gross Value Added
2014.5,Spain,Trade & Hospitality,112.616,Gross Value Added
2014.75,Spain,Trade & Hospitality,114.475,Gross Value Added
2015.0,Spain,Trade & Hospitality,116.94,Gross Value Added
2015.25,Spain,Trade & Hospitality,118.396,Gross Value Added
2015.5,Spain,Trade & Hospitality,120.258,Gross Value Added
2015.75,Spain,Trade & Hospitality,121.302,Gross Value Added
2016.0,Spain,Trade & Hospitality,120.962,Gross Value Added
2016.25,Spain,Trade & Hospitality,121.709,Gross Value Added
2016.5,Spain,Trade & Hospitality,123.162,Gross Value Added
2016.75,Spain,Trade & Hospitality,124.305,Gross Value Added
2017.0,Spain,Trade & Hospitality,124.742,Gross Value Added
2017.25,Spain,Trade & Hospitality,126.282,Gross Value Added
2017.5,Spain,Trade & Hospitality,127.153,Gross Value Added
2017.75,Spain,Trade & Hospitality,127.764,Gross Value Added
2018.0,Spain,Trade & Hospitality,128.547,Gross Value Added
2018.25,Spain,Trade & Hospitality,129.884,Gross Value Added
2018.5,Spain,Trade & Hospitality,130.686,Gross Value Added
2018.75,Spain,Trade & Hospitality,131.301,Gross Value Added
2019.0,Spain,Trade & Hospitality,132.187,Gross Value Added
2019.25,Spain,Trade & Hospitality,132.343,Gross Value Added
2019.5,Spain,Trade & Hospitality,132.77,Gross Value Added
2019.75,Spain,Trade & Hospitality,134.008,Gross Value Added
2020.0,Spain,Trade & Hospitality,120.754,Gross Value Added
2020.25,Spain,Trade & Hospitality,75.403,Gross Value Added
2020.5,Spain,Trade & Hospitality,102.045,Gross Value Added
2020.75,Spain,Trade & Hospitality,101.797,Gross Value Added
2021.0,Spain,Trade & Hospitality,109.096,Gross Value Added
2021.25,Spain,Trade & Hospitality,110.453,Gross Value Added
2021.5,Spain,Trade & Hospitality,117.733,Gross Value Added
2021.75,Spain,Trade & Hospitality,122.637,Gross Value Added
2022.0,Spain,Trade & Hospitality,127.187,Gross Value Added
2022.25,Spain,Trade & Hospitality,132.325,Gross Value Added
2022.5,Spain,Trade & Hospitality,132.829,Gross Value Added
2022.75,Spain,Trade & Hospitality,133.681,Gross Value Added
2023.0,Spain,Trade & Hospitality,136.522,Gross Value Added
2023.25,Spain,Trade & Hospitality,137.755,Gross Value Added
2023.5,Spain,Trade & Hospitality,138.414,Gross Value Added
2023.75,Spain,Trade & Hospitality,136.336,Gross Value Added
2024.0,Spain,Trade & Hospitality,139.407,Gross Value Added
2024.25,Spain,Trade & Hospitality,142.539,Gross Value Added
2024.5,Spain,Trade & Hospitality,142.571,Gross Value Added
2024.75,Spain,Trade & Hospitality,142.99,Gross Value Added
2025.0,Spain,Trade & Hospitality,144.509,Gross Value Added
2025.25,Spain,Trade & Hospitality,148.217,Gross Value Added
2012.0,European Union,Trade & Hospitality,99.844,Gross Value Added
2012.25,European Union,Trade & Hospitality,99.548,Gross Value Added
2012.5,European Union,Trade & Hospitality,99.239,Gross Value Added
2012.75,European Union,Trade & Hospitality,98.848,Gross Value Added
2013.0,European Union,Trade & Hospitality,98.259,Gross Value Added
2013.25,European Union,Trade & Hospitality,99.075,Gross Value Added
2013.5,European Union,Trade & Hospitality,99.51,Gross Value Added
2013.75,European Union,Trade & Hospitality,99.909,Gross Value Added
2014.0,European Union,Trade & Hospitality,100.184,Gross Value Added
2014.25,European Union,Trade & Hospitality,100.325,Gross Value Added
2014.5,European Union,Trade & Hospitality,101.255,Gross Value Added
2014.75,European Union,Trade & Hospitality,101.829,Gross Value Added
2015.0,European Union,Trade & Hospitality,102.51,Gross Value Added
2015.25,European Union,Trade & Hospitality,103.051,Gross Value Added
2015.5,European Union,Trade & Hospitality,103.98,Gross Value Added
2015.75,European Union,Trade & Hospitality,104.585,Gross Value Added
2016.0,European Union,Trade & Hospitality,105.167,Gross Value Added
2016.25,European Union,Trade & Hospitality,105.415,Gross Value Added
2016.5,European Union,Trade & Hospitality,106.017,Gross Value Added
2016.75,European Union,Trade & Hospitality,106.966,Gross Value Added
2017.0,European Union,Trade & Hospitality,108.665,Gross Value Added
2017.25,European Union,Trade & Hospitality,109.642,Gross Value Added
2017.5,European Union,Trade & Hospitality,110.323,Gross Value Added
2017.75,European Union,Trade & Hospitality,111.084,Gross Value Added
2018.0,European Union,Trade & Hospitality,111.606,Gross Value Added
2018.25,European Union,Trade & Hospitality,112.094,Gross Value Added
2018.5,European Union,Trade & Hospitality,112.154,Gross Value Added
2018.75,European Union,Trade & Hospitality,113.067,Gross Value Added
2019.0,European Union,Trade & Hospitality,114.651,Gross Value Added
2019.25,European Union,Trade & Hospitality,115.118,Gross Value Added
2019.5,European Union,Trade & Hospitality,115.204,Gross Value Added
2019.75,European Union,Trade & Hospitality,115.577,Gross Value Added
2020.0,European Union,Trade & Hospitality,107.968,Gross Value Added
2020.25,European Union,Trade & Hospitality,86.784,Gross Value Added
2020.5,European Union,Trade & Hospitality,103.9,Gross Value Added
2020.75,European Union,Trade & Hospitality,101.349,Gross Value Added
2021.0,European Union,Trade & Hospitality,101.892,Gross Value Added
2021.25,European Union,Trade & Hospitality,105.931,Gross Value Added
2021.5,European Union,Trade & Hospitality,111.911,Gross Value Added
2021.75,European Union,Trade & Hospitality,113.772,Gross Value Added
2022.0,European Union,Trade & Hospitality,114.665,Gross Value Added
2022.25,European Union,Trade & Hospitality,117.155,Gross Value Added
2022.5,European Union,Trade & Hospitality,117.649,Gross Value Added
2022.75,European Union,Trade & Hospitality,116.855,Gross Value Added
2023.0,European Union,Trade & Hospitality,117.019,Gross Value Added
2023.25,European Union,Trade & Hospitality,116.917,Gross Value Added
2023.5,European Union,Trade & Hospitality,117.327,Gross Value Added
2023.75,European Union,Trade & Hospitality,116.849,Gross Value Added
2024.0,European Union,Trade & Hospitality,117.797,Gross Value Added
2024.25,European Union,Trade & Hospitality,118.003,Gross Value Added
2024.5,European Union,Trade & Hospitality,118.092,Gross Value Added
2024.75,European Union,Trade & Hospitality,118.762,Gross Value Added
2025.0,European Union,Trade & Hospitality,119.272,Gross Value Added
2012.0,Finland,Trade & Hospitality,112.0,Gross Value Added
2012.25,Finland,Trade & Hospitality,110.612,Gross Value Added
2012.5,Finland,Trade & Hospitality,109.42,Gross Value Added
2012.75,Finland,Trade & Hospitality,109.364,Gross Value Added
2013.0,Finland,Trade & Hospitality,107.064,Gross Value Added
2013.25,Finland,Trade & Hospitality,106.419,Gross Value Added
2013.5,Finland,Trade & Hospitality,105.83,Gross Value Added
2013.75,Finland,Trade & Hospitality,105.521,Gross Value Added
2014.0,Finland,Trade & Hospitality,104.428,Gross Value Added
2014.25,Finland,Trade & Hospitality,103.474,Gross Value Added
2014.5,Finland,Trade & Hospitality,103.32,Gross Value Added
2014.75,Finland,Trade & Hospitality,103.011,Gross Value Added
2015.0,Finland,Trade & Hospitality,99.968,Gross Value Added
2015.25,Finland,Trade & Hospitality,100.305,Gross Value Added
2015.5,Finland,Trade & Hospitality,101.329,Gross Value Added
2015.75,Finland,Trade & Hospitality,101.623,Gross Value Added
2016.0,Finland,Trade & Hospitality,103.642,Gross Value Added
2016.25,Finland,Trade & Hospitality,103.404,Gross Value Added
2016.5,Finland,Trade & Hospitality,103.502,Gross Value Added
2016.75,Finland,Trade & Hospitality,104.624,Gross Value Added
2017.0,Finland,Trade & Hospitality,107.092,Gross Value Added
2017.25,Finland,Trade & Hospitality,107.667,Gross Value Added
2017.5,Finland,Trade & Hospitality,108.536,Gross Value Added
2017.75,Finland,Trade & Hospitality,108.789,Gross Value Added
2018.0,Finland,Trade & Hospitality,108.705,Gross Value Added
2018.25,Finland,Trade & Hospitality,108.494,Gross Value Added
2018.5,Finland,Trade & Hospitality,107.106,Gross Value Added
2018.75,Finland,Trade & Hospitality,107.316,Gross Value Added
2019.0,Finland,Trade & Hospitality,107.358,Gross Value Added
2019.25,Finland,Trade & Hospitality,108.578,Gross Value Added
2019.5,Finland,Trade & Hospitality,109.266,Gross Value Added
2019.75,Finland,Trade & Hospitality,111.201,Gross Value Added
2020.0,Finland,Trade & Hospitality,110.612,Gross Value Added
2020.25,Finland,Trade & Hospitality,85.876,Gross Value Added
2020.5,Finland,Trade & Hospitality,102.647,Gross Value Added
2020.75,Finland,Trade & Hospitality,100.866,Gross Value Added
2021.0,Finland,Trade & Hospitality,101.721,Gross Value Added
2021.25,Finland,Trade & Hospitality,101.749,Gross Value Added
2021.5,Finland,Trade & Hospitality,103.152,Gross Value Added
2021.75,Finland,Trade & Hospitality,102.226,Gross Value Added
2022.0,Finland,Trade & Hospitality,105.521,Gross Value Added
2022.25,Finland,Trade & Hospitality,103.811,Gross Value Added
2022.5,Finland,Trade & Hospitality,103.909,Gross Value Added
2022.75,Finland,Trade & Hospitality,102.969,Gross Value Added
2023.0,Finland,Trade & Hospitality,97.557,Gross Value Added
2023.25,Finland,Trade & Hospitality,99.688,Gross Value Added
2023.5,Finland,Trade & Hospitality,98.44,Gross Value Added
2023.75,Finland,Trade & Hospitality,96.813,Gross Value Added
2024.0,Finland,Trade & Hospitality,97.585,Gross Value Added
2024.25,Finland,Trade & Hospitality,97.767,Gross Value Added
2024.5,Finland,Trade & Hospitality,96.379,Gross Value Added
2024.75,Finland,Trade & Hospitality,96.617,Gross Value Added
2025.0,Finland,Trade & Hospitality,96.505,Gross Value Added
2012.0,France,Trade & Hospitality,108.991,Gross Value Added
2012.25,France,Trade & Hospitality,108.853,Gross Value Added
2012.5,France,Trade & Hospitality,108.73,Gross Value Added
2012.75,France,Trade & Hospitality,109.165,Gross Value Added
2013.0,France,Trade & Hospitality,109.018,Gross Value Added
2013.25,France,Trade & Hospitality,109.422,Gross Value Added
2013.5,France,Trade & Hospitality,108.967,Gross Value Added
2013.75,France,Trade & Hospitality,109.708,Gross Value Added
2014.0,France,Trade & Hospitality,109.855,Gross Value Added
2014.25,France,Trade & Hospitality,109.918,Gross Value Added
2014.5,France,Trade & Hospitality,111.038,Gross Value Added
2014.75,France,Trade & Hospitality,111.099,Gross Value Added
2015.0,France,Trade & Hospitality,111.745,Gross Value Added
2015.25,France,Trade & Hospitality,112.499,Gross Value Added
2015.5,France,Trade & Hospitality,112.83,Gross Value Added
2015.75,France,Trade & Hospitality,113.36,Gross Value Added
2016.0,France,Trade & Hospitality,114.248,Gross Value Added
2016.25,France,Trade & Hospitality,114.068,Gross Value Added
2016.5,France,Trade & Hospitality,113.682,Gross Value Added
2016.75,France,Trade & Hospitality,114.656,Gross Value Added
2017.0,France,Trade & Hospitality,115.536,Gross Value Added
2017.25,France,Trade & Hospitality,116.389,Gross Value Added
2017.5,France,Trade & Hospitality,116.607,Gross Value Added
2017.75,France,Trade & Hospitality,116.569,Gross Value Added
2018.0,France,Trade & Hospitality,115.861,Gross Value Added
2018.25,France,Trade & Hospitality,114.987,Gross Value Added
2018.5,France,Trade & Hospitality,115.566,Gross Value Added
2018.75,France,Trade & Hospitality,116.869,Gross Value Added
2019.0,France,Trade & Hospitality,119.445,Gross Value Added
2019.25,France,Trade & Hospitality,120.617,Gross Value Added
2019.5,France,Trade & Hospitality,119.685,Gross Value Added
2019.75,France,Trade & Hospitality,116.849,Gross Value Added
2020.0,France,Trade & Hospitality,106.078,Gross Value Added
2020.25,France,Trade & Hospitality,86.718,Gross Value Added
2020.5,France,Trade & Hospitality,105.593,Gross Value Added
2020.75,France,Trade & Hospitality,101.611,Gross Value Added
2021.0,France,Trade & Hospitality,101.973,Gross Value Added
2021.25,France,Trade & Hospitality,104.683,Gross Value Added
2021.5,France,Trade & Hospitality,111.322,Gross Value Added
2021.75,France,Trade & Hospitality,113.899,Gross Value Added
2022.0,France,Trade & Hospitality,115.74,Gross Value Added
2022.25,France,Trade & Hospitality,119.627,Gross Value Added
2022.5,France,Trade & Hospitality,121.077,Gross Value Added
2022.75,France,Trade & Hospitality,121.068,Gross Value Added
2023.0,France,Trade & Hospitality,119.361,Gross Value Added
2023.25,France,Trade & Hospitality,120.447,Gross Value Added
2023.5,France,Trade & Hospitality,119.967,Gross Value Added
2023.75,France,Trade & Hospitality,120.171,Gross Value Added
2024.0,France,Trade & Hospitality,120.953,Gross Value Added
2024.25,France,Trade & Hospitality,121.033,Gross Value Added
2024.5,France,Trade & Hospitality,120.756,Gross Value Added
2024.75,France,Trade & Hospitality,121.131,Gross Value Added
2025.0,France,Trade & Hospitality,120.538,Gross Value Added
2025.25,France,Trade & Hospitality,121.377,Gross Value Added
2012.0,Ireland,Trade & Hospitality,88.496,Gross Value Added
2012.25,Ireland,Trade & Hospitality,88.703,Gross Value Added
2012.5,Ireland,Trade & Hospitality,88.451,Gross Value Added
2012.75,Ireland,Trade & Hospitality,90.571,Gross Value Added
2013.0,Ireland,Trade & Hospitality,86.961,Gross Value Added
2013.25,Ireland,Trade & Hospitality,89.699,Gross Value Added
2013.5,Ireland,Trade & Hospitality,91.582,Gross Value Added
2013.75,Ireland,Trade & Hospitality,93.603,Gross Value Added
2014.0,Ireland,Trade & Hospitality,93.614,Gross Value Added
2014.25,Ireland,Trade & Hospitality,95.983,Gross Value Added
2014.5,Ireland,Trade & Hospitality,96.393,Gross Value Added
2014.75,Ireland,Trade & Hospitality,98.679,Gross Value Added
2015.0,Ireland,Trade & Hospitality,100.351,Gross Value Added
2015.25,Ireland,Trade & Hospitality,101.118,Gross Value Added
2015.5,Ireland,Trade & Hospitality,103.854,Gross Value Added
2015.75,Ireland,Trade & Hospitality,105.551,Gross Value Added
2016.0,Ireland,Trade & Hospitality,108.789,Gross Value Added
2016.25,Ireland,Trade & Hospitality,108.768,Gross Value Added
2016.5,Ireland,Trade & Hospitality,110.223,Gross Value Added
2016.75,Ireland,Trade & Hospitality,109.805,Gross Value Added
2017.0,Ireland,Trade & Hospitality,112.611,Gross Value Added
2017.25,Ireland,Trade & Hospitality,112.722,Gross Value Added
2017.5,Ireland,Trade & Hospitality,114.494,Gross Value Added
2017.75,Ireland,Trade & Hospitality,116.615,Gross Value Added
2018.0,Ireland,Trade & Hospitality,116.243,Gross Value Added
2018.25,Ireland,Trade & Hospitality,120.281,Gross Value Added
2018.5,Ireland,Trade & Hospitality,122.429,Gross Value Added
2018.75,Ireland,Trade & Hospitality,119.605,Gross Value Added
2019.0,Ireland,Trade & Hospitality,123.721,Gross Value Added
2019.25,Ireland,Trade & Hospitality,121.769,Gross Value Added
2019.5,Ireland,Trade & Hospitality,123.215,Gross Value Added
2019.75,Ireland,Trade & Hospitality,122.444,Gross Value Added
2020.0,Ireland,Trade & Hospitality,122.962,Gross Value Added
2020.25,Ireland,Trade & Hospitality,70.169,Gross Value Added
2020.5,Ireland,Trade & Hospitality,105.128,Gross Value Added
2020.75,Ireland,Trade & Hospitality,101.74,Gross Value Added
2021.0,Ireland,Trade & Hospitality,99.653,Gross Value Added
2021.25,Ireland,Trade & Hospitality,106.252,Gross Value Added
2021.5,Ireland,Trade & Hospitality,117.22,Gross Value Added
2021.75,Ireland,Trade & Hospitality,127.687,Gross Value Added
2022.0,Ireland,Trade & Hospitality,118.832,Gross Value Added
2022.25,Ireland,Trade & Hospitality,122.058,Gross Value Added
2022.5,Ireland,Trade & Hospitality,123.317,Gross Value Added
2022.75,Ireland,Trade & Hospitality,125.718,Gross Value Added
2023.0,Ireland,Trade & Hospitality,126.966,Gross Value Added
2023.25,Ireland,Trade & Hospitality,130.587,Gross Value Added
2023.5,Ireland,Trade & Hospitality,131.691,Gross Value Added
2023.75,Ireland,Trade & Hospitality,131.018,Gross Value Added
2024.0,Ireland,Trade & Hospitality,132.49,Gross Value Added
2024.25,Ireland,Trade & Hospitality,130.662,Gross Value Added
2024.5,Ireland,Trade & Hospitality,129.64,Gross Value Added
2024.75,Ireland,Trade & Hospitality,131.375,Gross Value Added
2025.0,Ireland,Trade & Hospitality,132.489,Gross Value Added
2012.0,Italy,Trade & Hospitality,106.543,Gross Value Added
2012.25,Italy,Trade & Hospitality,106.092,Gross Value Added
2012.5,Italy,Trade & Hospitality,105.619,Gross Value Added
2012.75,Italy,Trade & Hospitality,105.302,Gross Value Added
2013.0,Italy,Trade & Hospitality,103.983,Gross Value Added
2013.25,Italy,Trade & Hospitality,104.539,Gross Value Added
2013.5,Italy,Trade & Hospitality,105.522,Gross Value Added
2013.75,Italy,Trade & Hospitality,105.63,Gross Value Added
2014.0,Italy,Trade & Hospitality,106.273,Gross Value Added
2014.25,Italy,Trade & Hospitality,106.774,Gross Value Added
2014.5,Italy,Trade & Hospitality,107.636,Gross Value Added
2014.75,Italy,Trade & Hospitality,107.773,Gross Value Added
2015.0,Italy,Trade & Hospitality,108.112,Gross Value Added
2015.25,Italy,Trade & Hospitality,108.9,Gross Value Added
2015.5,Italy,Trade & Hospitality,109.629,Gross Value Added
2015.75,Italy,Trade & Hospitality,110.274,Gross Value Added
2016.0,Italy,Trade & Hospitality,110.978,Gross Value Added
2016.25,Italy,Trade & Hospitality,111.42,Gross Value Added
2016.5,Italy,Trade & Hospitality,112.6,Gross Value Added
2016.75,Italy,Trade & Hospitality,113.333,Gross Value Added
2017.0,Italy,Trade & Hospitality,115.341,Gross Value Added
2017.25,Italy,Trade & Hospitality,116.073,Gross Value Added
2017.5,Italy,Trade & Hospitality,115.922,Gross Value Added
2017.75,Italy,Trade & Hospitality,116.484,Gross Value Added
2018.0,Italy,Trade & Hospitality,116.742,Gross Value Added
2018.25,Italy,Trade & Hospitality,117.202,Gross Value Added
2018.5,Italy,Trade & Hospitality,116.958,Gross Value Added
2018.75,Italy,Trade & Hospitality,118.081,Gross Value Added
2019.0,Italy,Trade & Hospitality,119.864,Gross Value Added
2019.25,Italy,Trade & Hospitality,120.645,Gross Value Added
2019.5,Italy,Trade & Hospitality,120.506,Gross Value Added
2019.75,Italy,Trade & Hospitality,121.066,Gross Value Added
2020.0,Italy,Trade & Hospitality,107.681,Gross Value Added
2020.25,Italy,Trade & Hospitality,84.231,Gross Value Added
2020.5,Italy,Trade & Hospitality,104.841,Gross Value Added
2020.75,Italy,Trade & Hospitality,103.248,Gross Value Added
2021.0,Italy,Trade & Hospitality,104.549,Gross Value Added
2021.25,Italy,Trade & Hospitality,112.196,Gross Value Added
2021.5,Italy,Trade & Hospitality,119.776,Gross Value Added
2021.75,Italy,Trade & Hospitality,123.298,Gross Value Added
2022.0,Italy,Trade & Hospitality,122.412,Gross Value Added
2022.25,Italy,Trade & Hospitality,125.625,Gross Value Added
2022.5,Italy,Trade & Hospitality,125.881,Gross Value Added
2022.75,Italy,Trade & Hospitality,125.653,Gross Value Added
2023.0,Italy,Trade & Hospitality,126.659,Gross Value Added
2023.25,Italy,Trade & Hospitality,125.965,Gross Value Added
2023.5,Italy,Trade & Hospitality,125.93,Gross Value Added
2023.75,Italy,Trade & Hospitality,125.696,Gross Value Added
2024.0,Italy,Trade & Hospitality,125.334,Gross Value Added
2024.25,Italy,Trade & Hospitality,125.657,Gross Value Added
2024.5,Italy,Trade & Hospitality,126.134,Gross Value Added
2024.75,Italy,Trade & Hospitality,125.862,Gross Value Added
2025.0,Italy,Trade & Hospitality,125.514,Gross Value Added
2012.0,Netherlands,Trade & Hospitality,91.194,Gross Value Added
2012.25,Netherlands,Trade & Hospitality,91.95,Gross Value Added
2012.5,Netherlands,Trade & Hospitality,91.028,Gross Value Added
2012.75,Netherlands,Trade & Hospitality,90.71,Gross Value Added
2013.0,Netherlands,Trade & Hospitality,90.126,Gross Value Added
2013.25,Netherlands,Trade & Hospitality,91.722,Gross Value Added
2013.5,Netherlands,Trade & Hospitality,93.219,Gross Value Added
2013.75,Netherlands,Trade & Hospitality,94.132,Gross Value Added
2014.0,Netherlands,Trade & Hospitality,93.123,Gross Value Added
2014.25,Netherlands,Trade & Hospitality,94.895,Gross Value Added
2014.5,Netherlands,Trade & Hospitality,95.273,Gross Value Added
2014.75,Netherlands,Trade & Hospitality,96.655,Gross Value Added
2015.0,Netherlands,Trade & Hospitality,95.984,Gross Value Added
2015.25,Netherlands,Trade & Hospitality,96.22,Gross Value Added
2015.5,Netherlands,Trade & Hospitality,97.592,Gross Value Added
2015.75,Netherlands,Trade & Hospitality,100.048,Gross Value Added
2016.0,Netherlands,Trade & Hospitality,99.183,Gross Value Added
2016.25,Netherlands,Trade & Hospitality,99.11,Gross Value Added
2016.5,Netherlands,Trade & Hospitality,99.668,Gross Value Added
2016.75,Netherlands,Trade & Hospitality,100.843,Gross Value Added
2017.0,Netherlands,Trade & Hospitality,102.134,Gross Value Added
2017.25,Netherlands,Trade & Hospitality,102.314,Gross Value Added
2017.5,Netherlands,Trade & Hospitality,103.393,Gross Value Added
2017.75,Netherlands,Trade & Hospitality,103.716,Gross Value Added
2018.0,Netherlands,Trade & Hospitality,105.018,Gross Value Added
2018.25,Netherlands,Trade & Hospitality,106.057,Gross Value Added
2018.5,Netherlands,Trade & Hospitality,105.864,Gross Value Added
2018.75,Netherlands,Trade & Hospitality,106.709,Gross Value Added
2019.0,Netherlands,Trade & Hospitality,108.646,Gross Value Added
2019.25,Netherlands,Trade & Hospitality,109.955,Gross Value Added
2019.5,Netherlands,Trade & Hospitality,109.921,Gross Value Added
2019.75,Netherlands,Trade & Hospitality,110.567,Gross Value Added
2020.0,Netherlands,Trade & Hospitality,104.351,Gross Value Added
2020.25,Netherlands,Trade & Hospitality,90.567,Gross Value Added
2020.5,Netherlands,Trade & Hospitality,103.711,Gross Value Added
2020.75,Netherlands,Trade & Hospitality,101.371,Gross Value Added
2021.0,Netherlands,Trade & Hospitality,101.073,Gross Value Added
2021.25,Netherlands,Trade & Hospitality,110.053,Gross Value Added
2021.5,Netherlands,Trade & Hospitality,116.317,Gross Value Added
2021.75,Netherlands,Trade & Hospitality,112.754,Gross Value Added
2022.0,Netherlands,Trade & Hospitality,112.626,Gross Value Added
2022.25,Netherlands,Trade & Hospitality,117.622,Gross Value Added
2022.5,Netherlands,Trade & Hospitality,118.609,Gross Value Added
2022.75,Netherlands,Trade & Hospitality,119.604,Gross Value Added
2023.0,Netherlands,Trade & Hospitality,115.854,Gross Value Added
2023.25,Netherlands,Trade & Hospitality,116.249,Gross Value Added
2023.5,Netherlands,Trade & Hospitality,115.959,Gross Value Added
2023.75,Netherlands,Trade & Hospitality,116.345,Gross Value Added
2024.0,Netherlands,Trade & Hospitality,117.358,Gross Value Added
2024.25,Netherlands,Trade & Hospitality,117.763,Gross Value Added
2024.5,Netherlands,Trade & Hospitality,118.823,Gross Value Added
2024.75,Netherlands,Trade & Hospitality,119.441,Gross Value Added
2025.0,Netherlands,Trade & Hospitality,120.423,Gross Value Added
2025.25,Netherlands,Trade & Hospitality,120.021,Gross Value Added
2012.0,Norway,Trade & Hospitality,98.656,Gross Value Added
2012.25,Norway,Trade & Hospitality,99.151,Gross Value Added
2012.5,Norway,Trade & Hospitality,100.326,Gross Value Added
2012.75,Norway,Trade & Hospitality,100.223,Gross Value Added
2013.0,Norway,Trade & Hospitality,101.953,Gross Value Added
2013.25,Norway,Trade & Hospitality,101.838,Gross Value Added
2013.5,Norway,Trade & Hospitality,102.749,Gross Value Added
2013.75,Norway,Trade & Hospitality,102.334,Gross Value Added
2014.0,Norway,Trade & Hospitality,103.248,Gross Value Added
2014.25,Norway,Trade & Hospitality,104.808,Gross Value Added
2014.5,Norway,Trade & Hospitality,105.265,Gross Value Added
2014.75,Norway,Trade & Hospitality,106.483,Gross Value Added
2015.0,Norway,Trade & Hospitality,107.206,Gross Value Added
2015.25,Norway,Trade & Hospitality,106.691,Gross Value Added
2015.5,Norway,Trade & Hospitality,108.102,Gross Value Added
2015.75,Norway,Trade & Hospitality,107.975,Gross Value Added
2016.0,Norway,Trade & Hospitality,109.014,Gross Value Added
2016.25,Norway,Trade & Hospitality,107.839,Gross Value Added
2016.5,Norway,Trade & Hospitality,107.634,Gross Value Added
2016.75,Norway,Trade & Hospitality,106.969,Gross Value Added
2017.0,Norway,Trade & Hospitality,107.781,Gross Value Added
2017.25,Norway,Trade & Hospitality,109.527,Gross Value Added
2017.5,Norway,Trade & Hospitality,110.961,Gross Value Added
2017.75,Norway,Trade & Hospitality,111.15,Gross Value Added
2018.0,Norway,Trade & Hospitality,111.481,Gross Value Added
2018.25,Norway,Trade & Hospitality,112.763,Gross Value Added
2018.5,Norway,Trade & Hospitality,113.32,Gross Value Added
2018.75,Norway,Trade & Hospitality,113.024,Gross Value Added
2019.0,Norway,Trade & Hospitality,115.326,Gross Value Added
2019.25,Norway,Trade & Hospitality,114.486,Gross Value Added
2019.5,Norway,Trade & Hospitality,113.963,Gross Value Added
2019.75,Norway,Trade & Hospitality,115.279,Gross Value Added
2020.0,Norway,Trade & Hospitality,104.937,Gross Value Added
2020.25,Norway,Trade & Hospitality,92.134,Gross Value Added
2020.5,Norway,Trade & Hospitality,101.251,Gross Value Added
2020.75,Norway,Trade & Hospitality,101.677,Gross Value Added
2021.0,Norway,Trade & Hospitality,100.233,Gross Value Added
2021.25,Norway,Trade & Hospitality,103.007,Gross Value Added
2021.5,Norway,Trade & Hospitality,111.303,Gross Value Added
2021.75,Norway,Trade & Hospitality,113.496,Gross Value Added
2022.0,Norway,Trade & Hospitality,115.933,Gross Value Added
2022.25,Norway,Trade & Hospitality,120.803,Gross Value Added
2022.5,Norway,Trade & Hospitality,121.718,Gross Value Added
2022.75,Norway,Trade & Hospitality,122.613,Gross Value Added
2023.0,Norway,Trade & Hospitality,121.312,Gross Value Added
2023.25,Norway,Trade & Hospitality,120.705,Gross Value Added
2023.5,Norway,Trade & Hospitality,119.279,Gross Value Added
2023.75,Norway,Trade & Hospitality,119.58,Gross Value Added
2024.0,Norway,Trade & Hospitality,119.94,Gross Value Added
2024.25,Norway,Trade & Hospitality,120.735,Gross Value Added
2024.5,Norway,Trade & Hospitality,123.679,Gross Value Added
2024.75,Norway,Trade & Hospitality,120.833,Gross Value Added
2025.0,Norway,Trade & Hospitality,122.044,Gross Value Added
2012.0,Poland,Trade & Hospitality,84.005,Gross Value Added
2012.25,Poland,Trade & Hospitality,84.419,Gross Value Added
2012.5,Poland,Trade & Hospitality,84.828,Gross Value Added
2012.75,Poland,Trade & Hospitality,84.041,Gross Value Added
2013.0,Poland,Trade & Hospitality,83.757,Gross Value Added
2013.25,Poland,Trade & Hospitality,84.401,Gross Value Added
2013.5,Poland,Trade & Hospitality,84.616,Gross Value Added
2013.75,Poland,Trade & Hospitality,85.452,Gross Value Added
2014.0,Poland,Trade & Hospitality,82.803,Gross Value Added
2014.25,Poland,Trade & Hospitality,82.764,Gross Value Added
2014.5,Poland,Trade & Hospitality,83.855,Gross Value Added
2014.75,Poland,Trade & Hospitality,83.077,Gross Value Added
2015.0,Poland,Trade & Hospitality,85.299,Gross Value Added
2015.25,Poland,Trade & Hospitality,85.283,Gross Value Added
2015.5,Poland,Trade & Hospitality,86.626,Gross Value Added
2015.75,Poland,Trade & Hospitality,87.414,Gross Value Added
2016.0,Poland,Trade & Hospitality,86.323,Gross Value Added
2016.25,Poland,Trade & Hospitality,89.125,Gross Value Added
2016.5,Poland,Trade & Hospitality,89.661,Gross Value Added
2016.75,Poland,Trade & Hospitality,91.896,Gross Value Added
2017.0,Poland,Trade & Hospitality,96.314,Gross Value Added
2017.25,Poland,Trade & Hospitality,97.256,Gross Value Added
2017.5,Poland,Trade & Hospitality,98.66,Gross Value Added
2017.75,Poland,Trade & Hospitality,100.881,Gross Value Added
2018.0,Poland,Trade & Hospitality,102.233,Gross Value Added
2018.25,Poland,Trade & Hospitality,103.056,Gross Value Added
2018.5,Poland,Trade & Hospitality,103.559,Gross Value Added
2018.75,Poland,Trade & Hospitality,104.272,Gross Value Added
2019.0,Poland,Trade & Hospitality,105.086,Gross Value Added
2019.25,Poland,Trade & Hospitality,106.553,Gross Value Added
2019.5,Poland,Trade & Hospitality,105.933,Gross Value Added
2019.75,Poland,Trade & Hospitality,108.446,Gross Value Added
2020.0,Poland,Trade & Hospitality,105.444,Gross Value Added
2020.25,Poland,Trade & Hospitality,86.255,Gross Value Added
2020.5,Poland,Trade & Hospitality,110.16,Gross Value Added
2020.75,Poland,Trade & Hospitality,98.141,Gross Value Added
2021.0,Poland,Trade & Hospitality,107.07,Gross Value Added
2021.25,Poland,Trade & Hospitality,109.09,Gross Value Added
2021.5,Poland,Trade & Hospitality,114.674,Gross Value Added
2021.75,Poland,Trade & Hospitality,117.602,Gross Value Added
2022.0,Poland,Trade & Hospitality,117.352,Gross Value Added
2022.25,Poland,Trade & Hospitality,119.549,Gross Value Added
2022.5,Poland,Trade & Hospitality,120.491,Gross Value Added
2022.75,Poland,Trade & Hospitality,113.004,Gross Value Added
2023.0,Poland,Trade & Hospitality,116.336,Gross Value Added
2023.25,Poland,Trade & Hospitality,114.845,Gross Value Added
2023.5,Poland,Trade & Hospitality,122.814,Gross Value Added
2023.75,Poland,Trade & Hospitality,116.535,Gross Value Added
2024.0,Poland,Trade & Hospitality,119.081,Gross Value Added
2024.25,Poland,Trade & Hospitality,120.388,Gross Value Added
2024.5,Poland,Trade & Hospitality,122.549,Gross Value Added
2024.75,Poland,Trade & Hospitality,123.106,Gross Value Added
2025.0,Poland,Trade & Hospitality,122.759,Gross Value Added
2012.0,Romania,Trade & Hospitality,84.771,Gross Value Added
2012.25,Romania,Trade & Hospitality,81.668,Gross Value Added
2012.5,Romania,Trade & Hospitality,77.464,Gross Value Added
2012.75,Romania,Trade & Hospitality,73.588,Gross Value Added
2013.0,Romania,Trade & Hospitality,69.098,Gross Value Added
2013.25,Romania,Trade & Hospitality,71.065,Gross Value Added
2013.5,Romania,Trade & Hospitality,65.424,Gross Value Added
2013.75,Romania,Trade & Hospitality,69.982,Gross Value Added
2014.0,Romania,Trade & Hospitality,70.421,Gross Value Added
2014.25,Romania,Trade & Hospitality,68.909,Gross Value Added
2014.5,Romania,Trade & Hospitality,69.58,Gross Value Added
2014.75,Romania,Trade & Hospitality,71.884,Gross Value Added
2015.0,Romania,Trade & Hospitality,73.844,Gross Value Added
2015.25,Romania,Trade & Hospitality,76.056,Gross Value Added
2015.5,Romania,Trade & Hospitality,79.076,Gross Value Added
2015.75,Romania,Trade & Hospitality,79.084,Gross Value Added
2016.0,Romania,Trade & Hospitality,85.143,Gross Value Added
2016.25,Romania,Trade & Hospitality,84.321,Gross Value Added
2016.5,Romania,Trade & Hospitality,84.399,Gross Value Added
2016.75,Romania,Trade & Hospitality,86.561,Gross Value Added
2017.0,Romania,Trade & Hospitality,88.905,Gross Value Added
2017.25,Romania,Trade & Hospitality,91.301,Gross Value Added
2017.5,Romania,Trade & Hospitality,93.836,Gross Value Added
2017.75,Romania,Trade & Hospitality,93.66,Gross Value Added
2018.0,Romania,Trade & Hospitality,97.377,Gross Value Added
2018.25,Romania,Trade & Hospitality,101.396,Gross Value Added
2018.5,Romania,Trade & Hospitality,103.429,Gross Value Added
2018.75,Romania,Trade & Hospitality,104.15,Gross Value Added
2019.0,Romania,Trade & Hospitality,101.391,Gross Value Added
2019.25,Romania,Trade & Hospitality,104.134,Gross Value Added
2019.5,Romania,Trade & Hospitality,103.86,Gross Value Added
2019.75,Romania,Trade & Hospitality,107.379,Gross Value Added
2020.0,Romania,Trade & Hospitality,102.696,Gross Value Added
2020.25,Romania,Trade & Hospitality,90.119,Gross Value Added
2020.5,Romania,Trade & Hospitality,101.101,Gross Value Added
2020.75,Romania,Trade & Hospitality,106.084,Gross Value Added
2021.0,Romania,Trade & Hospitality,112.037,Gross Value Added
2021.25,Romania,Trade & Hospitality,112.048,Gross Value Added
2021.5,Romania,Trade & Hospitality,114.323,Gross Value Added
2021.75,Romania,Trade & Hospitality,114.164,Gross Value Added
2022.0,Romania,Trade & Hospitality,118.009,Gross Value Added
2022.25,Romania,Trade & Hospitality,120.838,Gross Value Added
2022.5,Romania,Trade & Hospitality,120.512,Gross Value Added
2022.75,Romania,Trade & Hospitality,122.167,Gross Value Added
2023.0,Romania,Trade & Hospitality,119.47,Gross Value Added
2023.25,Romania,Trade & Hospitality,123.395,Gross Value Added
2023.5,Romania,Trade & Hospitality,120.961,Gross Value Added
2023.75,Romania,Trade & Hospitality,121.528,Gross Value Added
2024.0,Romania,Trade & Hospitality,123.861,Gross Value Added
2024.25,Romania,Trade & Hospitality,123.26,Gross Value Added
2024.5,Romania,Trade & Hospitality,123.514,Gross Value Added
2024.75,Romania,Trade & Hospitality,123.138,Gross Value Added
2025.0,Romania,Trade & Hospitality,123.17,Gross Value Added
2012.0,Germany,Information and communication,73.317,Gross Value Added
2012.25,Germany,Information and communication,73.547,Gross Value Added
2012.5,Germany,Information and communication,74.227,Gross Value Added
2012.75,Germany,Information and communication,74.948,Gross Value Added
2013.0,Germany,Information and communication,76.72,Gross Value Added
2013.25,Germany,Information and communication,78.051,Gross Value Added
2013.5,Germany,Information and communication,78.551,Gross Value Added
2013.75,Germany,Information and communication,78.821,Gross Value Added
2014.0,Germany,Information and communication,80.733,Gross Value Added
2014.25,Germany,Information and communication,81.254,Gross Value Added
2014.5,Germany,Information and communication,82.725,Gross Value Added
2014.75,Germany,Information and communication,82.655,Gross Value Added
2015.0,Germany,Information and communication,81.641,Gross Value Added
2015.25,Germany,Information and communication,83.093,Gross Value Added
2015.5,Germany,Information and communication,84.054,Gross Value Added
2015.75,Germany,Information and communication,86.205,Gross Value Added
2016.0,Germany,Information and communication,83.035,Gross Value Added
2016.25,Germany,Information and communication,85.637,Gross Value Added
2016.5,Germany,Information and communication,85.437,Gross Value Added
2016.75,Germany,Information and communication,85.557,Gross Value Added
2017.0,Germany,Information and communication,89.258,Gross Value Added
2017.25,Germany,Information and communication,89.658,Gross Value Added
2017.5,Germany,Information and communication,90.9,Gross Value Added
2017.75,Germany,Information and communication,91.69,Gross Value Added
2018.0,Germany,Information and communication,95.864,Gross Value Added
2018.25,Germany,Information and communication,97.876,Gross Value Added
2018.5,Germany,Information and communication,97.375,Gross Value Added
2018.75,Germany,Information and communication,99.497,Gross Value Added
2019.0,Germany,Information and communication,99.807,Gross Value Added
2019.25,Germany,Information and communication,101.499,Gross Value Added
2019.5,Germany,Information and communication,102.039,Gross Value Added
2019.75,Germany,Information and communication,102.209,Gross Value Added
2020.0,Germany,Information and communication,100.768,Gross Value Added
2020.25,Germany,Information and communication,96.514,Gross Value Added
2020.5,Germany,Information and communication,100.288,Gross Value Added
2020.75,Germany,Information and communication,102.43,Gross Value Added
2021.0,Germany,Information and communication,105.009,Gross Value Added
2021.25,Germany,Information and communication,106.761,Gross Value Added
2021.5,Germany,Information and communication,107.472,Gross Value Added
2021.75,Germany,Information and communication,110.304,Gross Value Added
2022.0,Germany,Information and communication,108.057,Gross Value Added
2022.25,Germany,Information and communication,107.657,Gross Value Added
2022.5,Germany,Information and communication,111.1,Gross Value Added
2022.75,Germany,Information and communication,110.639,Gross Value Added
2023.0,Germany,Information and communication,116.342,Gross Value Added
2023.25,Germany,Information and communication,116.452,Gross Value Added
2023.5,Germany,Information and communication,118.694,Gross Value Added
2023.75,Germany,Information and communication,119.194,Gross Value Added
2024.0,Germany,Information and communication,119.087,Gross Value Added
2024.25,Germany,Information and communication,120.338,Gross Value Added
2024.5,Germany,Information and communication,121.109,Gross Value Added
2024.75,Germany,Information and communication,119.978,Gross Value Added
2025.0,Germany,Information and communication,119.977,Gross Value Added
2025.25,Germany,Information and communication,120.598,Gross Value Added
2012.0,Denmark,Information and communication,62.438,Gross Value Added
2012.25,Denmark,Information and communication,65.975,Gross Value Added
2012.5,Denmark,Information and communication,64.579,Gross Value Added
2012.75,Denmark,Information and communication,65.397,Gross Value Added
2013.0,Denmark,Information and communication,67.725,Gross Value Added
2013.25,Denmark,Information and communication,69.112,Gross Value Added
2013.5,Denmark,Information and communication,72.333,Gross Value Added
2013.75,Denmark,Information and communication,73.792,Gross Value Added
2014.0,Denmark,Information and communication,71.899,Gross Value Added
2014.25,Denmark,Information and communication,70.259,Gross Value Added
2014.5,Denmark,Information and communication,71.123,Gross Value Added
2014.75,Denmark,Information and communication,72.659,Gross Value Added
2015.0,Denmark,Information and communication,75.866,Gross Value Added
2015.25,Denmark,Information and communication,78.009,Gross Value Added
2015.5,Denmark,Information and communication,78.149,Gross Value Added
2015.75,Denmark,Information and communication,83.377,Gross Value Added
2016.0,Denmark,Information and communication,85.15,Gross Value Added
2016.25,Denmark,Information and communication,86.09,Gross Value Added
2016.5,Denmark,Information and communication,87.694,Gross Value Added
2016.75,Denmark,Information and communication,87.276,Gross Value Added
2017.0,Denmark,Information and communication,88.924,Gross Value Added
2017.25,Denmark,Information and communication,88.691,Gross Value Added
2017.5,Denmark,Information and communication,88.085,Gross Value Added
2017.75,Denmark,Information and communication,88.063,Gross Value Added
2018.0,Denmark,Information and communication,86.74,Gross Value Added
2018.25,Denmark,Information and communication,90.659,Gross Value Added
2018.5,Denmark,Information and communication,90.682,Gross Value Added
2018.75,Denmark,Information and communication,91.638,Gross Value Added
2019.0,Denmark,Information and communication,93.268,Gross Value Added
2019.25,Denmark,Information and communication,95.987,Gross Value Added
2019.5,Denmark,Information and communication,97.494,Gross Value Added
2019.75,Denmark,Information and communication,99.198,Gross Value Added
2020.0,Denmark,Information and communication,100.352,Gross Value Added
2020.25,Denmark,Information and communication,95.177,Gross Value Added
2020.5,Denmark,Information and communication,103.377,Gross Value Added
2020.75,Denmark,Information and communication,101.094,Gross Value Added
2021.0,Denmark,Information and communication,101.852,Gross Value Added
2021.25,Denmark,Information and communication,100.752,Gross Value Added
2021.5,Denmark,Information and communication,101.521,Gross Value Added
2021.75,Denmark,Information and communication,110.384,Gross Value Added
2022.0,Denmark,Information and communication,106.569,Gross Value Added
2022.25,Denmark,Information and communication,107.812,Gross Value Added
2022.5,Denmark,Information and communication,109.04,Gross Value Added
2022.75,Denmark,Information and communication,106.492,Gross Value Added
2023.0,Denmark,Information and communication,110.18,Gross Value Added
2023.25,Denmark,Information and communication,115.486,Gross Value Added
2023.5,Denmark,Information and communication,114.282,Gross Value Added
2023.75,Denmark,Information and communication,117.531,Gross Value Added
2024.0,Denmark,Information and communication,116.189,Gross Value Added
2024.25,Denmark,Information and communication,118.623,Gross Value Added
2024.5,Denmark,Information and communication,122.08,Gross Value Added
2024.75,Denmark,Information and communication,127.852,Gross Value Added
2025.0,Denmark,Information and communication,129.644,Gross Value Added
2025.25,Denmark,Information and communication,126.332,Gross Value Added
2012.0,Euro Area,Information and communication,72.314,Gross Value Added
2012.25,Euro Area,Information and communication,72.148,Gross Value Added
2012.5,Euro Area,Information and communication,72.42,Gross Value Added
2012.75,Euro Area,Information and communication,72.673,Gross Value Added
2013.0,Euro Area,Information and communication,73.174,Gross Value Added
2013.25,Euro Area,Information and communication,73.945,Gross Value Added
2013.5,Euro Area,Information and communication,74.16,Gross Value Added
2013.75,Euro Area,Information and communication,74.392,Gross Value Added
2014.0,Euro Area,Information and communication,75.424,Gross Value Added
2014.25,Euro Area,Information and communication,76.154,Gross Value Added
2014.5,Euro Area,Information and communication,76.863,Gross Value Added
2014.75,Euro Area,Information and communication,77.579,Gross Value Added
2015.0,Euro Area,Information and communication,77.651,Gross Value Added
2015.25,Euro Area,Information and communication,78.332,Gross Value Added
2015.5,Euro Area,Information and communication,79.206,Gross Value Added
2015.75,Euro Area,Information and communication,80.576,Gross Value Added
2016.0,Euro Area,Information and communication,80.709,Gross Value Added
2016.25,Euro Area,Information and communication,81.575,Gross Value Added
2016.5,Euro Area,Information and communication,82.77,Gross Value Added
2016.75,Euro Area,Information and communication,83.47,Gross Value Added
2017.0,Euro Area,Information and communication,85.643,Gross Value Added
2017.25,Euro Area,Information and communication,86.68,Gross Value Added
2017.5,Euro Area,Information and communication,88.703,Gross Value Added
2017.75,Euro Area,Information and communication,89.253,Gross Value Added
2018.0,Euro Area,Information and communication,91.303,Gross Value Added
2018.25,Euro Area,Information and communication,92.403,Gross Value Added
2018.5,Euro Area,Information and communication,93.192,Gross Value Added
2018.75,Euro Area,Information and communication,95.067,Gross Value Added
2019.0,Euro Area,Information and communication,96.303,Gross Value Added
2019.25,Euro Area,Information and communication,98.168,Gross Value Added
2019.5,Euro Area,Information and communication,98.97,Gross Value Added
2019.75,Euro Area,Information and communication,100.264,Gross Value Added
2020.0,Euro Area,Information and communication,100.603,Gross Value Added
2020.25,Euro Area,Information and communication,94.607,Gross Value Added
2020.5,Euro Area,Information and communication,102.312,Gross Value Added
2020.75,Euro Area,Information and communication,102.477,Gross Value Added
2021.0,Euro Area,Information and communication,106.43,Gross Value Added
2021.25,Euro Area,Information and communication,110.144,Gross Value Added
2021.5,Euro Area,Information and communication,110.96,Gross Value Added
2021.75,Euro Area,Information and communication,114.848,Gross Value Added
2022.0,Euro Area,Information and communication,114.276,Gross Value Added
2022.25,Euro Area,Information and communication,116.354,Gross Value Added
2022.5,Euro Area,Information and communication,118.903,Gross Value Added
2022.75,Euro Area,Information and communication,119.099,Gross Value Added
2023.0,Euro Area,Information and communication,121.266,Gross Value Added
2023.25,Euro Area,Information and communication,123.217,Gross Value Added
2023.5,Euro Area,Information and communication,123.83,Gross Value Added
2023.75,Euro Area,Information and communication,125.123,Gross Value Added
2024.0,Euro Area,Information and communication,126.131,Gross Value Added
2024.25,Euro Area,Information and communication,125.728,Gross Value Added
2024.5,Euro Area,Information and communication,127.417,Gross Value Added
2024.75,Euro Area,Information and communication,129.298,Gross Value Added
2025.0,Euro Area,Information and communication,130.435,Gross Value Added
2012.0,Spain,Information and communication,73.288,Gross Value Added
2012.25,Spain,Information and communication,72.952,Gross Value Added
2012.5,Spain,Information and communication,73.851,Gross Value Added
2012.75,Spain,Information and communication,73.475,Gross Value Added
2013.0,Spain,Information and communication,74.108,Gross Value Added
2013.25,Spain,Information and communication,75.214,Gross Value Added
2013.5,Spain,Information and communication,75.688,Gross Value Added
2013.75,Spain,Information and communication,76.854,Gross Value Added
2014.0,Spain,Information and communication,79.285,Gross Value Added
2014.25,Spain,Information and communication,79.759,Gross Value Added
2014.5,Spain,Information and communication,80.737,Gross Value Added
2014.75,Spain,Information and communication,82.95,Gross Value Added
2015.0,Spain,Information and communication,83.889,Gross Value Added
2015.25,Spain,Information and communication,85.124,Gross Value Added
2015.5,Spain,Information and communication,86.201,Gross Value Added
2015.75,Spain,Information and communication,87.258,Gross Value Added
2016.0,Spain,Information and communication,87.188,Gross Value Added
2016.25,Spain,Information and communication,88.453,Gross Value Added
2016.5,Spain,Information and communication,89.886,Gross Value Added
2016.75,Spain,Information and communication,91.318,Gross Value Added
2017.0,Spain,Information and communication,93.63,Gross Value Added
2017.25,Spain,Information and communication,95.833,Gross Value Added
2017.5,Spain,Information and communication,98.422,Gross Value Added
2017.75,Spain,Information and communication,99.35,Gross Value Added
2018.0,Spain,Information and communication,98.916,Gross Value Added
2018.25,Spain,Information and communication,100.971,Gross Value Added
2018.5,Spain,Information and communication,101.465,Gross Value Added
2018.75,Spain,Information and communication,101.899,Gross Value Added
2019.0,Spain,Information and communication,105.071,Gross Value Added
2019.25,Spain,Information and communication,104.182,Gross Value Added
2019.5,Spain,Information and communication,104.626,Gross Value Added
2019.75,Spain,Information and communication,106.316,Gross Value Added
2020.0,Spain,Information and communication,105.505,Gross Value Added
2020.25,Spain,Information and communication,92.662,Gross Value Added
2020.5,Spain,Information and communication,99.429,Gross Value Added
2020.75,Spain,Information and communication,102.403,Gross Value Added
2021.0,Spain,Information and communication,103.391,Gross Value Added
2021.25,Spain,Information and communication,106.523,Gross Value Added
2021.5,Spain,Information and communication,107.847,Gross Value Added
2021.75,Spain,Information and communication,115.721,Gross Value Added
2022.0,Spain,Information and communication,117.559,Gross Value Added
2022.25,Spain,Information and communication,120.078,Gross Value Added
2022.5,Spain,Information and communication,121.985,Gross Value Added
2022.75,Spain,Information and communication,127.636,Gross Value Added
2023.0,Spain,Information and communication,122.884,Gross Value Added
2023.25,Spain,Information and communication,126.559,Gross Value Added
2023.5,Spain,Information and communication,128.298,Gross Value Added
2023.75,Spain,Information and communication,133.692,Gross Value Added
2024.0,Spain,Information and communication,128.93,Gross Value Added
2024.25,Spain,Information and communication,131.914,Gross Value Added
2024.5,Spain,Information and communication,132.833,Gross Value Added
2024.75,Spain,Information and communication,136.755,Gross Value Added
2025.0,Spain,Information and communication,131.558,Gross Value Added
2025.25,Spain,Information and communication,134.957,Gross Value Added
2012.0,European Union,Information and communication,69.493,Gross Value Added
2012.25,European Union,Information and communication,69.609,Gross Value Added
2012.5,European Union,Information and communication,69.961,Gross Value Added
2012.75,European Union,Information and communication,70.148,Gross Value Added
2013.0,European Union,Information and communication,70.811,Gross Value Added
2013.25,European Union,Information and communication,71.46,Gross Value Added
2013.5,European Union,Information and communication,71.741,Gross Value Added
2013.75,European Union,Information and communication,72.568,Gross Value Added
2014.0,European Union,Information and communication,72.922,Gross Value Added
2014.25,European Union,Information and communication,74.048,Gross Value Added
2014.5,European Union,Information and communication,74.856,Gross Value Added
2014.75,European Union,Information and communication,75.603,Gross Value Added
2015.0,European Union,Information and communication,76.07,Gross Value Added
2015.25,European Union,Information and communication,77.019,Gross Value Added
2015.5,European Union,Information and communication,77.591,Gross Value Added
2015.75,European Union,Information and communication,79.578,Gross Value Added
2016.0,European Union,Information and communication,79.406,Gross Value Added
2016.25,European Union,Information and communication,80.278,Gross Value Added
2016.5,European Union,Information and communication,81.287,Gross Value Added
2016.75,European Union,Information and communication,81.937,Gross Value Added
2017.0,European Union,Information and communication,84.195,Gross Value Added
2017.25,European Union,Information and communication,84.936,Gross Value Added
2017.5,European Union,Information and communication,86.62,Gross Value Added
2017.75,European Union,Information and communication,87.355,Gross Value Added
2018.0,European Union,Information and communication,89.415,Gross Value Added
2018.25,European Union,Information and communication,90.767,Gross Value Added
2018.5,European Union,Information and communication,91.882,Gross Value Added
2018.75,European Union,Information and communication,93.927,Gross Value Added
2019.0,European Union,Information and communication,95.265,Gross Value Added
2019.25,European Union,Information and communication,97.31,Gross Value Added
2019.5,European Union,Information and communication,98.43,Gross Value Added
2019.75,European Union,Information and communication,99.831,Gross Value Added
2020.0,European Union,Information and communication,100.593,Gross Value Added
2020.25,European Union,Information and communication,94.834,Gross Value Added
2020.5,European Union,Information and communication,101.778,Gross Value Added
2020.75,European Union,Information and communication,102.795,Gross Value Added
2021.0,European Union,Information and communication,107.184,Gross Value Added
2021.25,European Union,Information and communication,110.837,Gross Value Added
2021.5,European Union,Information and communication,111.192,Gross Value Added
2021.75,European Union,Information and communication,115.057,Gross Value Added
2022.0,European Union,Information and communication,114.498,Gross Value Added
2022.25,European Union,Information and communication,116.492,Gross Value Added
2022.5,European Union,Information and communication,119.128,Gross Value Added
2022.75,European Union,Information and communication,119.502,Gross Value Added
2023.0,European Union,Information and communication,121.008,Gross Value Added
2023.25,European Union,Information and communication,122.724,Gross Value Added
2023.5,European Union,Information and communication,123.533,Gross Value Added
2023.75,European Union,Information and communication,124.734,Gross Value Added
2024.0,European Union,Information and communication,125.536,Gross Value Added
2024.25,European Union,Information and communication,125.356,Gross Value Added
2024.5,European Union,Information and communication,127.234,Gross Value Added
2024.75,European Union,Information and communication,128.876,Gross Value Added
2025.0,European Union,Information and communication,130.197,Gross Value Added
2012.0,Finland,Information and communication,75.303,Gross Value Added
2012.25,Finland,Information and communication,75.931,Gross Value Added
2012.5,Finland,Information and communication,76.955,Gross Value Added
2012.75,Finland,Information and communication,77.847,Gross Value Added
2013.0,Finland,Information and communication,79.762,Gross Value Added
2013.25,Finland,Information and communication,79.663,Gross Value Added
2013.5,Finland,Information and communication,78.771,Gross Value Added
2013.75,Finland,Information and communication,78.144,Gross Value Added
2014.0,Finland,Information and communication,81.017,Gross Value Added
2014.25,Finland,Information and communication,81.612,Gross Value Added
2014.5,Finland,Information and communication,83.362,Gross Value Added
2014.75,Finland,Information and communication,83.461,Gross Value Added
2015.0,Finland,Information and communication,84.254,Gross Value Added
2015.25,Finland,Information and communication,84.915,Gross Value Added
2015.5,Finland,Information and communication,84.056,Gross Value Added
2015.75,Finland,Information and communication,86.467,Gross Value Added
2016.0,Finland,Information and communication,85.344,Gross Value Added
2016.25,Finland,Information and communication,85.542,Gross Value Added
2016.5,Finland,Information and communication,87.028,Gross Value Added
2016.75,Finland,Information and communication,88.085,Gross Value Added
2017.0,Finland,Information and communication,88.118,Gross Value Added
2017.25,Finland,Information and communication,89.538,Gross Value Added
2017.5,Finland,Information and communication,90.661,Gross Value Added
2017.75,Finland,Information and communication,93.039,Gross Value Added
2018.0,Finland,Information and communication,91.718,Gross Value Added
2018.25,Finland,Information and communication,92.346,Gross Value Added
2018.5,Finland,Information and communication,93.766,Gross Value Added
2018.75,Finland,Information and communication,93.304,Gross Value Added
2019.0,Finland,Information and communication,94.79,Gross Value Added
2019.25,Finland,Information and communication,96.045,Gross Value Added
2019.5,Finland,Information and communication,96.276,Gross Value Added
2019.75,Finland,Information and communication,96.408,Gross Value Added
2020.0,Finland,Information and communication,98.357,Gross Value Added
2020.25,Finland,Information and communication,97.069,Gross Value Added
2020.5,Finland,Information and communication,100.537,Gross Value Added
2020.75,Finland,Information and communication,104.038,Gross Value Added
2021.0,Finland,Information and communication,107.373,Gross Value Added
2021.25,Finland,Information and communication,111.238,Gross Value Added
2021.5,Finland,Information and communication,111.106,Gross Value Added
2021.75,Finland,Information and communication,112.063,Gross Value Added
2022.0,Finland,Information and communication,110.841,Gross Value Added
2022.25,Finland,Information and communication,110.346,Gross Value Added
2022.5,Finland,Information and communication,114.375,Gross Value Added
2022.75,Finland,Information and communication,115.498,Gross Value Added
2023.0,Finland,Information and communication,117.777,Gross Value Added
2023.25,Finland,Information and communication,118.834,Gross Value Added
2023.5,Finland,Information and communication,118.57,Gross Value Added
2023.75,Finland,Information and communication,119.66,Gross Value Added
2024.0,Finland,Information and communication,117.546,Gross Value Added
2024.25,Finland,Information and communication,119.759,Gross Value Added
2024.5,Finland,Information and communication,119.429,Gross Value Added
2024.75,Finland,Information and communication,120.915,Gross Value Added
2025.0,Finland,Information and communication,124.185,Gross Value Added
2012.0,France,Information and communication,76.463,Gross Value Added
2012.25,France,Information and communication,76.393,Gross Value Added
2012.5,France,Information and communication,77.314,Gross Value Added
2012.75,France,Information and communication,77.918,Gross Value Added
2013.0,France,Information and communication,77.113,Gross Value Added
2013.25,France,Information and communication,77.356,Gross Value Added
2013.5,France,Information and communication,76.298,Gross Value Added
2013.75,France,Information and communication,77.007,Gross Value Added
2014.0,France,Information and communication,77.945,Gross Value Added
2014.25,France,Information and communication,78.836,Gross Value Added
2014.5,France,Information and communication,80.013,Gross Value Added
2014.75,France,Information and communication,80.091,Gross Value Added
2015.0,France,Information and communication,81.05,Gross Value Added
2015.25,France,Information and communication,81.61,Gross Value Added
2015.5,France,Information and communication,82.167,Gross Value Added
2015.75,France,Information and communication,82.5,Gross Value Added
2016.0,France,Information and communication,83.695,Gross Value Added
2016.25,France,Information and communication,83.019,Gross Value Added
2016.5,France,Information and communication,84.385,Gross Value Added
2016.75,France,Information and communication,85.162,Gross Value Added
2017.0,France,Information and communication,87.641,Gross Value Added
2017.25,France,Information and communication,88.867,Gross Value Added
2017.5,France,Information and communication,90.686,Gross Value Added
2017.75,France,Information and communication,91.865,Gross Value Added
2018.0,France,Information and communication,92.73,Gross Value Added
2018.25,France,Information and communication,94.07,Gross Value Added
2018.5,France,Information and communication,95.932,Gross Value Added
2018.75,France,Information and communication,96.754,Gross Value Added
2019.0,France,Information and communication,98.019,Gross Value Added
2019.25,France,Information and communication,99.972,Gross Value Added
2019.5,France,Information and communication,102.102,Gross Value Added
2019.75,France,Information and communication,102.891,Gross Value Added
2020.0,France,Information and communication,100.213,Gross Value Added
2020.25,France,Information and communication,94.353,Gross Value Added
2020.5,France,Information and communication,101.769,Gross Value Added
2020.75,France,Information and communication,103.665,Gross Value Added
2021.0,France,Information and communication,106.049,Gross Value Added
2021.25,France,Information and communication,108.06,Gross Value Added
2021.5,France,Information and communication,111.265,Gross Value Added
2021.75,France,Information and communication,112.93,Gross Value Added
2022.0,France,Information and communication,113.973,Gross Value Added
2022.25,France,Information and communication,115.784,Gross Value Added
2022.5,France,Information and communication,119.371,Gross Value Added
2022.75,France,Information and communication,120.511,Gross Value Added
2023.0,France,Information and communication,121.26,Gross Value Added
2023.25,France,Information and communication,123.322,Gross Value Added
2023.5,France,Information and communication,124.169,Gross Value Added
2023.75,France,Information and communication,125.179,Gross Value Added
2024.0,France,Information and communication,125.832,Gross Value Added
2024.25,France,Information and communication,126.682,Gross Value Added
2024.5,France,Information and communication,128.691,Gross Value Added
2024.75,France,Information and communication,128.392,Gross Value Added
2025.0,France,Information and communication,129.334,Gross Value Added
2025.25,France,Information and communication,129.703,Gross Value Added
2012.0,Ireland,Information and communication,28.597,Gross Value Added
2012.25,Ireland,Information and communication,26.699,Gross Value Added
2012.5,Ireland,Information and communication,26.407,Gross Value Added
2012.75,Ireland,Information and communication,28.194,Gross Value Added
2013.0,Ireland,Information and communication,28.04,Gross Value Added
2013.25,Ireland,Information and communication,29.885,Gross Value Added
2013.5,Ireland,Information and communication,31.77,Gross Value Added
2013.75,Ireland,Information and communication,32.335,Gross Value Added
2014.0,Ireland,Information and communication,31.069,Gross Value Added
2014.25,Ireland,Information and communication,35.802,Gross Value Added
2014.5,Ireland,Information and communication,33.242,Gross Value Added
2014.75,Ireland,Information and communication,37.799,Gross Value Added
2015.0,Ireland,Information and communication,39.319,Gross Value Added
2015.25,Ireland,Information and communication,39.67,Gross Value Added
2015.5,Ireland,Information and communication,40.185,Gross Value Added
2015.75,Ireland,Information and communication,41.439,Gross Value Added
2016.0,Ireland,Information and communication,42.742,Gross Value Added
2016.25,Ireland,Information and communication,41.512,Gross Value Added
2016.5,Ireland,Information and communication,45.475,Gross Value Added
2016.75,Ireland,Information and communication,45.775,Gross Value Added
2017.0,Ireland,Information and communication,49.647,Gross Value Added
2017.25,Ireland,Information and communication,53.78,Gross Value Added
2017.5,Ireland,Information and communication,61.824,Gross Value Added
2017.75,Ireland,Information and communication,59.75,Gross Value Added
2018.0,Ireland,Information and communication,64.695,Gross Value Added
2018.25,Ireland,Information and communication,67.591,Gross Value Added
2018.5,Ireland,Information and communication,70.609,Gross Value Added
2018.75,Ireland,Information and communication,76.202,Gross Value Added
2019.0,Ireland,Information and communication,76.458,Gross Value Added
2019.25,Ireland,Information and communication,86.055,Gross Value Added
2019.5,Ireland,Information and communication,83.112,Gross Value Added
2019.75,Ireland,Information and communication,89.187,Gross Value Added
2020.0,Ireland,Information and communication,96.039,Gross Value Added
2020.25,Ireland,Information and communication,89.359,Gross Value Added
2020.5,Ireland,Information and communication,114.31,Gross Value Added
2020.75,Ireland,Information and communication,100.291,Gross Value Added
2021.0,Ireland,Information and communication,115.218,Gross Value Added
2021.25,Ireland,Information and communication,121.197,Gross Value Added
2021.5,Ireland,Information and communication,120.764,Gross Value Added
2021.75,Ireland,Information and communication,134.694,Gross Value Added
2022.0,Ireland,Information and communication,126.44,Gross Value Added
2022.25,Ireland,Information and communication,133.639,Gross Value Added
2022.5,Ireland,Information and communication,137.774,Gross Value Added
2022.75,Ireland,Information and communication,132.269,Gross Value Added
2023.0,Ireland,Information and communication,141.831,Gross Value Added
2023.25,Ireland,Information and communication,151.614,Gross Value Added
2023.5,Ireland,Information and communication,150.234,Gross Value Added
2023.75,Ireland,Information and communication,151.584,Gross Value Added
2024.0,Ireland,Information and communication,153.835,Gross Value Added
2024.25,Ireland,Information and communication,146.999,Gross Value Added
2024.5,Ireland,Information and communication,158.791,Gross Value Added
2024.75,Ireland,Information and communication,171.972,Gross Value Added
2025.0,Ireland,Information and communication,172.77,Gross Value Added
2012.0,Italy,Information and communication,96.664,Gross Value Added
2012.25,Italy,Information and communication,96.191,Gross Value Added
2012.5,Italy,Information and communication,94.307,Gross Value Added
2012.75,Italy,Information and communication,94.373,Gross Value Added
2013.0,Italy,Information and communication,93.851,Gross Value Added
2013.25,Italy,Information and communication,94.265,Gross Value Added
2013.5,Italy,Information and communication,94.538,Gross Value Added
2013.75,Italy,Information and communication,93.53,Gross Value Added
2014.0,Italy,Information and communication,93.53,Gross Value Added
2014.25,Italy,Information and communication,93.614,Gross Value Added
2014.5,Italy,Information and communication,93.33,Gross Value Added
2014.75,Italy,Information and communication,93.088,Gross Value Added
2015.0,Italy,Information and communication,93.975,Gross Value Added
2015.25,Italy,Information and communication,93.193,Gross Value Added
2015.5,Italy,Information and communication,94.033,Gross Value Added
2015.75,Italy,Information and communication,95.177,Gross Value Added
2016.0,Italy,Information and communication,96.929,Gross Value Added
2016.25,Italy,Information and communication,97.126,Gross Value Added
2016.5,Italy,Information and communication,98.515,Gross Value Added
2016.75,Italy,Information and communication,99.001,Gross Value Added
2017.0,Italy,Information and communication,99.711,Gross Value Added
2017.25,Italy,Information and communication,99.784,Gross Value Added
2017.5,Italy,Information and communication,99.266,Gross Value Added
2017.75,Italy,Information and communication,98.833,Gross Value Added
2018.0,Italy,Information and communication,98.521,Gross Value Added
2018.25,Italy,Information and communication,97.703,Gross Value Added
2018.5,Italy,Information and communication,97.419,Gross Value Added
2018.75,Italy,Information and communication,98.727,Gross Value Added
2019.0,Italy,Information and communication,100.356,Gross Value Added
2019.25,Italy,Information and communication,100.744,Gross Value Added
2019.5,Italy,Information and communication,101.397,Gross Value Added
2019.75,Italy,Information and communication,100.668,Gross Value Added
2020.0,Italy,Information and communication,99.399,Gross Value Added
2020.25,Italy,Information and communication,95.92,Gross Value Added
2020.5,Italy,Information and communication,101.698,Gross Value Added
2020.75,Italy,Information and communication,102.984,Gross Value Added
2021.0,Italy,Information and communication,107.192,Gross Value Added
2021.25,Italy,Information and communication,110.588,Gross Value Added
2021.5,Italy,Information and communication,111.489,Gross Value Added
2021.75,Italy,Information and communication,112.884,Gross Value Added
2022.0,Italy,Information and communication,112.781,Gross Value Added
2022.25,Italy,Information and communication,112.544,Gross Value Added
2022.5,Italy,Information and communication,114.727,Gross Value Added
2022.75,Italy,Information and communication,116.895,Gross Value Added
2023.0,Italy,Information and communication,118.071,Gross Value Added
2023.25,Italy,Information and communication,120.139,Gross Value Added
2023.5,Italy,Information and communication,121.959,Gross Value Added
2023.75,Italy,Information and communication,122.069,Gross Value Added
2024.0,Italy,Information and communication,122.201,Gross Value Added
2024.25,Italy,Information and communication,123.158,Gross Value Added
2024.5,Italy,Information and communication,122.319,Gross Value Added
2024.75,Italy,Information and communication,122.12,Gross Value Added
2025.0,Italy,Information and communication,123.134,Gross Value Added
2012.0,Netherlands,Information and communication,74.635,Gross Value Added
2012.25,Netherlands,Information and communication,73.917,Gross Value Added
2012.5,Netherlands,Information and communication,74.626,Gross Value Added
2012.75,Netherlands,Information and communication,71.936,Gross Value Added
2013.0,Netherlands,Information and communication,74.637,Gross Value Added
2013.25,Netherlands,Information and communication,75.138,Gross Value Added
2013.5,Netherlands,Information and communication,75.213,Gross Value Added
2013.75,Netherlands,Information and communication,75.167,Gross Value Added
2014.0,Netherlands,Information and communication,77.054,Gross Value Added
2014.25,Netherlands,Information and communication,76.577,Gross Value Added
2014.5,Netherlands,Information and communication,76.896,Gross Value Added
2014.75,Netherlands,Information and communication,78.404,Gross Value Added
2015.0,Netherlands,Information and communication,78.93,Gross Value Added
2015.25,Netherlands,Information and communication,79.481,Gross Value Added
2015.5,Netherlands,Information and communication,80.616,Gross Value Added
2015.75,Netherlands,Information and communication,82.175,Gross Value Added
2016.0,Netherlands,Information and communication,81.154,Gross Value Added
2016.25,Netherlands,Information and communication,83.434,Gross Value Added
2016.5,Netherlands,Information and communication,84.389,Gross Value Added
2016.75,Netherlands,Information and communication,86.117,Gross Value Added
2017.0,Netherlands,Information and communication,86.825,Gross Value Added
2017.25,Netherlands,Information and communication,87.918,Gross Value Added
2017.5,Netherlands,Information and communication,88.354,Gross Value Added
2017.75,Netherlands,Information and communication,89.703,Gross Value Added
2018.0,Netherlands,Information and communication,90.303,Gross Value Added
2018.25,Netherlands,Information and communication,90.682,Gross Value Added
2018.5,Netherlands,Information and communication,91.68,Gross Value Added
2018.75,Netherlands,Information and communication,92.315,Gross Value Added
2019.0,Netherlands,Information and communication,93.822,Gross Value Added
2019.25,Netherlands,Information and communication,94.713,Gross Value Added
2019.5,Netherlands,Information and communication,96.106,Gross Value Added
2019.75,Netherlands,Information and communication,97.811,Gross Value Added
2020.0,Netherlands,Information and communication,100.577,Gross Value Added
2020.25,Netherlands,Information and communication,96.996,Gross Value Added
2020.5,Netherlands,Information and communication,100.367,Gross Value Added
2020.75,Netherlands,Information and communication,102.061,Gross Value Added
2021.0,Netherlands,Information and communication,102.367,Gross Value Added
2021.25,Netherlands,Information and communication,107.296,Gross Value Added
2021.5,Netherlands,Information and communication,105.847,Gross Value Added
2021.75,Netherlands,Information and communication,105.621,Gross Value Added
2022.0,Netherlands,Information and communication,115.709,Gross Value Added
2022.25,Netherlands,Information and communication,120.378,Gross Value Added
2022.5,Netherlands,Information and communication,122.729,Gross Value Added
2022.75,Netherlands,Information and communication,122.532,Gross Value Added
2023.0,Netherlands,Information and communication,122.958,Gross Value Added
2023.25,Netherlands,Information and communication,121.384,Gross Value Added
2023.5,Netherlands,Information and communication,122.224,Gross Value Added
2023.75,Netherlands,Information and communication,124.754,Gross Value Added
2024.0,Netherlands,Information and communication,124.965,Gross Value Added
2024.25,Netherlands,Information and communication,126.35,Gross Value Added
2024.5,Netherlands,Information and communication,126.281,Gross Value Added
2024.75,Netherlands,Information and communication,127.064,Gross Value Added
2025.0,Netherlands,Information and communication,128.067,Gross Value Added
2025.25,Netherlands,Information and communication,129.247,Gross Value Added
2012.0,Norway,Information and communication,77.419,Gross Value Added
2012.25,Norway,Information and communication,77.848,Gross Value Added
2012.5,Norway,Information and communication,78.072,Gross Value Added
2012.75,Norway,Information and communication,79.182,Gross Value Added
2013.0,Norway,Information and communication,79.715,Gross Value Added
2013.25,Norway,Information and communication,80.438,Gross Value Added
2013.5,Norway,Information and communication,80.519,Gross Value Added
2013.75,Norway,Information and communication,81.569,Gross Value Added
2014.0,Norway,Information and communication,80.566,Gross Value Added
2014.25,Norway,Information and communication,81.694,Gross Value Added
2014.5,Norway,Information and communication,81.89,Gross Value Added
2014.75,Norway,Information and communication,82.564,Gross Value Added
2015.0,Norway,Information and communication,83.426,Gross Value Added
2015.25,Norway,Information and communication,84.413,Gross Value Added
2015.5,Norway,Information and communication,84.603,Gross Value Added
2015.75,Norway,Information and communication,85.134,Gross Value Added
2016.0,Norway,Information and communication,85.912,Gross Value Added
2016.25,Norway,Information and communication,84.904,Gross Value Added
2016.5,Norway,Information and communication,85.149,Gross Value Added
2016.75,Norway,Information and communication,86.136,Gross Value Added
2017.0,Norway,Information and communication,86.283,Gross Value Added
2017.25,Norway,Information and communication,87.844,Gross Value Added
2017.5,Norway,Information and communication,88.946,Gross Value Added
2017.75,Norway,Information and communication,91.545,Gross Value Added
2018.0,Norway,Information and communication,93.851,Gross Value Added
2018.25,Norway,Information and communication,96.117,Gross Value Added
2018.5,Norway,Information and communication,97.507,Gross Value Added
2018.75,Norway,Information and communication,98.799,Gross Value Added
2019.0,Norway,Information and communication,100.458,Gross Value Added
2019.25,Norway,Information and communication,101.826,Gross Value Added
2019.5,Norway,Information and communication,102.868,Gross Value Added
2019.75,Norway,Information and communication,103.388,Gross Value Added
2020.0,Norway,Information and communication,100.654,Gross Value Added
2020.25,Norway,Information and communication,98.408,Gross Value Added
2020.5,Norway,Information and communication,100.118,Gross Value Added
2020.75,Norway,Information and communication,100.821,Gross Value Added
2021.0,Norway,Information and communication,102.92,Gross Value Added
2021.25,Norway,Information and communication,103.484,Gross Value Added
2021.5,Norway,Information and communication,105.179,Gross Value Added
2021.75,Norway,Information and communication,106.075,Gross Value Added
2022.0,Norway,Information and communication,106.879,Gross Value Added
2022.25,Norway,Information and communication,108.018,Gross Value Added
2022.5,Norway,Information and communication,108.812,Gross Value Added
2022.75,Norway,Information and communication,109.53,Gross Value Added
2023.0,Norway,Information and communication,111.102,Gross Value Added
2023.25,Norway,Information and communication,111.243,Gross Value Added
2023.5,Norway,Information and communication,111.841,Gross Value Added
2023.75,Norway,Information and communication,111.883,Gross Value Added
2024.0,Norway,Information and communication,112.019,Gross Value Added
2024.25,Norway,Information and communication,111.705,Gross Value Added
2024.5,Norway,Information and communication,111.389,Gross Value Added
2024.75,Norway,Information and communication,111.084,Gross Value Added
2025.0,Norway,Information and communication,110.01,Gross Value Added
2012.0,Poland,Information and communication,53.939,Gross Value Added
2012.25,Poland,Information and communication,52.993,Gross Value Added
2012.5,Poland,Information and communication,52.862,Gross Value Added
2012.75,Poland,Information and communication,53.101,Gross Value Added
2013.0,Poland,Information and communication,53.758,Gross Value Added
2013.25,Poland,Information and communication,53.877,Gross Value Added
2013.5,Poland,Information and communication,53.557,Gross Value Added
2013.75,Poland,Information and communication,54.569,Gross Value Added
2014.0,Poland,Information and communication,56.059,Gross Value Added
2014.25,Poland,Information and communication,57.515,Gross Value Added
2014.5,Poland,Information and communication,59.971,Gross Value Added
2014.75,Poland,Information and communication,60.54,Gross Value Added
2015.0,Poland,Information and communication,61.213,Gross Value Added
2015.25,Poland,Information and communication,63.81,Gross Value Added
2015.5,Poland,Information and communication,64.883,Gross Value Added
2015.75,Poland,Information and communication,67.386,Gross Value Added
2016.0,Poland,Information and communication,70.295,Gross Value Added
2016.25,Poland,Information and communication,71.121,Gross Value Added
2016.5,Poland,Information and communication,73.64,Gross Value Added
2016.75,Poland,Information and communication,75.3,Gross Value Added
2017.0,Poland,Information and communication,76.661,Gross Value Added
2017.25,Poland,Information and communication,79.916,Gross Value Added
2017.5,Poland,Information and communication,79.85,Gross Value Added
2017.75,Poland,Information and communication,81.634,Gross Value Added
2018.0,Poland,Information and communication,83.454,Gross Value Added
2018.25,Poland,Information and communication,82.996,Gross Value Added
2018.5,Poland,Information and communication,86.379,Gross Value Added
2018.75,Poland,Information and communication,87.992,Gross Value Added
2019.0,Poland,Information and communication,88.754,Gross Value Added
2019.25,Poland,Information and communication,91.856,Gross Value Added
2019.5,Poland,Information and communication,93.87,Gross Value Added
2019.75,Poland,Information and communication,95.798,Gross Value Added
2020.0,Poland,Information and communication,97.036,Gross Value Added
2020.25,Poland,Information and communication,99.148,Gross Value Added
2020.5,Poland,Information and communication,100.712,Gross Value Added
2020.75,Poland,Information and communication,103.103,Gross Value Added
2021.0,Poland,Information and communication,127.351,Gross Value Added
2021.25,Poland,Information and communication,127.284,Gross Value Added
2021.5,Poland,Information and communication,125.912,Gross Value Added
2021.75,Poland,Information and communication,125.485,Gross Value Added
2022.0,Poland,Information and communication,128.766,Gross Value Added
2022.25,Poland,Information and communication,129.334,Gross Value Added
2022.5,Poland,Information and communication,133.348,Gross Value Added
2022.75,Poland,Information and communication,134.564,Gross Value Added
2023.0,Poland,Information and communication,133.34,Gross Value Added
2023.25,Poland,Information and communication,134.147,Gross Value Added
2023.5,Poland,Information and communication,132.496,Gross Value Added
2023.75,Poland,Information and communication,133.284,Gross Value Added
2024.0,Poland,Information and communication,133.739,Gross Value Added
2024.25,Poland,Information and communication,134.17,Gross Value Added
2024.5,Poland,Information and communication,135.506,Gross Value Added
2024.75,Poland,Information and communication,135.497,Gross Value Added
2025.0,Poland,Information and communication,134.285,Gross Value Added
2012.0,Romania,Information and communication,49.003,Gross Value Added
2012.25,Romania,Information and communication,46.416,Gross Value Added
2012.5,Romania,Information and communication,47.637,Gross Value Added
2012.75,Romania,Information and communication,46.251,Gross Value Added
2013.0,Romania,Information and communication,55.284,Gross Value Added
2013.25,Romania,Information and communication,53.043,Gross Value Added
2013.5,Romania,Information and communication,53.531,Gross Value Added
2013.75,Romania,Information and communication,56.055,Gross Value Added
2014.0,Romania,Information and communication,54.115,Gross Value Added
2014.25,Romania,Information and communication,56.127,Gross Value Added
2014.5,Romania,Information and communication,58.355,Gross Value Added
2014.75,Romania,Information and communication,57.144,Gross Value Added
2015.0,Romania,Information and communication,59.966,Gross Value Added
2015.25,Romania,Information and communication,61.738,Gross Value Added
2015.5,Romania,Information and communication,60.726,Gross Value Added
2015.75,Romania,Information and communication,62.662,Gross Value Added
2016.0,Romania,Information and communication,59.71,Gross Value Added
2016.25,Romania,Information and communication,66.393,Gross Value Added
2016.5,Romania,Information and communication,67.091,Gross Value Added
2016.75,Romania,Information and communication,67.903,Gross Value Added
2017.0,Romania,Information and communication,74.561,Gross Value Added
2017.25,Romania,Information and communication,78.0,Gross Value Added
2017.5,Romania,Information and communication,77.283,Gross Value Added
2017.75,Romania,Information and communication,80.571,Gross Value Added
2018.0,Romania,Information and communication,76.943,Gross Value Added
2018.25,Romania,Information and communication,80.126,Gross Value Added
2018.5,Romania,Information and communication,83.36,Gross Value Added
2018.75,Romania,Information and communication,88.355,Gross Value Added
2019.0,Romania,Information and communication,89.92,Gross Value Added
2019.25,Romania,Information and communication,95.97,Gross Value Added
2019.5,Romania,Information and communication,94.992,Gross Value Added
2019.75,Romania,Information and communication,98.997,Gross Value Added
2020.0,Romania,Information and communication,100.481,Gross Value Added
2020.25,Romania,Information and communication,93.95,Gross Value Added
2020.5,Romania,Information and communication,101.724,Gross Value Added
2020.75,Romania,Information and communication,103.845,Gross Value Added
2021.0,Romania,Information and communication,105.681,Gross Value Added
2021.25,Romania,Information and communication,108.225,Gross Value Added
2021.5,Romania,Information and communication,112.328,Gross Value Added
2021.75,Romania,Information and communication,118.795,Gross Value Added
2022.0,Romania,Information and communication,132.343,Gross Value Added
2022.25,Romania,Information and communication,133.695,Gross Value Added
2022.5,Romania,Information and communication,139.597,Gross Value Added
2022.75,Romania,Information and communication,129.657,Gross Value Added
2023.0,Romania,Information and communication,136.591,Gross Value Added
2023.25,Romania,Information and communication,141.025,Gross Value Added
2023.5,Romania,Information and communication,143.117,Gross Value Added
2023.75,Romania,Information and communication,142.126,Gross Value Added
2024.0,Romania,Information and communication,138.842,Gross Value Added
2024.25,Romania,Information and communication,138.316,Gross Value Added
2024.5,Romania,Information and communication,142.411,Gross Value Added
2024.75,Romania,Information and communication,145.198,Gross Value Added
2025.0,Romania,Information and communication,144.955,Gross Value Added
2012.0,Germany,Finance and insurance,97.033,Gross Value Added
2012.25,Germany,Finance and insurance,97.383,Gross Value Added
2012.5,Germany,Finance and insurance,98.424,Gross Value Added
2012.75,Germany,Finance and insurance,100.966,Gross Value Added
2013.0,Germany,Finance and insurance,102.585,Gross Value Added
2013.25,Germany,Finance and insurance,105.277,Gross Value Added
2013.5,Germany,Finance and insurance,106.318,Gross Value Added
2013.75,Germany,Finance and insurance,103.616,Gross Value Added
2014.0,Germany,Finance and insurance,100.846,Gross Value Added
2014.25,Germany,Finance and insurance,99.114,Gross Value Added
2014.5,Germany,Finance and insurance,99.204,Gross Value Added
2014.75,Germany,Finance and insurance,100.636,Gross Value Added
2015.0,Germany,Finance and insurance,101.551,Gross Value Added
2015.25,Germany,Finance and insurance,102.282,Gross Value Added
2015.5,Germany,Finance and insurance,101.541,Gross Value Added
2015.75,Germany,Finance and insurance,99.9,Gross Value Added
2016.0,Germany,Finance and insurance,98.759,Gross Value Added
2016.25,Germany,Finance and insurance,95.777,Gross Value Added
2016.5,Germany,Finance and insurance,96.047,Gross Value Added
2016.75,Germany,Finance and insurance,98.088,Gross Value Added
2017.0,Germany,Finance and insurance,99.229,Gross Value Added
2017.25,Germany,Finance and insurance,101.671,Gross Value Added
2017.5,Germany,Finance and insurance,101.912,Gross Value Added
2017.75,Germany,Finance and insurance,99.279,Gross Value Added
2018.0,Germany,Finance and insurance,96.112,Gross Value Added
2018.25,Germany,Finance and insurance,93.159,Gross Value Added
2018.5,Germany,Finance and insurance,91.978,Gross Value Added
2018.75,Germany,Finance and insurance,94.4,Gross Value Added
2019.0,Germany,Finance and insurance,96.147,Gross Value Added
2019.25,Germany,Finance and insurance,97.498,Gross Value Added
2019.5,Germany,Finance and insurance,98.179,Gross Value Added
2019.75,Germany,Finance and insurance,99.229,Gross Value Added
2020.0,Germany,Finance and insurance,98.139,Gross Value Added
2020.25,Germany,Finance and insurance,97.888,Gross Value Added
2020.5,Germany,Finance and insurance,101.681,Gross Value Added
2020.75,Germany,Finance and insurance,102.292,Gross Value Added
2021.0,Germany,Finance and insurance,103.535,Gross Value Added
2021.25,Germany,Finance and insurance,110.391,Gross Value Added
2021.5,Germany,Finance and insurance,111.112,Gross Value Added
2021.75,Germany,Finance and insurance,105.157,Gross Value Added
2022.0,Germany,Finance and insurance,102.457,Gross Value Added
2022.25,Germany,Finance and insurance,99.204,Gross Value Added
2022.5,Germany,Finance and insurance,97.763,Gross Value Added
2022.75,Germany,Finance and insurance,99.435,Gross Value Added
2023.0,Germany,Finance and insurance,98.984,Gross Value Added
2023.25,Germany,Finance and insurance,97.303,Gross Value Added
2023.5,Germany,Finance and insurance,97.593,Gross Value Added
2023.75,Germany,Finance and insurance,98.454,Gross Value Added
2024.0,Germany,Finance and insurance,99.102,Gross Value Added
2024.25,Germany,Finance and insurance,97.881,Gross Value Added
2024.5,Germany,Finance and insurance,96.87,Gross Value Added
2024.75,Germany,Finance and insurance,95.969,Gross Value Added
2025.0,Germany,Finance and insurance,95.769,Gross Value Added
2025.25,Germany,Finance and insurance,94.618,Gross Value Added
2012.0,Denmark,Finance and insurance,94.24,Gross Value Added
2012.25,Denmark,Finance and insurance,95.654,Gross Value Added
2012.5,Denmark,Finance and insurance,95.189,Gross Value Added
2012.75,Denmark,Finance and insurance,96.208,Gross Value Added
2013.0,Denmark,Finance and insurance,98.145,Gross Value Added
2013.25,Denmark,Finance and insurance,95.771,Gross Value Added
2013.5,Denmark,Finance and insurance,95.532,Gross Value Added
2013.75,Denmark,Finance and insurance,92.958,Gross Value Added
2014.0,Denmark,Finance and insurance,90.306,Gross Value Added
2014.25,Denmark,Finance and insurance,93.418,Gross Value Added
2014.5,Denmark,Finance and insurance,98.286,Gross Value Added
2014.75,Denmark,Finance and insurance,89.087,Gross Value Added
2015.0,Denmark,Finance and insurance,91.805,Gross Value Added
2015.25,Denmark,Finance and insurance,89.552,Gross Value Added
2015.5,Denmark,Finance and insurance,88.2,Gross Value Added
2015.75,Denmark,Finance and insurance,86.148,Gross Value Added
2016.0,Denmark,Finance and insurance,87.301,Gross Value Added
2016.25,Denmark,Finance and insurance,88.957,Gross Value Added
2016.5,Denmark,Finance and insurance,89.755,Gross Value Added
2016.75,Denmark,Finance and insurance,92.329,Gross Value Added
2017.0,Denmark,Finance and insurance,91.202,Gross Value Added
2017.25,Denmark,Finance and insurance,91.16,Gross Value Added
2017.5,Denmark,Finance and insurance,91.467,Gross Value Added
2017.75,Denmark,Finance and insurance,95.361,Gross Value Added
2018.0,Denmark,Finance and insurance,98.352,Gross Value Added
2018.25,Denmark,Finance and insurance,95.377,Gross Value Added
2018.5,Denmark,Finance and insurance,97.492,Gross Value Added
2018.75,Denmark,Finance and insurance,91.655,Gross Value Added
2019.0,Denmark,Finance and insurance,91.562,Gross Value Added
2019.25,Denmark,Finance and insurance,92.803,Gross Value Added
2019.5,Denmark,Finance and insurance,96.917,Gross Value Added
2019.75,Denmark,Finance and insurance,96.792,Gross Value Added
2020.0,Denmark,Finance and insurance,94.87,Gross Value Added
2020.25,Denmark,Finance and insurance,99.332,Gross Value Added
2020.5,Denmark,Finance and insurance,102.255,Gross Value Added
2020.75,Denmark,Finance and insurance,103.543,Gross Value Added
2021.0,Denmark,Finance and insurance,103.041,Gross Value Added
2021.25,Denmark,Finance and insurance,102.681,Gross Value Added
2021.5,Denmark,Finance and insurance,103.604,Gross Value Added
2021.75,Denmark,Finance and insurance,103.627,Gross Value Added
2022.0,Denmark,Finance and insurance,97.812,Gross Value Added
2022.25,Denmark,Finance and insurance,91.514,Gross Value Added
2022.5,Denmark,Finance and insurance,83.598,Gross Value Added
2022.75,Denmark,Finance and insurance,81.944,Gross Value Added
2023.0,Denmark,Finance and insurance,84.612,Gross Value Added
2023.25,Denmark,Finance and insurance,84.308,Gross Value Added
2023.5,Denmark,Finance and insurance,87.333,Gross Value Added
2023.75,Denmark,Finance and insurance,89.622,Gross Value Added
2024.0,Denmark,Finance and insurance,89.302,Gross Value Added
2024.25,Denmark,Finance and insurance,93.503,Gross Value Added
2024.5,Denmark,Finance and insurance,95.692,Gross Value Added
2024.75,Denmark,Finance and insurance,89.708,Gross Value Added
2025.0,Denmark,Finance and insurance,93.175,Gross Value Added
2025.25,Denmark,Finance and insurance,92.172,Gross Value Added
2012.0,Euro Area,Finance and insurance,99.606,Gross Value Added
2012.25,Euro Area,Finance and insurance,99.241,Gross Value Added
2012.5,Euro Area,Finance and insurance,99.32,Gross Value Added
2012.75,Euro Area,Finance and insurance,99.452,Gross Value Added
2013.0,Euro Area,Finance and insurance,99.552,Gross Value Added
2013.25,Euro Area,Finance and insurance,99.612,Gross Value Added
2013.5,Euro Area,Finance and insurance,99.398,Gross Value Added
2013.75,Euro Area,Finance and insurance,98.157,Gross Value Added
2014.0,Euro Area,Finance and insurance,98.596,Gross Value Added
2014.25,Euro Area,Finance and insurance,97.981,Gross Value Added
2014.5,Euro Area,Finance and insurance,98.594,Gross Value Added
2014.75,Euro Area,Finance and insurance,98.774,Gross Value Added
2015.0,Euro Area,Finance and insurance,98.826,Gross Value Added
2015.25,Euro Area,Finance and insurance,99.184,Gross Value Added
2015.5,Euro Area,Finance and insurance,98.424,Gross Value Added
2015.75,Euro Area,Finance and insurance,98.021,Gross Value Added
2016.0,Euro Area,Finance and insurance,97.289,Gross Value Added
2016.25,Euro Area,Finance and insurance,96.765,Gross Value Added
2016.5,Euro Area,Finance and insurance,97.067,Gross Value Added
2016.75,Euro Area,Finance and insurance,97.092,Gross Value Added
2017.0,Euro Area,Finance and insurance,97.442,Gross Value Added
2017.25,Euro Area,Finance and insurance,98.08,Gross Value Added
2017.5,Euro Area,Finance and insurance,98.285,Gross Value Added
2017.75,Euro Area,Finance and insurance,98.225,Gross Value Added
2018.0,Euro Area,Finance and insurance,97.755,Gross Value Added
2018.25,Euro Area,Finance and insurance,97.365,Gross Value Added
2018.5,Euro Area,Finance and insurance,97.739,Gross Value Added
2018.75,Euro Area,Finance and insurance,98.258,Gross Value Added
2019.0,Euro Area,Finance and insurance,97.937,Gross Value Added
2019.25,Euro Area,Finance and insurance,98.718,Gross Value Added
2019.5,Euro Area,Finance and insurance,99.486,Gross Value Added
2019.75,Euro Area,Finance and insurance,99.947,Gross Value Added
2020.0,Euro Area,Finance and insurance,100.22,Gross Value Added
2020.25,Euro Area,Finance and insurance,97.349,Gross Value Added
2020.5,Euro Area,Finance and insurance,101.051,Gross Value Added
2020.75,Euro Area,Finance and insurance,101.381,Gross Value Added
2021.0,Euro Area,Finance and insurance,104.491,Gross Value Added
2021.25,Euro Area,Finance and insurance,106.118,Gross Value Added
2021.5,Euro Area,Finance and insurance,107.296,Gross Value Added
2021.75,Euro Area,Finance and insurance,106.051,Gross Value Added
2022.0,Euro Area,Finance and insurance,104.512,Gross Value Added
2022.25,Euro Area,Finance and insurance,104.205,Gross Value Added
2022.5,Euro Area,Finance and insurance,103.8,Gross Value Added
2022.75,Euro Area,Finance and insurance,104.171,Gross Value Added
2023.0,Euro Area,Finance and insurance,102.363,Gross Value Added
2023.25,Euro Area,Finance and insurance,102.709,Gross Value Added
2023.5,Euro Area,Finance and insurance,102.608,Gross Value Added
2023.75,Euro Area,Finance and insurance,101.759,Gross Value Added
2024.0,Euro Area,Finance and insurance,104.06,Gross Value Added
2024.25,Euro Area,Finance and insurance,103.798,Gross Value Added
2024.5,Euro Area,Finance and insurance,104.139,Gross Value Added
2024.75,Euro Area,Finance and insurance,103.712,Gross Value Added
2025.0,Euro Area,Finance and insurance,103.69,Gross Value Added
2012.0,Spain,Finance and insurance,115.175,Gross Value Added
2012.25,Spain,Finance and insurance,114.565,Gross Value Added
2012.5,Spain,Finance and insurance,111.85,Gross Value Added
2012.75,Spain,Finance and insurance,109.945,Gross Value Added
2013.0,Spain,Finance and insurance,107.395,Gross Value Added
2013.25,Spain,Finance and insurance,101.425,Gross Value Added
2013.5,Spain,Finance and insurance,96.969,Gross Value Added
2013.75,Spain,Finance and insurance,97.387,Gross Value Added
2014.0,Spain,Finance and insurance,97.039,Gross Value Added
2014.25,Spain,Finance and insurance,96.291,Gross Value Added
2014.5,Spain,Finance and insurance,96.674,Gross Value Added
2014.75,Spain,Finance and insurance,93.828,Gross Value Added
2015.0,Spain,Finance and insurance,90.164,Gross Value Added
2015.25,Spain,Finance and insurance,90.834,Gross Value Added
2015.5,Spain,Finance and insurance,88.702,Gross Value Added
2015.75,Spain,Finance and insurance,89.39,Gross Value Added
2016.0,Spain,Finance and insurance,91.983,Gross Value Added
2016.25,Spain,Finance and insurance,93.132,Gross Value Added
2016.5,Spain,Finance and insurance,94.307,Gross Value Added
2016.75,Spain,Finance and insurance,93.48,Gross Value Added
2017.0,Spain,Finance and insurance,90.887,Gross Value Added
2017.25,Spain,Finance and insurance,91.861,Gross Value Added
2017.5,Spain,Finance and insurance,94.089,Gross Value Added
2017.75,Spain,Finance and insurance,94.42,Gross Value Added
2018.0,Spain,Finance and insurance,95.951,Gross Value Added
2018.25,Spain,Finance and insurance,98.031,Gross Value Added
2018.5,Spain,Finance and insurance,98.988,Gross Value Added
2018.75,Spain,Finance and insurance,99.606,Gross Value Added
2019.0,Spain,Finance and insurance,96.16,Gross Value Added
2019.25,Spain,Finance and insurance,95.577,Gross Value Added
2019.5,Spain,Finance and insurance,94.394,Gross Value Added
2019.75,Spain,Finance and insurance,94.75,Gross Value Added
2020.0,Spain,Finance and insurance,98.405,Gross Value Added
2020.25,Spain,Finance and insurance,98.875,Gross Value Added
2020.5,Spain,Finance and insurance,101.486,Gross Value Added
2020.75,Spain,Finance and insurance,101.234,Gross Value Added
2021.0,Spain,Finance and insurance,99.484,Gross Value Added
2021.25,Spain,Finance and insurance,98.832,Gross Value Added
2021.5,Spain,Finance and insurance,97.97,Gross Value Added
2021.75,Spain,Finance and insurance,100.381,Gross Value Added
2022.0,Spain,Finance and insurance,100.485,Gross Value Added
2022.25,Spain,Finance and insurance,102.112,Gross Value Added
2022.5,Spain,Finance and insurance,103.105,Gross Value Added
2022.75,Spain,Finance and insurance,102.774,Gross Value Added
2023.0,Spain,Finance and insurance,99.911,Gross Value Added
2023.25,Spain,Finance and insurance,101.321,Gross Value Added
2023.5,Spain,Finance and insurance,105.289,Gross Value Added
2023.75,Spain,Finance and insurance,100.015,Gross Value Added
2024.0,Spain,Finance and insurance,101.669,Gross Value Added
2024.25,Spain,Finance and insurance,103.957,Gross Value Added
2024.5,Spain,Finance and insurance,105.106,Gross Value Added
2024.75,Spain,Finance and insurance,102.878,Gross Value Added
2025.0,Spain,Finance and insurance,103.766,Gross Value Added
2025.25,Spain,Finance and insurance,105.454,Gross Value Added
2012.0,European Union,Finance and insurance,95.83,Gross Value Added
2012.25,European Union,Finance and insurance,95.676,Gross Value Added
2012.5,European Union,Finance and insurance,95.649,Gross Value Added
2012.75,European Union,Finance and insurance,95.454,Gross Value Added
2013.0,European Union,Finance and insurance,96.409,Gross Value Added
2013.25,European Union,Finance and insurance,96.295,Gross Value Added
2013.5,European Union,Finance and insurance,96.405,Gross Value Added
2013.75,European Union,Finance and insurance,95.361,Gross Value Added
2014.0,European Union,Finance and insurance,95.406,Gross Value Added
2014.25,European Union,Finance and insurance,95.002,Gross Value Added
2014.5,European Union,Finance and insurance,95.927,Gross Value Added
2014.75,European Union,Finance and insurance,96.043,Gross Value Added
2015.0,European Union,Finance and insurance,96.5,Gross Value Added
2015.25,European Union,Finance and insurance,96.871,Gross Value Added
2015.5,European Union,Finance and insurance,96.149,Gross Value Added
2015.75,European Union,Finance and insurance,95.928,Gross Value Added
2016.0,European Union,Finance and insurance,95.612,Gross Value Added
2016.25,European Union,Finance and insurance,95.146,Gross Value Added
2016.5,European Union,Finance and insurance,95.509,Gross Value Added
2016.75,European Union,Finance and insurance,95.575,Gross Value Added
2017.0,European Union,Finance and insurance,95.64,Gross Value Added
2017.25,European Union,Finance and insurance,96.387,Gross Value Added
2017.5,European Union,Finance and insurance,96.834,Gross Value Added
2017.75,European Union,Finance and insurance,97.035,Gross Value Added
2018.0,European Union,Finance and insurance,97.087,Gross Value Added
2018.25,European Union,Finance and insurance,96.946,Gross Value Added
2018.5,European Union,Finance and insurance,97.688,Gross Value Added
2018.75,European Union,Finance and insurance,98.123,Gross Value Added
2019.0,European Union,Finance and insurance,97.79,Gross Value Added
2019.25,European Union,Finance and insurance,98.652,Gross Value Added
2019.5,European Union,Finance and insurance,99.466,Gross Value Added
2019.75,European Union,Finance and insurance,99.891,Gross Value Added
2020.0,European Union,Finance and insurance,100.415,Gross Value Added
2020.25,European Union,Finance and insurance,97.709,Gross Value Added
2020.5,European Union,Finance and insurance,100.602,Gross Value Added
2020.75,European Union,Finance and insurance,101.274,Gross Value Added
2021.0,European Union,Finance and insurance,103.853,Gross Value Added
2021.25,European Union,Finance and insurance,105.238,Gross Value Added
2021.5,European Union,Finance and insurance,106.725,Gross Value Added
2021.75,European Union,Finance and insurance,106.087,Gross Value Added
2022.0,European Union,Finance and insurance,105.235,Gross Value Added
2022.25,European Union,Finance and insurance,105.168,Gross Value Added
2022.5,European Union,Finance and insurance,104.759,Gross Value Added
2022.75,European Union,Finance and insurance,105.759,Gross Value Added
2023.0,European Union,Finance and insurance,103.361,Gross Value Added
2023.25,European Union,Finance and insurance,103.881,Gross Value Added
2023.5,European Union,Finance and insurance,103.989,Gross Value Added
2023.75,European Union,Finance and insurance,103.253,Gross Value Added
2024.0,European Union,Finance and insurance,105.201,Gross Value Added
2024.25,European Union,Finance and insurance,105.065,Gross Value Added
2024.5,European Union,Finance and insurance,105.389,Gross Value Added
2024.75,European Union,Finance and insurance,105.077,Gross Value Added
2025.0,European Union,Finance and insurance,105.119,Gross Value Added
2012.0,Finland,Finance and insurance,96.8,Gross Value Added
2012.25,Finland,Finance and insurance,97.963,Gross Value Added
2012.5,Finland,Finance and insurance,97.895,Gross Value Added
2012.75,Finland,Finance and insurance,101.112,Gross Value Added
2013.0,Finland,Finance and insurance,87.832,Gross Value Added
2013.25,Finland,Finance and insurance,90.57,Gross Value Added
2013.5,Finland,Finance and insurance,95.225,Gross Value Added
2013.75,Finland,Finance and insurance,97.279,Gross Value Added
2014.0,Finland,Finance and insurance,102.345,Gross Value Added
2014.25,Finland,Finance and insurance,101.455,Gross Value Added
2014.5,Finland,Finance and insurance,101.249,Gross Value Added
2014.75,Finland,Finance and insurance,98.648,Gross Value Added
2015.0,Finland,Finance and insurance,97.416,Gross Value Added
2015.25,Finland,Finance and insurance,100.017,Gross Value Added
2015.5,Finland,Finance and insurance,100.496,Gross Value Added
2015.75,Finland,Finance and insurance,101.318,Gross Value Added
2016.0,Finland,Finance and insurance,104.741,Gross Value Added
2016.25,Finland,Finance and insurance,111.518,Gross Value Added
2016.5,Finland,Finance and insurance,109.601,Gross Value Added
2016.75,Finland,Finance and insurance,94.54,Gross Value Added
2017.0,Finland,Finance and insurance,111.45,Gross Value Added
2017.25,Finland,Finance and insurance,109.327,Gross Value Added
2017.5,Finland,Finance and insurance,110.012,Gross Value Added
2017.75,Finland,Finance and insurance,115.146,Gross Value Added
2018.0,Finland,Finance and insurance,110.765,Gross Value Added
2018.25,Finland,Finance and insurance,108.027,Gross Value Added
2018.5,Finland,Finance and insurance,114.941,Gross Value Added
2018.75,Finland,Finance and insurance,110.697,Gross Value Added
2019.0,Finland,Finance and insurance,100.222,Gross Value Added
2019.25,Finland,Finance and insurance,105.22,Gross Value Added
2019.5,Finland,Finance and insurance,101.592,Gross Value Added
2019.75,Finland,Finance and insurance,96.252,Gross Value Added
2020.0,Finland,Finance and insurance,105.699,Gross Value Added
2020.25,Finland,Finance and insurance,96.047,Gross Value Added
2020.5,Finland,Finance and insurance,99.196,Gross Value Added
2020.75,Finland,Finance and insurance,99.059,Gross Value Added
2021.0,Finland,Finance and insurance,103.235,Gross Value Added
2021.25,Finland,Finance and insurance,110.286,Gross Value Added
2021.5,Finland,Finance and insurance,115.009,Gross Value Added
2021.75,Finland,Finance and insurance,120.828,Gross Value Added
2022.0,Finland,Finance and insurance,120.075,Gross Value Added
2022.25,Finland,Finance and insurance,126.1,Gross Value Added
2022.5,Finland,Finance and insurance,127.4,Gross Value Added
2022.75,Finland,Finance and insurance,131.165,Gross Value Added
2023.0,Finland,Finance and insurance,135.752,Gross Value Added
2023.25,Finland,Finance and insurance,133.562,Gross Value Added
2023.5,Finland,Finance and insurance,126.51,Gross Value Added
2023.75,Finland,Finance and insurance,121.787,Gross Value Added
2024.0,Finland,Finance and insurance,125.278,Gross Value Added
2024.25,Finland,Finance and insurance,119.459,Gross Value Added
2024.5,Finland,Finance and insurance,116.926,Gross Value Added
2024.75,Finland,Finance and insurance,116.036,Gross Value Added
2025.0,Finland,Finance and insurance,111.381,Gross Value Added
2012.0,France,Finance and insurance,94.5,Gross Value Added
2012.25,France,Finance and insurance,94.313,Gross Value Added
2012.5,France,Finance and insurance,94.042,Gross Value Added
2012.75,France,Finance and insurance,94.081,Gross Value Added
2013.0,France,Finance and insurance,94.072,Gross Value Added
2013.25,France,Finance and insurance,94.952,Gross Value Added
2013.5,France,Finance and insurance,94.463,Gross Value Added
2013.75,France,Finance and insurance,94.764,Gross Value Added
2014.0,France,Finance and insurance,94.763,Gross Value Added
2014.25,France,Finance and insurance,95.375,Gross Value Added
2014.5,France,Finance and insurance,95.838,Gross Value Added
2014.75,France,Finance and insurance,95.135,Gross Value Added
2015.0,France,Finance and insurance,95.182,Gross Value Added
2015.25,France,Finance and insurance,94.789,Gross Value Added
2015.5,France,Finance and insurance,94.653,Gross Value Added
2015.75,France,Finance and insurance,94.597,Gross Value Added
2016.0,France,Finance and insurance,94.447,Gross Value Added
2016.25,France,Finance and insurance,93.47,Gross Value Added
2016.5,France,Finance and insurance,93.097,Gross Value Added
2016.75,France,Finance and insurance,93.277,Gross Value Added
2017.0,France,Finance and insurance,92.712,Gross Value Added
2017.25,France,Finance and insurance,92.456,Gross Value Added
2017.5,France,Finance and insurance,93.088,Gross Value Added
2017.75,France,Finance and insurance,94.968,Gross Value Added
2018.0,France,Finance and insurance,96.91,Gross Value Added
2018.25,France,Finance and insurance,98.709,Gross Value Added
2018.5,France,Finance and insurance,100.234,Gross Value Added
2018.75,France,Finance and insurance,100.808,Gross Value Added
2019.0,France,Finance and insurance,100.746,Gross Value Added
2019.25,France,Finance and insurance,100.625,Gross Value Added
2019.5,France,Finance and insurance,100.701,Gross Value Added
2019.75,France,Finance and insurance,101.75,Gross Value Added
2020.0,France,Finance and insurance,100.234,Gross Value Added
2020.25,France,Finance and insurance,92.327,Gross Value Added
2020.5,France,Finance and insurance,103.026,Gross Value Added
2020.75,France,Finance and insurance,104.414,Gross Value Added
2021.0,France,Finance and insurance,105.927,Gross Value Added
2021.25,France,Finance and insurance,108.054,Gross Value Added
2021.5,France,Finance and insurance,110.779,Gross Value Added
2021.75,France,Finance and insurance,112.413,Gross Value Added
2022.0,France,Finance and insurance,112.795,Gross Value Added
2022.25,France,Finance and insurance,113.202,Gross Value Added
2022.5,France,Finance and insurance,113.195,Gross Value Added
2022.75,France,Finance and insurance,111.701,Gross Value Added
2023.0,France,Finance and insurance,109.398,Gross Value Added
2023.25,France,Finance and insurance,108.538,Gross Value Added
2023.5,France,Finance and insurance,107.864,Gross Value Added
2023.75,France,Finance and insurance,107.397,Gross Value Added
2024.0,France,Finance and insurance,109.262,Gross Value Added
2024.25,France,Finance and insurance,110.309,Gross Value Added
2024.5,France,Finance and insurance,110.849,Gross Value Added
2024.75,France,Finance and insurance,111.667,Gross Value Added
2025.0,France,Finance and insurance,112.315,Gross Value Added
2025.25,France,Finance and insurance,113.042,Gross Value Added
2012.0,Ireland,Finance and insurance,119.069,Gross Value Added
2012.25,Ireland,Finance and insurance,115.6,Gross Value Added
2012.5,Ireland,Finance and insurance,120.204,Gross Value Added
2012.75,Ireland,Finance and insurance,118.125,Gross Value Added
2013.0,Ireland,Finance and insurance,109.759,Gross Value Added
2013.25,Ireland,Finance and insurance,110.84,Gross Value Added
2013.5,Ireland,Finance and insurance,111.49,Gross Value Added
2013.75,Ireland,Finance and insurance,106.78,Gross Value Added
2014.0,Ireland,Finance and insurance,112.323,Gross Value Added
2014.25,Ireland,Finance and insurance,110.309,Gross Value Added
2014.5,Ireland,Finance and insurance,115.502,Gross Value Added
2014.75,Ireland,Finance and insurance,115.918,Gross Value Added
2015.0,Ireland,Finance and insurance,113.835,Gross Value Added
2015.25,Ireland,Finance and insurance,114.478,Gross Value Added
2015.5,Ireland,Finance and insurance,115.666,Gross Value Added
2015.75,Ireland,Finance and insurance,117.349,Gross Value Added
2016.0,Ireland,Finance and insurance,96.527,Gross Value Added
2016.25,Ireland,Finance and insurance,99.644,Gross Value Added
2016.5,Ireland,Finance and insurance,93.699,Gross Value Added
2016.75,Ireland,Finance and insurance,96.297,Gross Value Added
2017.0,Ireland,Finance and insurance,96.399,Gross Value Added
2017.25,Ireland,Finance and insurance,99.216,Gross Value Added
2017.5,Ireland,Finance and insurance,100.544,Gross Value Added
2017.75,Ireland,Finance and insurance,102.205,Gross Value Added
2018.0,Ireland,Finance and insurance,105.607,Gross Value Added
2018.25,Ireland,Finance and insurance,105.272,Gross Value Added
2018.5,Ireland,Finance and insurance,104.555,Gross Value Added
2018.75,Ireland,Finance and insurance,103.218,Gross Value Added
2019.0,Ireland,Finance and insurance,98.546,Gross Value Added
2019.25,Ireland,Finance and insurance,98.844,Gross Value Added
2019.5,Ireland,Finance and insurance,105.774,Gross Value Added
2019.75,Ireland,Finance and insurance,106.145,Gross Value Added
2020.0,Ireland,Finance and insurance,101.901,Gross Value Added
2020.25,Ireland,Finance and insurance,98.89,Gross Value Added
2020.5,Ireland,Finance and insurance,98.21,Gross Value Added
2020.75,Ireland,Finance and insurance,100.999,Gross Value Added
2021.0,Ireland,Finance and insurance,125.968,Gross Value Added
2021.25,Ireland,Finance and insurance,128.232,Gross Value Added
2021.5,Ireland,Finance and insurance,131.986,Gross Value Added
2021.75,Ireland,Finance and insurance,134.304,Gross Value Added
2022.0,Ireland,Finance and insurance,112.652,Gross Value Added
2022.25,Ireland,Finance and insurance,111.414,Gross Value Added
2022.5,Ireland,Finance and insurance,112.938,Gross Value Added
2022.75,Ireland,Finance and insurance,117.886,Gross Value Added
2023.0,Ireland,Finance and insurance,125.696,Gross Value Added
2023.25,Ireland,Finance and insurance,126.889,Gross Value Added
2023.5,Ireland,Finance and insurance,119.478,Gross Value Added
2023.75,Ireland,Finance and insurance,128.163,Gross Value Added
2024.0,Ireland,Finance and insurance,145.188,Gross Value Added
2024.25,Ireland,Finance and insurance,134.679,Gross Value Added
2024.5,Ireland,Finance and insurance,149.121,Gross Value Added
2024.75,Ireland,Finance and insurance,143.668,Gross Value Added
2025.0,Ireland,Finance and insurance,144.36,Gross Value Added
2012.0,Italy,Finance and insurance,105.597,Gross Value Added
2012.25,Italy,Finance and insurance,105.6,Gross Value Added
2012.5,Italy,Finance and insurance,106.414,Gross Value Added
2012.75,Italy,Finance and insurance,105.276,Gross Value Added
2013.0,Italy,Finance and insurance,104.515,Gross Value Added
2013.25,Italy,Finance and insurance,102.702,Gross Value Added
2013.5,Italy,Finance and insurance,101.798,Gross Value Added
2013.75,Italy,Finance and insurance,101.69,Gross Value Added
2014.0,Italy,Finance and insurance,101.555,Gross Value Added
2014.25,Italy,Finance and insurance,101.824,Gross Value Added
2014.5,Italy,Finance and insurance,103.294,Gross Value Added
2014.75,Italy,Finance and insurance,101.498,Gross Value Added
2015.0,Italy,Finance and insurance,101.129,Gross Value Added
2015.25,Italy,Finance and insurance,101.485,Gross Value Added
2015.5,Italy,Finance and insurance,100.086,Gross Value Added
2015.75,Italy,Finance and insurance,100.364,Gross Value Added
2016.0,Italy,Finance and insurance,100.057,Gross Value Added
2016.25,Italy,Finance and insurance,100.671,Gross Value Added
2016.5,Italy,Finance and insurance,100.55,Gross Value Added
2016.75,Italy,Finance and insurance,98.511,Gross Value Added
2017.0,Italy,Finance and insurance,100.795,Gross Value Added
2017.25,Italy,Finance and insurance,100.792,Gross Value Added
2017.5,Italy,Finance and insurance,98.812,Gross Value Added
2017.75,Italy,Finance and insurance,100.014,Gross Value Added
2018.0,Italy,Finance and insurance,99.559,Gross Value Added
2018.25,Italy,Finance and insurance,99.477,Gross Value Added
2018.5,Italy,Finance and insurance,99.503,Gross Value Added
2018.75,Italy,Finance and insurance,100.37,Gross Value Added
2019.0,Italy,Finance and insurance,98.689,Gross Value Added
2019.25,Italy,Finance and insurance,99.598,Gross Value Added
2019.5,Italy,Finance and insurance,100.661,Gross Value Added
2019.75,Italy,Finance and insurance,101.485,Gross Value Added
2020.0,Italy,Finance and insurance,101.603,Gross Value Added
2020.25,Italy,Finance and insurance,98.652,Gross Value Added
2020.5,Italy,Finance and insurance,100.431,Gross Value Added
2020.75,Italy,Finance and insurance,99.314,Gross Value Added
2021.0,Italy,Finance and insurance,101.145,Gross Value Added
2021.25,Italy,Finance and insurance,99.044,Gross Value Added
2021.5,Italy,Finance and insurance,98.999,Gross Value Added
2021.75,Italy,Finance and insurance,96.93,Gross Value Added
2022.0,Italy,Finance and insurance,97.719,Gross Value Added
2022.25,Italy,Finance and insurance,98.419,Gross Value Added
2022.5,Italy,Finance and insurance,98.75,Gross Value Added
2022.75,Italy,Finance and insurance,100.311,Gross Value Added
2023.0,Italy,Finance and insurance,94.987,Gross Value Added
2023.25,Italy,Finance and insurance,95.721,Gross Value Added
2023.5,Italy,Finance and insurance,94.893,Gross Value Added
2023.75,Italy,Finance and insurance,94.654,Gross Value Added
2024.0,Italy,Finance and insurance,96.165,Gross Value Added
2024.25,Italy,Finance and insurance,96.303,Gross Value Added
2024.5,Italy,Finance and insurance,96.859,Gross Value Added
2024.75,Italy,Finance and insurance,96.887,Gross Value Added
2025.0,Italy,Finance and insurance,95.569,Gross Value Added
2012.0,Netherlands,Finance and insurance,107.1,Gross Value Added
2012.25,Netherlands,Finance and insurance,104.338,Gross Value Added
2012.5,Netherlands,Finance and insurance,103.281,Gross Value Added
2012.75,Netherlands,Finance and insurance,100.615,Gross Value Added
2013.0,Netherlands,Finance and insurance,105.827,Gross Value Added
2013.25,Netherlands,Finance and insurance,103.219,Gross Value Added
2013.5,Netherlands,Finance and insurance,101.96,Gross Value Added
2013.75,Netherlands,Finance and insurance,100.792,Gross Value Added
2014.0,Netherlands,Finance and insurance,106.88,Gross Value Added
2014.25,Netherlands,Finance and insurance,103.943,Gross Value Added
2014.5,Netherlands,Finance and insurance,103.16,Gross Value Added
2014.75,Netherlands,Finance and insurance,103.755,Gross Value Added
2015.0,Netherlands,Finance and insurance,105.814,Gross Value Added
2015.25,Netherlands,Finance and insurance,106.213,Gross Value Added
2015.5,Netherlands,Finance and insurance,106.075,Gross Value Added
2015.75,Netherlands,Finance and insurance,103.751,Gross Value Added
2016.0,Netherlands,Finance and insurance,102.866,Gross Value Added
2016.25,Netherlands,Finance and insurance,103.171,Gross Value Added
2016.5,Netherlands,Finance and insurance,104.873,Gross Value Added
2016.75,Netherlands,Finance and insurance,106.729,Gross Value Added
2017.0,Netherlands,Finance and insurance,102.49,Gross Value Added
2017.25,Netherlands,Finance and insurance,101.209,Gross Value Added
2017.5,Netherlands,Finance and insurance,101.166,Gross Value Added
2017.75,Netherlands,Finance and insurance,101.395,Gross Value Added
2018.0,Netherlands,Finance and insurance,100.09,Gross Value Added
2018.25,Netherlands,Finance and insurance,99.97,Gross Value Added
2018.5,Netherlands,Finance and insurance,100.433,Gross Value Added
2018.75,Netherlands,Finance and insurance,99.788,Gross Value Added
2019.0,Netherlands,Finance and insurance,98.068,Gross Value Added
2019.25,Netherlands,Finance and insurance,99.403,Gross Value Added
2019.5,Netherlands,Finance and insurance,101.162,Gross Value Added
2019.75,Netherlands,Finance and insurance,98.768,Gross Value Added
2020.0,Netherlands,Finance and insurance,103.877,Gross Value Added
2020.25,Netherlands,Finance and insurance,100.259,Gross Value Added
2020.5,Netherlands,Finance and insurance,97.775,Gross Value Added
2020.75,Netherlands,Finance and insurance,98.089,Gross Value Added
2021.0,Netherlands,Finance and insurance,103.953,Gross Value Added
2021.25,Netherlands,Finance and insurance,101.036,Gross Value Added
2021.5,Netherlands,Finance and insurance,101.379,Gross Value Added
2021.75,Netherlands,Finance and insurance,103.565,Gross Value Added
2022.0,Netherlands,Finance and insurance,101.936,Gross Value Added
2022.25,Netherlands,Finance and insurance,104.548,Gross Value Added
2022.5,Netherlands,Finance and insurance,103.12,Gross Value Added
2022.75,Netherlands,Finance and insurance,101.505,Gross Value Added
2023.0,Netherlands,Finance and insurance,100.299,Gross Value Added
2023.25,Netherlands,Finance and insurance,99.635,Gross Value Added
2023.5,Netherlands,Finance and insurance,100.04,Gross Value Added
2023.75,Netherlands,Finance and insurance,97.954,Gross Value Added
2024.0,Netherlands,Finance and insurance,99.613,Gross Value Added
2024.25,Netherlands,Finance and insurance,97.642,Gross Value Added
2024.5,Netherlands,Finance and insurance,97.323,Gross Value Added
2024.75,Netherlands,Finance and insurance,97.212,Gross Value Added
2025.0,Netherlands,Finance and insurance,99.971,Gross Value Added
2025.25,Netherlands,Finance and insurance,97.494,Gross Value Added
2012.0,Norway,Finance and insurance,76.374,Gross Value Added
2012.25,Norway,Finance and insurance,76.336,Gross Value Added
2012.5,Norway,Finance and insurance,74.009,Gross Value Added
2012.75,Norway,Finance and insurance,76.388,Gross Value Added
2013.0,Norway,Finance and insurance,77.68,Gross Value Added
2013.25,Norway,Finance and insurance,79.02,Gross Value Added
2013.5,Norway,Finance and insurance,78.902,Gross Value Added
2013.75,Norway,Finance and insurance,80.409,Gross Value Added
2014.0,Norway,Finance and insurance,80.586,Gross Value Added
2014.25,Norway,Finance and insurance,82.576,Gross Value Added
2014.5,Norway,Finance and insurance,83.155,Gross Value Added
2014.75,Norway,Finance and insurance,83.568,Gross Value Added
2015.0,Norway,Finance and insurance,86.2,Gross Value Added
2015.25,Norway,Finance and insurance,87.131,Gross Value Added
2015.5,Norway,Finance and insurance,88.899,Gross Value Added
2015.75,Norway,Finance and insurance,89.907,Gross Value Added
2016.0,Norway,Finance and insurance,92.625,Gross Value Added
2016.25,Norway,Finance and insurance,91.54,Gross Value Added
2016.5,Norway,Finance and insurance,92.989,Gross Value Added
2016.75,Norway,Finance and insurance,93.173,Gross Value Added
2017.0,Norway,Finance and insurance,93.948,Gross Value Added
2017.25,Norway,Finance and insurance,94.95,Gross Value Added
2017.5,Norway,Finance and insurance,95.668,Gross Value Added
2017.75,Norway,Finance and insurance,97.542,Gross Value Added
2018.0,Norway,Finance and insurance,92.825,Gross Value Added
2018.25,Norway,Finance and insurance,93.886,Gross Value Added
2018.5,Norway,Finance and insurance,93.3,Gross Value Added
2018.75,Norway,Finance and insurance,91.665,Gross Value Added
2019.0,Norway,Finance and insurance,91.578,Gross Value Added
2019.25,Norway,Finance and insurance,92.001,Gross Value Added
2019.5,Norway,Finance and insurance,92.908,Gross Value Added
2019.75,Norway,Finance and insurance,94.234,Gross Value Added
2020.0,Norway,Finance and insurance,97.648,Gross Value Added
2020.25,Norway,Finance and insurance,98.444,Gross Value Added
2020.5,Norway,Finance and insurance,100.996,Gross Value Added
2020.75,Norway,Finance and insurance,102.912,Gross Value Added
2021.0,Norway,Finance and insurance,100.97,Gross Value Added
2021.25,Norway,Finance and insurance,102.548,Gross Value Added
2021.5,Norway,Finance and insurance,102.073,Gross Value Added
2021.75,Norway,Finance and insurance,101.79,Gross Value Added
2022.0,Norway,Finance and insurance,99.93,Gross Value Added
2022.25,Norway,Finance and insurance,99.316,Gross Value Added
2022.5,Norway,Finance and insurance,99.507,Gross Value Added
2022.75,Norway,Finance and insurance,100.325,Gross Value Added
2023.0,Norway,Finance and insurance,101.287,Gross Value Added
2023.25,Norway,Finance and insurance,102.253,Gross Value Added
2023.5,Norway,Finance and insurance,102.475,Gross Value Added
2023.75,Norway,Finance and insurance,102.515,Gross Value Added
2024.0,Norway,Finance and insurance,102.544,Gross Value Added
2024.25,Norway,Finance and insurance,103.151,Gross Value Added
2024.5,Norway,Finance and insurance,103.519,Gross Value Added
2024.75,Norway,Finance and insurance,104.408,Gross Value Added
2025.0,Norway,Finance and insurance,104.257,Gross Value Added
2012.0,Poland,Finance and insurance,59.702,Gross Value Added
2012.25,Poland,Finance and insurance,59.07,Gross Value Added
2012.5,Poland,Finance and insurance,55.421,Gross Value Added
2012.75,Poland,Finance and insurance,54.872,Gross Value Added
2013.0,Poland,Finance and insurance,59.735,Gross Value Added
2013.25,Poland,Finance and insurance,61.147,Gross Value Added
2013.5,Poland,Finance and insurance,62.634,Gross Value Added
2013.75,Poland,Finance and insurance,66.226,Gross Value Added
2014.0,Poland,Finance and insurance,66.14,Gross Value Added
2014.25,Poland,Finance and insurance,67.315,Gross Value Added
2014.5,Poland,Finance and insurance,71.592,Gross Value Added
2014.75,Poland,Finance and insurance,73.485,Gross Value Added
2015.0,Poland,Finance and insurance,77.306,Gross Value Added
2015.25,Poland,Finance and insurance,81.579,Gross Value Added
2015.5,Poland,Finance and insurance,79.475,Gross Value Added
2015.75,Poland,Finance and insurance,82.174,Gross Value Added
2016.0,Poland,Finance and insurance,84.229,Gross Value Added
2016.25,Poland,Finance and insurance,80.246,Gross Value Added
2016.5,Poland,Finance and insurance,82.236,Gross Value Added
2016.75,Poland,Finance and insurance,83.369,Gross Value Added
2017.0,Poland,Finance and insurance,79.98,Gross Value Added
2017.25,Poland,Finance and insurance,83.249,Gross Value Added
2017.5,Poland,Finance and insurance,88.515,Gross Value Added
2017.75,Poland,Finance and insurance,91.007,Gross Value Added
2018.0,Poland,Finance and insurance,97.683,Gross Value Added
2018.25,Poland,Finance and insurance,103.06,Gross Value Added
2018.5,Poland,Finance and insurance,108.667,Gross Value Added
2018.75,Poland,Finance and insurance,112.232,Gross Value Added
2019.0,Poland,Finance and insurance,112.314,Gross Value Added
2019.25,Poland,Finance and insurance,117.999,Gross Value Added
2019.5,Poland,Finance and insurance,116.363,Gross Value Added
2019.75,Poland,Finance and insurance,110.023,Gross Value Added
2020.0,Poland,Finance and insurance,111.876,Gross Value Added
2020.25,Poland,Finance and insurance,102.914,Gross Value Added
2020.5,Poland,Finance and insurance,92.013,Gross Value Added
2020.75,Poland,Finance and insurance,93.196,Gross Value Added
2021.0,Poland,Finance and insurance,87.562,Gross Value Added
2021.25,Poland,Finance and insurance,86.436,Gross Value Added
2021.5,Poland,Finance and insurance,95.989,Gross Value Added
2021.75,Poland,Finance and insurance,104.562,Gross Value Added
2022.0,Poland,Finance and insurance,113.353,Gross Value Added
2022.25,Poland,Finance and insurance,120.991,Gross Value Added
2022.5,Poland,Finance and insurance,125.897,Gross Value Added
2022.75,Poland,Finance and insurance,146.361,Gross Value Added
2023.0,Poland,Finance and insurance,125.011,Gross Value Added
2023.25,Poland,Finance and insurance,129.864,Gross Value Added
2023.5,Poland,Finance and insurance,129.92,Gross Value Added
2023.75,Poland,Finance and insurance,127.995,Gross Value Added
2024.0,Poland,Finance and insurance,130.911,Gross Value Added
2024.25,Poland,Finance and insurance,129.804,Gross Value Added
2024.5,Poland,Finance and insurance,130.048,Gross Value Added
2024.75,Poland,Finance and insurance,132.574,Gross Value Added
2025.0,Poland,Finance and insurance,130.602,Gross Value Added
2012.0,Romania,Finance and insurance,76.97,Gross Value Added
2012.25,Romania,Finance and insurance,77.001,Gross Value Added
2012.5,Romania,Finance and insurance,88.931,Gross Value Added
2012.75,Romania,Finance and insurance,73.467,Gross Value Added
2013.0,Romania,Finance and insurance,97.904,Gross Value Added
2013.25,Romania,Finance and insurance,99.529,Gross Value Added
2013.5,Romania,Finance and insurance,105.309,Gross Value Added
2013.75,Romania,Finance and insurance,94.398,Gross Value Added
2014.0,Romania,Finance and insurance,84.634,Gross Value Added
2014.25,Romania,Finance and insurance,88.197,Gross Value Added
2014.5,Romania,Finance and insurance,86.314,Gross Value Added
2014.75,Romania,Finance and insurance,81.368,Gross Value Added
2015.0,Romania,Finance and insurance,82.764,Gross Value Added
2015.25,Romania,Finance and insurance,83.048,Gross Value Added
2015.5,Romania,Finance and insurance,82.232,Gross Value Added
2015.75,Romania,Finance and insurance,72.06,Gross Value Added
2016.0,Romania,Finance and insurance,92.606,Gross Value Added
2016.25,Romania,Finance and insurance,93.164,Gross Value Added
2016.5,Romania,Finance and insurance,91.965,Gross Value Added
2016.75,Romania,Finance and insurance,79.939,Gross Value Added
2017.0,Romania,Finance and insurance,71.84,Gross Value Added
2017.25,Romania,Finance and insurance,73.878,Gross Value Added
2017.5,Romania,Finance and insurance,74.204,Gross Value Added
2017.75,Romania,Finance and insurance,78.865,Gross Value Added
2018.0,Romania,Finance and insurance,73.964,Gross Value Added
2018.25,Romania,Finance and insurance,70.334,Gross Value Added
2018.5,Romania,Finance and insurance,74.228,Gross Value Added
2018.75,Romania,Finance and insurance,79.789,Gross Value Added
2019.0,Romania,Finance and insurance,70.441,Gross Value Added
2019.25,Romania,Finance and insurance,74.013,Gross Value Added
2019.5,Romania,Finance and insurance,74.548,Gross Value Added
2019.75,Romania,Finance and insurance,78.751,Gross Value Added
2020.0,Romania,Finance and insurance,99.765,Gross Value Added
2020.25,Romania,Finance and insurance,98.361,Gross Value Added
2020.5,Romania,Finance and insurance,97.563,Gross Value Added
2020.75,Romania,Finance and insurance,104.312,Gross Value Added
2021.0,Romania,Finance and insurance,99.361,Gross Value Added
2021.25,Romania,Finance and insurance,91.391,Gross Value Added
2021.5,Romania,Finance and insurance,95.806,Gross Value Added
2021.75,Romania,Finance and insurance,98.746,Gross Value Added
2022.0,Romania,Finance and insurance,99.937,Gross Value Added
2022.25,Romania,Finance and insurance,102.806,Gross Value Added
2022.5,Romania,Finance and insurance,103.585,Gross Value Added
2022.75,Romania,Finance and insurance,98.978,Gross Value Added
2023.0,Romania,Finance and insurance,98.657,Gross Value Added
2023.25,Romania,Finance and insurance,101.497,Gross Value Added
2023.5,Romania,Finance and insurance,100.839,Gross Value Added
2023.75,Romania,Finance and insurance,99.839,Gross Value Added
2024.0,Romania,Finance and insurance,100.553,Gross Value Added
2024.25,Romania,Finance and insurance,100.839,Gross Value Added
2024.5,Romania,Finance and insurance,99.11,Gross Value Added
2024.75,Romania,Finance and insurance,99.129,Gross Value Added
2025.0,Romania,Finance and insurance,100.197,Gross Value Added
2012.0,Germany,Real estate,94.787,Gross Value Added
2012.25,Germany,Real estate,94.837,Gross Value Added
2012.5,Germany,Real estate,94.968,Gross Value Added
2012.75,Germany,Real estate,95.258,Gross Value Added
2013.0,Germany,Real estate,97.202,Gross Value Added
2013.25,Germany,Real estate,97.772,Gross Value Added
2013.5,Germany,Real estate,98.083,Gross Value Added
2013.75,Germany,Real estate,98.373,Gross Value Added
2014.0,Germany,Real estate,98.15,Gross Value Added
2014.25,Germany,Real estate,98.23,Gross Value Added
2014.5,Germany,Real estate,99.0,Gross Value Added
2014.75,Germany,Real estate,99.14,Gross Value Added
2015.0,Germany,Real estate,99.46,Gross Value Added
2015.25,Germany,Real estate,99.87,Gross Value Added
2015.5,Germany,Real estate,100.15,Gross Value Added
2015.75,Germany,Real estate,100.61,Gross Value Added
2016.0,Germany,Real estate,100.29,Gross Value Added
2016.25,Germany,Real estate,101.49,Gross Value Added
2016.5,Germany,Real estate,100.81,Gross Value Added
2016.75,Germany,Real estate,100.55,Gross Value Added
2017.0,Germany,Real estate,100.613,Gross Value Added
2017.25,Germany,Real estate,100.252,Gross Value Added
2017.5,Germany,Real estate,100.602,Gross Value Added
2017.75,Germany,Real estate,101.183,Gross Value Added
2018.0,Germany,Real estate,100.483,Gross Value Added
2018.25,Germany,Real estate,100.402,Gross Value Added
2018.5,Germany,Real estate,99.792,Gross Value Added
2018.75,Germany,Real estate,100.603,Gross Value Added
2019.0,Germany,Real estate,100.183,Gross Value Added
2019.25,Germany,Real estate,100.093,Gross Value Added
2019.5,Germany,Real estate,100.143,Gross Value Added
2019.75,Germany,Real estate,99.922,Gross Value Added
2020.0,Germany,Real estate,100.387,Gross Value Added
2020.25,Germany,Real estate,97.778,Gross Value Added
2020.5,Germany,Real estate,100.607,Gross Value Added
2020.75,Germany,Real estate,101.227,Gross Value Added
2021.0,Germany,Real estate,99.228,Gross Value Added
2021.25,Germany,Real estate,100.968,Gross Value Added
2021.5,Germany,Real estate,102.047,Gross Value Added
2021.75,Germany,Real estate,103.717,Gross Value Added
2022.0,Germany,Real estate,101.782,Gross Value Added
2022.25,Germany,Real estate,102.102,Gross Value Added
2022.5,Germany,Real estate,102.893,Gross Value Added
2022.75,Germany,Real estate,103.513,Gross Value Added
2023.0,Germany,Real estate,105.142,Gross Value Added
2023.25,Germany,Real estate,104.092,Gross Value Added
2023.5,Germany,Real estate,105.413,Gross Value Added
2023.75,Germany,Real estate,106.133,Gross Value Added
2024.0,Germany,Real estate,106.51,Gross Value Added
2024.25,Germany,Real estate,106.92,Gross Value Added
2024.5,Germany,Real estate,106.79,Gross Value Added
2024.75,Germany,Real estate,106.17,Gross Value Added
2025.0,Germany,Real estate,106.95,Gross Value Added
2025.25,Germany,Real estate,107.21,Gross Value Added
2012.0,Denmark,Real estate,91.326,Gross Value Added
2012.25,Denmark,Real estate,89.986,Gross Value Added
2012.5,Denmark,Real estate,88.856,Gross Value Added
2012.75,Denmark,Real estate,88.714,Gross Value Added
2013.0,Denmark,Real estate,89.6,Gross Value Added
2013.25,Denmark,Real estate,88.527,Gross Value Added
2013.5,Denmark,Real estate,88.714,Gross Value Added
2013.75,Denmark,Real estate,87.928,Gross Value Added
2014.0,Denmark,Real estate,89.955,Gross Value Added
2014.25,Denmark,Real estate,90.512,Gross Value Added
2014.5,Denmark,Real estate,91.104,Gross Value Added
2014.75,Denmark,Real estate,91.629,Gross Value Added
2015.0,Denmark,Real estate,92.293,Gross Value Added
2015.25,Denmark,Real estate,92.765,Gross Value Added
2015.5,Denmark,Real estate,93.794,Gross Value Added
2015.75,Denmark,Real estate,94.152,Gross Value Added
2016.0,Denmark,Real estate,93.151,Gross Value Added
2016.25,Denmark,Real estate,92.814,Gross Value Added
2016.5,Denmark,Real estate,93.117,Gross Value Added
2016.75,Denmark,Real estate,93.693,Gross Value Added
2017.0,Denmark,Real estate,95.116,Gross Value Added
2017.25,Denmark,Real estate,96.229,Gross Value Added
2017.5,Denmark,Real estate,95.208,Gross Value Added
2017.75,Denmark,Real estate,95.265,Gross Value Added
2018.0,Denmark,Real estate,95.711,Gross Value Added
2018.25,Denmark,Real estate,96.577,Gross Value Added
2018.5,Denmark,Real estate,97.754,Gross Value Added
2018.75,Denmark,Real estate,98.315,Gross Value Added
2019.0,Denmark,Real estate,97.535,Gross Value Added
2019.25,Denmark,Real estate,99.402,Gross Value Added
2019.5,Denmark,Real estate,99.915,Gross Value Added
2019.75,Denmark,Real estate,100.753,Gross Value Added
2020.0,Denmark,Real estate,100.581,Gross Value Added
2020.25,Denmark,Real estate,99.813,Gross Value Added
2020.5,Denmark,Real estate,99.831,Gross Value Added
2020.75,Denmark,Real estate,99.774,Gross Value Added
2021.0,Denmark,Real estate,103.029,Gross Value Added
2021.25,Denmark,Real estate,103.823,Gross Value Added
2021.5,Denmark,Real estate,103.888,Gross Value Added
2021.75,Denmark,Real estate,104.982,Gross Value Added
2022.0,Denmark,Real estate,102.99,Gross Value Added
2022.25,Denmark,Real estate,105.874,Gross Value Added
2022.5,Denmark,Real estate,108.044,Gross Value Added
2022.75,Denmark,Real estate,109.548,Gross Value Added
2023.0,Denmark,Real estate,108.549,Gross Value Added
2023.25,Denmark,Real estate,108.73,Gross Value Added
2023.5,Denmark,Real estate,108.905,Gross Value Added
2023.75,Denmark,Real estate,109.013,Gross Value Added
2024.0,Denmark,Real estate,110.865,Gross Value Added
2024.25,Denmark,Real estate,110.294,Gross Value Added
2024.5,Denmark,Real estate,109.569,Gross Value Added
2024.75,Denmark,Real estate,109.511,Gross Value Added
2025.0,Denmark,Real estate,109.269,Gross Value Added
2025.25,Denmark,Real estate,109.238,Gross Value Added
2012.0,Euro Area,Real estate,93.127,Gross Value Added
2012.25,Euro Area,Real estate,93.136,Gross Value Added
2012.5,Euro Area,Real estate,93.342,Gross Value Added
2012.75,Euro Area,Real estate,93.538,Gross Value Added
2013.0,Euro Area,Real estate,94.411,Gross Value Added
2013.25,Euro Area,Real estate,94.903,Gross Value Added
2013.5,Euro Area,Real estate,95.22,Gross Value Added
2013.75,Euro Area,Real estate,95.481,Gross Value Added
2014.0,Euro Area,Real estate,95.53,Gross Value Added
2014.25,Euro Area,Real estate,95.601,Gross Value Added
2014.5,Euro Area,Real estate,96.01,Gross Value Added
2014.75,Euro Area,Real estate,96.169,Gross Value Added
2015.0,Euro Area,Real estate,96.651,Gross Value Added
2015.25,Euro Area,Real estate,96.805,Gross Value Added
2015.5,Euro Area,Real estate,97.062,Gross Value Added
2015.75,Euro Area,Real estate,97.337,Gross Value Added
2016.0,Euro Area,Real estate,97.205,Gross Value Added
2016.25,Euro Area,Real estate,97.686,Gross Value Added
2016.5,Euro Area,Real estate,97.877,Gross Value Added
2016.75,Euro Area,Real estate,97.97,Gross Value Added
2017.0,Euro Area,Real estate,98.089,Gross Value Added
2017.25,Euro Area,Real estate,98.333,Gross Value Added
2017.5,Euro Area,Real estate,98.806,Gross Value Added
2017.75,Euro Area,Real estate,99.215,Gross Value Added
2018.0,Euro Area,Real estate,99.257,Gross Value Added
2018.25,Euro Area,Real estate,99.328,Gross Value Added
2018.5,Euro Area,Real estate,99.549,Gross Value Added
2018.75,Euro Area,Real estate,100.03,Gross Value Added
2019.0,Euro Area,Real estate,100.294,Gross Value Added
2019.25,Euro Area,Real estate,100.367,Gross Value Added
2019.5,Euro Area,Real estate,100.834,Gross Value Added
2019.75,Euro Area,Real estate,100.98,Gross Value Added
2020.0,Euro Area,Real estate,100.512,Gross Value Added
2020.25,Euro Area,Real estate,97.489,Gross Value Added
2020.5,Euro Area,Real estate,100.902,Gross Value Added
2020.75,Euro Area,Real estate,101.097,Gross Value Added
2021.0,Euro Area,Real estate,100.686,Gross Value Added
2021.25,Euro Area,Real estate,101.68,Gross Value Added
2021.5,Euro Area,Real estate,102.76,Gross Value Added
2021.75,Euro Area,Real estate,103.716,Gross Value Added
2022.0,Euro Area,Real estate,104.198,Gross Value Added
2022.25,Euro Area,Real estate,104.906,Gross Value Added
2022.5,Euro Area,Real estate,105.394,Gross Value Added
2022.75,Euro Area,Real estate,105.941,Gross Value Added
2023.0,Euro Area,Real estate,106.417,Gross Value Added
2023.25,Euro Area,Real estate,106.441,Gross Value Added
2023.5,Euro Area,Real estate,106.457,Gross Value Added
2023.75,Euro Area,Real estate,107.009,Gross Value Added
2024.0,Euro Area,Real estate,108.215,Gross Value Added
2024.25,Euro Area,Real estate,108.383,Gross Value Added
2024.5,Euro Area,Real estate,108.429,Gross Value Added
2024.75,Euro Area,Real estate,108.849,Gross Value Added
2025.0,Euro Area,Real estate,109.063,Gross Value Added
2012.0,Spain,Real estate,89.724,Gross Value Added
2012.25,Spain,Real estate,89.955,Gross Value Added
2012.5,Spain,Real estate,91.029,Gross Value Added
2012.75,Spain,Real estate,91.554,Gross Value Added
2013.0,Spain,Real estate,92.501,Gross Value Added
2013.25,Spain,Real estate,93.151,Gross Value Added
2013.5,Spain,Real estate,93.24,Gross Value Added
2013.75,Spain,Real estate,93.27,Gross Value Added
2014.0,Spain,Real estate,93.525,Gross Value Added
2014.25,Spain,Real estate,93.605,Gross Value Added
2014.5,Spain,Real estate,93.64,Gross Value Added
2014.75,Spain,Real estate,93.412,Gross Value Added
2015.0,Spain,Real estate,93.05,Gross Value Added
2015.25,Spain,Real estate,92.991,Gross Value Added
2015.5,Spain,Real estate,92.919,Gross Value Added
2015.75,Spain,Real estate,93.115,Gross Value Added
2016.0,Spain,Real estate,93.219,Gross Value Added
2016.25,Spain,Real estate,93.367,Gross Value Added
2016.5,Spain,Real estate,93.907,Gross Value Added
2016.75,Spain,Real estate,94.424,Gross Value Added
2017.0,Spain,Real estate,94.394,Gross Value Added
2017.25,Spain,Real estate,95.118,Gross Value Added
2017.5,Spain,Real estate,95.893,Gross Value Added
2017.75,Spain,Real estate,96.459,Gross Value Added
2018.0,Spain,Real estate,97.166,Gross Value Added
2018.25,Spain,Real estate,97.786,Gross Value Added
2018.5,Spain,Real estate,98.569,Gross Value Added
2018.75,Spain,Real estate,99.231,Gross Value Added
2019.0,Spain,Real estate,98.486,Gross Value Added
2019.25,Spain,Real estate,99.145,Gross Value Added
2019.5,Spain,Real estate,100.085,Gross Value Added
2019.75,Spain,Real estate,100.919,Gross Value Added
2020.0,Spain,Real estate,100.913,Gross Value Added
2020.25,Spain,Real estate,94.406,Gross Value Added
2020.5,Spain,Real estate,101.827,Gross Value Added
2020.75,Spain,Real estate,102.854,Gross Value Added
2021.0,Spain,Real estate,101.928,Gross Value Added
2021.25,Spain,Real estate,101.427,Gross Value Added
2021.5,Spain,Real estate,102.584,Gross Value Added
2021.75,Spain,Real estate,104.946,Gross Value Added
2022.0,Spain,Real estate,107.99,Gross Value Added
2022.25,Spain,Real estate,107.109,Gross Value Added
2022.5,Spain,Real estate,107.717,Gross Value Added
2022.75,Spain,Real estate,110.005,Gross Value Added
2023.0,Spain,Real estate,111.643,Gross Value Added
2023.25,Spain,Real estate,111.138,Gross Value Added
2023.5,Spain,Real estate,109.432,Gross Value Added
2023.75,Spain,Real estate,114.69,Gross Value Added
2024.0,Spain,Real estate,118.841,Gross Value Added
2024.25,Spain,Real estate,116.853,Gross Value Added
2024.5,Spain,Real estate,117.242,Gross Value Added
2024.75,Spain,Real estate,120.355,Gross Value Added
2025.0,Spain,Real estate,121.613,Gross Value Added
2025.25,Spain,Real estate,120.714,Gross Value Added
2012.0,European Union,Real estate,92.305,Gross Value Added
2012.25,European Union,Real estate,92.188,Gross Value Added
2012.5,European Union,Real estate,92.295,Gross Value Added
2012.75,European Union,Real estate,92.469,Gross Value Added
2013.0,European Union,Real estate,93.295,Gross Value Added
2013.25,European Union,Real estate,93.702,Gross Value Added
2013.5,European Union,Real estate,94.035,Gross Value Added
2013.75,European Union,Real estate,94.31,Gross Value Added
2014.0,European Union,Real estate,94.628,Gross Value Added
2014.25,European Union,Real estate,94.586,Gross Value Added
2014.5,European Union,Real estate,95.049,Gross Value Added
2014.75,European Union,Real estate,95.222,Gross Value Added
2015.0,European Union,Real estate,95.689,Gross Value Added
2015.25,European Union,Real estate,95.907,Gross Value Added
2015.5,European Union,Real estate,96.105,Gross Value Added
2015.75,European Union,Real estate,96.383,Gross Value Added
2016.0,European Union,Real estate,96.259,Gross Value Added
2016.25,European Union,Real estate,96.856,Gross Value Added
2016.5,European Union,Real estate,97.085,Gross Value Added
2016.75,European Union,Real estate,97.269,Gross Value Added
2017.0,European Union,Real estate,97.523,Gross Value Added
2017.25,European Union,Real estate,97.618,Gross Value Added
2017.5,European Union,Real estate,98.042,Gross Value Added
2017.75,European Union,Real estate,98.505,Gross Value Added
2018.0,European Union,Real estate,98.547,Gross Value Added
2018.25,European Union,Real estate,98.771,Gross Value Added
2018.5,European Union,Real estate,99.149,Gross Value Added
2018.75,European Union,Real estate,99.652,Gross Value Added
2019.0,European Union,Real estate,100.136,Gross Value Added
2019.25,European Union,Real estate,100.324,Gross Value Added
2019.5,European Union,Real estate,100.874,Gross Value Added
2019.75,European Union,Real estate,101.087,Gross Value Added
2020.0,European Union,Real estate,100.529,Gross Value Added
2020.25,European Union,Real estate,97.733,Gross Value Added
2020.5,European Union,Real estate,100.694,Gross Value Added
2020.75,European Union,Real estate,101.044,Gross Value Added
2021.0,European Union,Real estate,100.877,Gross Value Added
2021.25,European Union,Real estate,101.781,Gross Value Added
2021.5,European Union,Real estate,102.852,Gross Value Added
2021.75,European Union,Real estate,103.833,Gross Value Added
2022.0,European Union,Real estate,104.486,Gross Value Added
2022.25,European Union,Real estate,105.089,Gross Value Added
2022.5,European Union,Real estate,105.67,Gross Value Added
2022.75,European Union,Real estate,106.251,Gross Value Added
2023.0,European Union,Real estate,106.782,Gross Value Added
2023.25,European Union,Real estate,106.861,Gross Value Added
2023.5,European Union,Real estate,106.89,Gross Value Added
2023.75,European Union,Real estate,107.62,Gross Value Added
2024.0,European Union,Real estate,108.549,Gross Value Added
2024.25,European Union,Real estate,108.842,Gross Value Added
2024.5,European Union,Real estate,108.858,Gross Value Added
2024.75,European Union,Real estate,109.301,Gross Value Added
2025.0,European Union,Real estate,109.469,Gross Value Added
2012.0,Finland,Real estate,87.851,Gross Value Added
2012.25,Finland,Real estate,87.053,Gross Value Added
2012.5,Finland,Real estate,87.021,Gross Value Added
2012.75,Finland,Real estate,87.147,Gross Value Added
2013.0,Finland,Real estate,86.865,Gross Value Added
2013.25,Finland,Real estate,87.256,Gross Value Added
2013.5,Finland,Real estate,87.695,Gross Value Added
2013.75,Finland,Real estate,86.708,Gross Value Added
2014.0,Finland,Real estate,87.021,Gross Value Added
2014.25,Finland,Real estate,88.102,Gross Value Added
2014.5,Finland,Real estate,88.259,Gross Value Added
2014.75,Finland,Real estate,88.619,Gross Value Added
2015.0,Finland,Real estate,89.089,Gross Value Added
2015.25,Finland,Real estate,90.029,Gross Value Added
2015.5,Finland,Real estate,90.107,Gross Value Added
2015.75,Finland,Real estate,90.468,Gross Value Added
2016.0,Finland,Real estate,90.906,Gross Value Added
2016.25,Finland,Real estate,91.047,Gross Value Added
2016.5,Finland,Real estate,91.862,Gross Value Added
2016.75,Finland,Real estate,92.488,Gross Value Added
2017.0,Finland,Real estate,92.081,Gross Value Added
2017.25,Finland,Real estate,93.319,Gross Value Added
2017.5,Finland,Real estate,93.883,Gross Value Added
2017.75,Finland,Real estate,94.149,Gross Value Added
2018.0,Finland,Real estate,95.606,Gross Value Added
2018.25,Finland,Real estate,96.264,Gross Value Added
2018.5,Finland,Real estate,97.219,Gross Value Added
2018.75,Finland,Real estate,97.815,Gross Value Added
2019.0,Finland,Real estate,98.52,Gross Value Added
2019.25,Finland,Real estate,99.084,Gross Value Added
2019.5,Finland,Real estate,99.021,Gross Value Added
2019.75,Finland,Real estate,98.488,Gross Value Added
2020.0,Finland,Real estate,99.428,Gross Value Added
2020.25,Finland,Real estate,99.084,Gross Value Added
2020.5,Finland,Real estate,100.18,Gross Value Added
2020.75,Finland,Real estate,101.308,Gross Value Added
2021.0,Finland,Real estate,101.606,Gross Value Added
2021.25,Finland,Real estate,102.42,Gross Value Added
2021.5,Finland,Real estate,103.846,Gross Value Added
2021.75,Finland,Real estate,105.663,Gross Value Added
2022.0,Finland,Real estate,105.538,Gross Value Added
2022.25,Finland,Real estate,106.869,Gross Value Added
2022.5,Finland,Real estate,107.339,Gross Value Added
2022.75,Finland,Real estate,108.404,Gross Value Added
2023.0,Finland,Real estate,109.893,Gross Value Added
2023.25,Finland,Real estate,110.488,Gross Value Added
2023.5,Finland,Real estate,109.015,Gross Value Added
2023.75,Finland,Real estate,109.861,Gross Value Added
2024.0,Finland,Real estate,108.812,Gross Value Added
2024.25,Finland,Real estate,108.483,Gross Value Added
2024.5,Finland,Real estate,110.002,Gross Value Added
2024.75,Finland,Real estate,109.015,Gross Value Added
2025.0,Finland,Real estate,110.253,Gross Value Added
2012.0,France,Real estate,91.457,Gross Value Added
2012.25,France,Real estate,91.817,Gross Value Added
2012.5,France,Real estate,92.438,Gross Value Added
2012.75,France,Real estate,92.941,Gross Value Added
2013.0,France,Real estate,93.394,Gross Value Added
2013.25,France,Real estate,93.951,Gross Value Added
2013.5,France,Real estate,94.213,Gross Value Added
2013.75,France,Real estate,94.767,Gross Value Added
2014.0,France,Real estate,95.092,Gross Value Added
2014.25,France,Real estate,95.275,Gross Value Added
2014.5,France,Real estate,95.516,Gross Value Added
2014.75,France,Real estate,95.477,Gross Value Added
2015.0,France,Real estate,95.592,Gross Value Added
2015.25,France,Real estate,95.658,Gross Value Added
2015.5,France,Real estate,95.786,Gross Value Added
2015.75,France,Real estate,95.954,Gross Value Added
2016.0,France,Real estate,96.266,Gross Value Added
2016.25,France,Real estate,96.344,Gross Value Added
2016.5,France,Real estate,96.457,Gross Value Added
2016.75,France,Real estate,96.607,Gross Value Added
2017.0,France,Real estate,96.846,Gross Value Added
2017.25,France,Real estate,97.016,Gross Value Added
2017.5,France,Real estate,97.248,Gross Value Added
2017.75,France,Real estate,97.582,Gross Value Added
2018.0,France,Real estate,97.832,Gross Value Added
2018.25,France,Real estate,98.118,Gross Value Added
2018.5,France,Real estate,98.376,Gross Value Added
2018.75,France,Real estate,98.588,Gross Value Added
2019.0,France,Real estate,98.88,Gross Value Added
2019.25,France,Real estate,99.349,Gross Value Added
2019.5,France,Real estate,99.872,Gross Value Added
2019.75,France,Real estate,100.597,Gross Value Added
2020.0,France,Real estate,100.001,Gross Value Added
2020.25,France,Real estate,97.621,Gross Value Added
2020.5,France,Real estate,101.143,Gross Value Added
2020.75,France,Real estate,101.235,Gross Value Added
2021.0,France,Real estate,100.797,Gross Value Added
2021.25,France,Real estate,101.278,Gross Value Added
2021.5,France,Real estate,102.35,Gross Value Added
2021.75,France,Real estate,102.58,Gross Value Added
2022.0,France,Real estate,102.903,Gross Value Added
2022.25,France,Real estate,103.567,Gross Value Added
2022.5,France,Real estate,104.008,Gross Value Added
2022.75,France,Real estate,104.269,Gross Value Added
2023.0,France,Real estate,104.434,Gross Value Added
2023.25,France,Real estate,104.73,Gross Value Added
2023.5,France,Real estate,104.709,Gross Value Added
2023.75,France,Real estate,104.538,Gross Value Added
2024.0,France,Real estate,104.837,Gross Value Added
2024.25,France,Real estate,105.053,Gross Value Added
2024.5,France,Real estate,105.26,Gross Value Added
2024.75,France,Real estate,105.531,Gross Value Added
2025.0,France,Real estate,105.793,Gross Value Added
2025.25,France,Real estate,106.164,Gross Value Added
2012.0,Ireland,Real estate,91.271,Gross Value Added
2012.25,Ireland,Real estate,91.15,Gross Value Added
2012.5,Ireland,Real estate,91.191,Gross Value Added
2012.75,Ireland,Real estate,91.832,Gross Value Added
2013.0,Ireland,Real estate,91.104,Gross Value Added
2013.25,Ireland,Real estate,91.802,Gross Value Added
2013.5,Ireland,Real estate,92.28,Gross Value Added
2013.75,Ireland,Real estate,93.113,Gross Value Added
2014.0,Ireland,Real estate,93.482,Gross Value Added
2014.25,Ireland,Real estate,94.144,Gross Value Added
2014.5,Ireland,Real estate,95.032,Gross Value Added
2014.75,Ireland,Real estate,95.926,Gross Value Added
2015.0,Ireland,Real estate,96.259,Gross Value Added
2015.25,Ireland,Real estate,94.634,Gross Value Added
2015.5,Ireland,Real estate,95.524,Gross Value Added
2015.75,Ireland,Real estate,95.287,Gross Value Added
2016.0,Ireland,Real estate,93.312,Gross Value Added
2016.25,Ireland,Real estate,94.385,Gross Value Added
2016.5,Ireland,Real estate,94.469,Gross Value Added
2016.75,Ireland,Real estate,94.398,Gross Value Added
2017.0,Ireland,Real estate,96.448,Gross Value Added
2017.25,Ireland,Real estate,96.786,Gross Value Added
2017.5,Ireland,Real estate,97.34,Gross Value Added
2017.75,Ireland,Real estate,97.535,Gross Value Added
2018.0,Ireland,Real estate,97.391,Gross Value Added
2018.25,Ireland,Real estate,97.873,Gross Value Added
2018.5,Ireland,Real estate,98.71,Gross Value Added
2018.75,Ireland,Real estate,99.698,Gross Value Added
2019.0,Ireland,Real estate,99.504,Gross Value Added
2019.25,Ireland,Real estate,99.872,Gross Value Added
2019.5,Ireland,Real estate,102.171,Gross Value Added
2019.75,Ireland,Real estate,101.256,Gross Value Added
2020.0,Ireland,Real estate,102.053,Gross Value Added
2020.25,Ireland,Real estate,95.467,Gross Value Added
2020.5,Ireland,Real estate,98.806,Gross Value Added
2020.75,Ireland,Real estate,103.674,Gross Value Added
2021.0,Ireland,Real estate,110.527,Gross Value Added
2021.25,Ireland,Real estate,110.902,Gross Value Added
2021.5,Ireland,Real estate,112.174,Gross Value Added
2021.75,Ireland,Real estate,115.628,Gross Value Added
2022.0,Ireland,Real estate,115.128,Gross Value Added
2022.25,Ireland,Real estate,117.329,Gross Value Added
2022.5,Ireland,Real estate,117.899,Gross Value Added
2022.75,Ireland,Real estate,118.739,Gross Value Added
2023.0,Ireland,Real estate,118.175,Gross Value Added
2023.25,Ireland,Real estate,118.366,Gross Value Added
2023.5,Ireland,Real estate,119.329,Gross Value Added
2023.75,Ireland,Real estate,117.392,Gross Value Added
2024.0,Ireland,Real estate,122.759,Gross Value Added
2024.25,Ireland,Real estate,124.385,Gross Value Added
2024.5,Ireland,Real estate,127.174,Gross Value Added
2024.75,Ireland,Real estate,127.114,Gross Value Added
2025.0,Ireland,Real estate,127.089,Gross Value Added
2012.0,Italy,Real estate,100.252,Gross Value Added
2012.25,Italy,Real estate,99.594,Gross Value Added
2012.5,Italy,Real estate,99.217,Gross Value Added
2012.75,Italy,Real estate,98.85,Gross Value Added
2013.0,Italy,Real estate,98.441,Gross Value Added
2013.25,Italy,Real estate,98.47,Gross Value Added
2013.5,Italy,Real estate,98.413,Gross Value Added
2013.75,Italy,Real estate,98.387,Gross Value Added
2014.0,Italy,Real estate,98.894,Gross Value Added
2014.25,Italy,Real estate,98.888,Gross Value Added
2014.5,Italy,Real estate,98.965,Gross Value Added
2014.75,Italy,Real estate,99.125,Gross Value Added
2015.0,Italy,Real estate,100.423,Gross Value Added
2015.25,Italy,Real estate,100.751,Gross Value Added
2015.5,Italy,Real estate,100.941,Gross Value Added
2015.75,Italy,Real estate,101.166,Gross Value Added
2016.0,Italy,Real estate,100.622,Gross Value Added
2016.25,Italy,Real estate,100.837,Gross Value Added
2016.5,Italy,Real estate,101.032,Gross Value Added
2016.75,Italy,Real estate,101.153,Gross Value Added
2017.0,Italy,Real estate,100.917,Gross Value Added
2017.25,Italy,Real estate,101.219,Gross Value Added
2017.5,Italy,Real estate,101.435,Gross Value Added
2017.75,Italy,Real estate,101.862,Gross Value Added
2018.0,Italy,Real estate,101.975,Gross Value Added
2018.25,Italy,Real estate,102.108,Gross Value Added
2018.5,Italy,Real estate,102.353,Gross Value Added
2018.75,Italy,Real estate,102.688,Gross Value Added
2019.0,Italy,Real estate,103.123,Gross Value Added
2019.25,Italy,Real estate,103.414,Gross Value Added
2019.5,Italy,Real estate,103.335,Gross Value Added
2019.75,Italy,Real estate,103.254,Gross Value Added
2020.0,Italy,Real estate,100.944,Gross Value Added
2020.25,Italy,Real estate,97.491,Gross Value Added
2020.5,Italy,Real estate,100.904,Gross Value Added
2020.75,Italy,Real estate,100.661,Gross Value Added
2021.0,Italy,Real estate,99.212,Gross Value Added
2021.25,Italy,Real estate,99.993,Gross Value Added
2021.5,Italy,Real estate,101.231,Gross Value Added
2021.75,Italy,Real estate,102.526,Gross Value Added
2022.0,Italy,Real estate,102.731,Gross Value Added
2022.25,Italy,Real estate,103.772,Gross Value Added
2022.5,Italy,Real estate,104.296,Gross Value Added
2022.75,Italy,Real estate,104.581,Gross Value Added
2023.0,Italy,Real estate,105.778,Gross Value Added
2023.25,Italy,Real estate,105.505,Gross Value Added
2023.5,Italy,Real estate,105.542,Gross Value Added
2023.75,Italy,Real estate,105.71,Gross Value Added
2024.0,Italy,Real estate,107.359,Gross Value Added
2024.25,Italy,Real estate,108.7,Gross Value Added
2024.5,Italy,Real estate,108.894,Gross Value Added
2024.75,Italy,Real estate,109.041,Gross Value Added
2025.0,Italy,Real estate,108.044,Gross Value Added
2012.0,Netherlands,Real estate,94.807,Gross Value Added
2012.25,Netherlands,Real estate,93.538,Gross Value Added
2012.5,Netherlands,Real estate,92.126,Gross Value Added
2012.75,Netherlands,Real estate,92.165,Gross Value Added
2013.0,Netherlands,Real estate,92.984,Gross Value Added
2013.25,Netherlands,Real estate,93.536,Gross Value Added
2013.5,Netherlands,Real estate,94.907,Gross Value Added
2013.75,Netherlands,Real estate,95.735,Gross Value Added
2014.0,Netherlands,Real estate,95.881,Gross Value Added
2014.25,Netherlands,Real estate,95.233,Gross Value Added
2014.5,Netherlands,Real estate,95.158,Gross Value Added
2014.75,Netherlands,Real estate,96.615,Gross Value Added
2015.0,Netherlands,Real estate,97.94,Gross Value Added
2015.25,Netherlands,Real estate,96.656,Gross Value Added
2015.5,Netherlands,Real estate,95.565,Gross Value Added
2015.75,Netherlands,Real estate,96.537,Gross Value Added
2016.0,Netherlands,Real estate,94.476,Gross Value Added
2016.25,Netherlands,Real estate,97.705,Gross Value Added
2016.5,Netherlands,Real estate,98.655,Gross Value Added
2016.75,Netherlands,Real estate,97.441,Gross Value Added
2017.0,Netherlands,Real estate,96.589,Gross Value Added
2017.25,Netherlands,Real estate,98.763,Gross Value Added
2017.5,Netherlands,Real estate,99.363,Gross Value Added
2017.75,Netherlands,Real estate,99.072,Gross Value Added
2018.0,Netherlands,Real estate,99.51,Gross Value Added
2018.25,Netherlands,Real estate,100.434,Gross Value Added
2018.5,Netherlands,Real estate,100.335,Gross Value Added
2018.75,Netherlands,Real estate,99.378,Gross Value Added
2019.0,Netherlands,Real estate,100.382,Gross Value Added
2019.25,Netherlands,Real estate,100.486,Gross Value Added
2019.5,Netherlands,Real estate,100.904,Gross Value Added
2019.75,Netherlands,Real estate,101.244,Gross Value Added
2020.0,Netherlands,Real estate,100.495,Gross Value Added
2020.25,Netherlands,Real estate,98.772,Gross Value Added
2020.5,Netherlands,Real estate,100.543,Gross Value Added
2020.75,Netherlands,Real estate,100.191,Gross Value Added
2021.0,Netherlands,Real estate,100.349,Gross Value Added
2021.25,Netherlands,Real estate,102.122,Gross Value Added
2021.5,Netherlands,Real estate,102.623,Gross Value Added
2021.75,Netherlands,Real estate,103.144,Gross Value Added
2022.0,Netherlands,Real estate,103.752,Gross Value Added
2022.25,Netherlands,Real estate,106.311,Gross Value Added
2022.5,Netherlands,Real estate,106.618,Gross Value Added
2022.75,Netherlands,Real estate,106.497,Gross Value Added
2023.0,Netherlands,Real estate,105.7,Gross Value Added
2023.25,Netherlands,Real estate,105.645,Gross Value Added
2023.5,Netherlands,Real estate,105.412,Gross Value Added
2023.75,Netherlands,Real estate,105.475,Gross Value Added
2024.0,Netherlands,Real estate,107.307,Gross Value Added
2024.25,Netherlands,Real estate,106.711,Gross Value Added
2024.5,Netherlands,Real estate,107.3,Gross Value Added
2024.75,Netherlands,Real estate,107.503,Gross Value Added
2025.0,Netherlands,Real estate,108.339,Gross Value Added
2025.25,Netherlands,Real estate,108.32,Gross Value Added
2012.0,Norway,Real estate,83.864,Gross Value Added
2012.25,Norway,Real estate,83.572,Gross Value Added
2012.5,Norway,Real estate,84.745,Gross Value Added
2012.75,Norway,Real estate,84.543,Gross Value Added
2013.0,Norway,Real estate,86.299,Gross Value Added
2013.25,Norway,Real estate,87.053,Gross Value Added
2013.5,Norway,Real estate,87.777,Gross Value Added
2013.75,Norway,Real estate,87.509,Gross Value Added
2014.0,Norway,Real estate,87.683,Gross Value Added
2014.25,Norway,Real estate,88.731,Gross Value Added
2014.5,Norway,Real estate,89.306,Gross Value Added
2014.75,Norway,Real estate,89.317,Gross Value Added
2015.0,Norway,Real estate,91.642,Gross Value Added
2015.25,Norway,Real estate,92.894,Gross Value Added
2015.5,Norway,Real estate,93.265,Gross Value Added
2015.75,Norway,Real estate,90.546,Gross Value Added
2016.0,Norway,Real estate,92.368,Gross Value Added
2016.25,Norway,Real estate,93.051,Gross Value Added
2016.5,Norway,Real estate,93.331,Gross Value Added
2016.75,Norway,Real estate,93.532,Gross Value Added
2017.0,Norway,Real estate,94.031,Gross Value Added
2017.25,Norway,Real estate,94.236,Gross Value Added
2017.5,Norway,Real estate,94.708,Gross Value Added
2017.75,Norway,Real estate,94.757,Gross Value Added
2018.0,Norway,Real estate,94.964,Gross Value Added
2018.25,Norway,Real estate,95.669,Gross Value Added
2018.5,Norway,Real estate,96.397,Gross Value Added
2018.75,Norway,Real estate,97.882,Gross Value Added
2019.0,Norway,Real estate,99.376,Gross Value Added
2019.25,Norway,Real estate,100.528,Gross Value Added
2019.5,Norway,Real estate,102.02,Gross Value Added
2019.75,Norway,Real estate,102.443,Gross Value Added
2020.0,Norway,Real estate,101.41,Gross Value Added
2020.25,Norway,Real estate,98.205,Gross Value Added
2020.5,Norway,Real estate,99.552,Gross Value Added
2020.75,Norway,Real estate,100.834,Gross Value Added
2021.0,Norway,Real estate,102.924,Gross Value Added
2021.25,Norway,Real estate,104.155,Gross Value Added
2021.5,Norway,Real estate,106.231,Gross Value Added
2021.75,Norway,Real estate,109.417,Gross Value Added
2022.0,Norway,Real estate,111.68,Gross Value Added
2022.25,Norway,Real estate,113.977,Gross Value Added
2022.5,Norway,Real estate,114.844,Gross Value Added
2022.75,Norway,Real estate,115.23,Gross Value Added
2023.0,Norway,Real estate,115.47,Gross Value Added
2023.25,Norway,Real estate,115.44,Gross Value Added
2023.5,Norway,Real estate,115.987,Gross Value Added
2023.75,Norway,Real estate,116.37,Gross Value Added
2024.0,Norway,Real estate,116.682,Gross Value Added
2024.25,Norway,Real estate,116.986,Gross Value Added
2024.5,Norway,Real estate,117.004,Gross Value Added
2024.75,Norway,Real estate,116.649,Gross Value Added
2025.0,Norway,Real estate,117.397,Gross Value Added
2012.0,Poland,Real estate,74.478,Gross Value Added
2012.25,Poland,Real estate,75.431,Gross Value Added
2012.5,Poland,Real estate,75.619,Gross Value Added
2012.75,Poland,Real estate,75.694,Gross Value Added
2013.0,Poland,Real estate,72.797,Gross Value Added
2013.25,Poland,Real estate,73.213,Gross Value Added
2013.5,Poland,Real estate,72.748,Gross Value Added
2013.75,Poland,Real estate,72.793,Gross Value Added
2014.0,Poland,Real estate,74.956,Gross Value Added
2014.25,Poland,Real estate,74.494,Gross Value Added
2014.5,Poland,Real estate,75.119,Gross Value Added
2014.75,Poland,Real estate,75.234,Gross Value Added
2015.0,Poland,Real estate,74.264,Gross Value Added
2015.25,Poland,Real estate,75.563,Gross Value Added
2015.5,Poland,Real estate,76.11,Gross Value Added
2015.75,Poland,Real estate,77.299,Gross Value Added
2016.0,Poland,Real estate,79.287,Gross Value Added
2016.25,Poland,Real estate,80.218,Gross Value Added
2016.5,Poland,Real estate,81.094,Gross Value Added
2016.75,Poland,Real estate,81.695,Gross Value Added
2017.0,Poland,Real estate,81.048,Gross Value Added
2017.25,Poland,Real estate,81.357,Gross Value Added
2017.5,Poland,Real estate,81.635,Gross Value Added
2017.75,Poland,Real estate,82.712,Gross Value Added
2018.0,Poland,Real estate,81.644,Gross Value Added
2018.25,Poland,Real estate,83.421,Gross Value Added
2018.5,Poland,Real estate,84.853,Gross Value Added
2018.75,Poland,Real estate,85.891,Gross Value Added
2019.0,Poland,Real estate,92.612,Gross Value Added
2019.25,Poland,Real estate,95.09,Gross Value Added
2019.5,Poland,Real estate,98.443,Gross Value Added
2019.75,Poland,Real estate,99.446,Gross Value Added
2020.0,Poland,Real estate,99.085,Gross Value Added
2020.25,Poland,Real estate,100.733,Gross Value Added
2020.5,Poland,Real estate,99.087,Gross Value Added
2020.75,Poland,Real estate,101.096,Gross Value Added
2021.0,Poland,Real estate,101.056,Gross Value Added
2021.25,Poland,Real estate,101.07,Gross Value Added
2021.5,Poland,Real estate,103.882,Gross Value Added
2021.75,Poland,Real estate,104.953,Gross Value Added
2022.0,Poland,Real estate,105.636,Gross Value Added
2022.25,Poland,Real estate,105.737,Gross Value Added
2022.5,Poland,Real estate,105.364,Gross Value Added
2022.75,Poland,Real estate,104.754,Gross Value Added
2023.0,Poland,Real estate,105.528,Gross Value Added
2023.25,Poland,Real estate,106.502,Gross Value Added
2023.5,Poland,Real estate,108.222,Gross Value Added
2023.75,Poland,Real estate,110.796,Gross Value Added
2024.0,Poland,Real estate,113.012,Gross Value Added
2024.25,Poland,Real estate,114.647,Gross Value Added
2024.5,Poland,Real estate,115.014,Gross Value Added
2024.75,Poland,Real estate,114.557,Gross Value Added
2025.0,Poland,Real estate,114.422,Gross Value Added
2012.0,Romania,Real estate,79.734,Gross Value Added
2012.25,Romania,Real estate,68.972,Gross Value Added
2012.5,Romania,Real estate,67.093,Gross Value Added
2012.75,Romania,Real estate,66.6,Gross Value Added
2013.0,Romania,Real estate,74.72,Gross Value Added
2013.25,Romania,Real estate,69.843,Gross Value Added
2013.5,Romania,Real estate,69.495,Gross Value Added
2013.75,Romania,Real estate,68.811,Gross Value Added
2014.0,Romania,Real estate,74.999,Gross Value Added
2014.25,Romania,Real estate,74.001,Gross Value Added
2014.5,Romania,Real estate,73.707,Gross Value Added
2014.75,Romania,Real estate,75.753,Gross Value Added
2015.0,Romania,Real estate,80.277,Gross Value Added
2015.25,Romania,Real estate,80.389,Gross Value Added
2015.5,Romania,Real estate,81.018,Gross Value Added
2015.75,Romania,Real estate,82.835,Gross Value Added
2016.0,Romania,Real estate,80.436,Gross Value Added
2016.25,Romania,Real estate,81.462,Gross Value Added
2016.5,Romania,Real estate,82.242,Gross Value Added
2016.75,Romania,Real estate,84.114,Gross Value Added
2017.0,Romania,Real estate,88.858,Gross Value Added
2017.25,Romania,Real estate,90.022,Gross Value Added
2017.5,Romania,Real estate,90.793,Gross Value Added
2017.75,Romania,Real estate,89.243,Gross Value Added
2018.0,Romania,Real estate,90.467,Gross Value Added
2018.25,Romania,Real estate,92.779,Gross Value Added
2018.5,Romania,Real estate,95.517,Gross Value Added
2018.75,Romania,Real estate,93.869,Gross Value Added
2019.0,Romania,Real estate,100.977,Gross Value Added
2019.25,Romania,Real estate,104.415,Gross Value Added
2019.5,Romania,Real estate,105.225,Gross Value Added
2019.75,Romania,Real estate,106.58,Gross Value Added
2020.0,Romania,Real estate,99.055,Gross Value Added
2020.25,Romania,Real estate,97.889,Gross Value Added
2020.5,Romania,Real estate,100.234,Gross Value Added
2020.75,Romania,Real estate,102.822,Gross Value Added
2021.0,Romania,Real estate,105.361,Gross Value Added
2021.25,Romania,Real estate,110.05,Gross Value Added
2021.5,Romania,Real estate,110.166,Gross Value Added
2021.75,Romania,Real estate,112.852,Gross Value Added
2022.0,Romania,Real estate,118.569,Gross Value Added
2022.25,Romania,Real estate,119.277,Gross Value Added
2022.5,Romania,Real estate,123.363,Gross Value Added
2022.75,Romania,Real estate,123.05,Gross Value Added
2023.0,Romania,Real estate,120.809,Gross Value Added
2023.25,Romania,Real estate,123.203,Gross Value Added
2023.5,Romania,Real estate,122.724,Gross Value Added
2023.75,Romania,Real estate,125.362,Gross Value Added
2024.0,Romania,Real estate,118.678,Gross Value Added
2024.25,Romania,Real estate,120.992,Gross Value Added
2024.5,Romania,Real estate,122.297,Gross Value Added
2024.75,Romania,Real estate,123.848,Gross Value Added
2025.0,Romania,Real estate,123.579,Gross Value Added
2012.0,Germany,Professional & Admin Services,86.597,Gross Value Added
2012.25,Germany,Professional & Admin Services,86.897,Gross Value Added
2012.5,Germany,Professional & Admin Services,86.987,Gross Value Added
2012.75,Germany,Professional & Admin Services,87.007,Gross Value Added
2013.0,Germany,Professional & Admin Services,88.1,Gross Value Added
2013.25,Germany,Professional & Admin Services,88.821,Gross Value Added
2013.5,Germany,Professional & Admin Services,89.782,Gross Value Added
2013.75,Germany,Professional & Admin Services,90.633,Gross Value Added
2014.0,Germany,Professional & Admin Services,90.883,Gross Value Added
2014.25,Germany,Professional & Admin Services,91.133,Gross Value Added
2014.5,Germany,Professional & Admin Services,92.154,Gross Value Added
2014.75,Germany,Professional & Admin Services,92.774,Gross Value Added
2015.0,Germany,Professional & Admin Services,92.937,Gross Value Added
2015.25,Germany,Professional & Admin Services,94.178,Gross Value Added
2015.5,Germany,Professional & Admin Services,94.828,Gross Value Added
2015.75,Germany,Professional & Admin Services,95.549,Gross Value Added
2016.0,Germany,Professional & Admin Services,96.96,Gross Value Added
2016.25,Germany,Professional & Admin Services,98.411,Gross Value Added
2016.5,Germany,Professional & Admin Services,99.082,Gross Value Added
2016.75,Germany,Professional & Admin Services,99.602,Gross Value Added
2017.0,Germany,Professional & Admin Services,101.341,Gross Value Added
2017.25,Germany,Professional & Admin Services,102.142,Gross Value Added
2017.5,Germany,Professional & Admin Services,103.703,Gross Value Added
2017.75,Germany,Professional & Admin Services,105.104,Gross Value Added
2018.0,Germany,Professional & Admin Services,105.957,Gross Value Added
2018.25,Germany,Professional & Admin Services,107.418,Gross Value Added
2018.5,Germany,Professional & Admin Services,106.998,Gross Value Added
2018.75,Germany,Professional & Admin Services,107.448,Gross Value Added
2019.0,Germany,Professional & Admin Services,103.993,Gross Value Added
2019.25,Germany,Professional & Admin Services,104.363,Gross Value Added
2019.5,Germany,Professional & Admin Services,105.725,Gross Value Added
2019.75,Germany,Professional & Admin Services,105.224,Gross Value Added
2020.0,Germany,Professional & Admin Services,104.524,Gross Value Added
2020.25,Germany,Professional & Admin Services,95.206,Gross Value Added
2020.5,Germany,Professional & Admin Services,98.979,Gross Value Added
2020.75,Germany,Professional & Admin Services,101.291,Gross Value Added
2021.0,Germany,Professional & Admin Services,103.42,Gross Value Added
2021.25,Germany,Professional & Admin Services,108.104,Gross Value Added
2021.5,Germany,Professional & Admin Services,109.155,Gross Value Added
2021.75,Germany,Professional & Admin Services,109.475,Gross Value Added
2022.0,Germany,Professional & Admin Services,110.659,Gross Value Added
2022.25,Germany,Professional & Admin Services,110.208,Gross Value Added
2022.5,Germany,Professional & Admin Services,110.328,Gross Value Added
2022.75,Germany,Professional & Admin Services,111.549,Gross Value Added
2023.0,Germany,Professional & Admin Services,111.772,Gross Value Added
2023.25,Germany,Professional & Admin Services,111.412,Gross Value Added
2023.5,Germany,Professional & Admin Services,112.202,Gross Value Added
2023.75,Germany,Professional & Admin Services,113.073,Gross Value Added
2024.0,Germany,Professional & Admin Services,113.143,Gross Value Added
2024.25,Germany,Professional & Admin Services,113.703,Gross Value Added
2024.5,Germany,Professional & Admin Services,112.973,Gross Value Added
2024.75,Germany,Professional & Admin Services,112.312,Gross Value Added
2025.0,Germany,Professional & Admin Services,111.932,Gross Value Added
2025.25,Germany,Professional & Admin Services,112.442,Gross Value Added
2012.0,Denmark,Professional & Admin Services,81.023,Gross Value Added
2012.25,Denmark,Professional & Admin Services,78.383,Gross Value Added
2012.5,Denmark,Professional & Admin Services,78.545,Gross Value Added
2012.75,Denmark,Professional & Admin Services,79.311,Gross Value Added
2013.0,Denmark,Professional & Admin Services,83.659,Gross Value Added
2013.25,Denmark,Professional & Admin Services,83.536,Gross Value Added
2013.5,Denmark,Professional & Admin Services,84.059,Gross Value Added
2013.75,Denmark,Professional & Admin Services,84.791,Gross Value Added
2014.0,Denmark,Professional & Admin Services,83.762,Gross Value Added
2014.25,Denmark,Professional & Admin Services,83.705,Gross Value Added
2014.5,Denmark,Professional & Admin Services,84.309,Gross Value Added
2014.75,Denmark,Professional & Admin Services,87.252,Gross Value Added
2015.0,Denmark,Professional & Admin Services,88.473,Gross Value Added
2015.25,Denmark,Professional & Admin Services,89.296,Gross Value Added
2015.5,Denmark,Professional & Admin Services,90.746,Gross Value Added
2015.75,Denmark,Professional & Admin Services,90.781,Gross Value Added
2016.0,Denmark,Professional & Admin Services,94.835,Gross Value Added
2016.25,Denmark,Professional & Admin Services,97.864,Gross Value Added
2016.5,Denmark,Professional & Admin Services,100.406,Gross Value Added
2016.75,Denmark,Professional & Admin Services,101.407,Gross Value Added
2017.0,Denmark,Professional & Admin Services,101.26,Gross Value Added
2017.25,Denmark,Professional & Admin Services,100.271,Gross Value Added
2017.5,Denmark,Professional & Admin Services,99.321,Gross Value Added
2017.75,Denmark,Professional & Admin Services,100.737,Gross Value Added
2018.0,Denmark,Professional & Admin Services,98.701,Gross Value Added
2018.25,Denmark,Professional & Admin Services,103.99,Gross Value Added
2018.5,Denmark,Professional & Admin Services,106.502,Gross Value Added
2018.75,Denmark,Professional & Admin Services,102.94,Gross Value Added
2019.0,Denmark,Professional & Admin Services,102.559,Gross Value Added
2019.25,Denmark,Professional & Admin Services,102.021,Gross Value Added
2019.5,Denmark,Professional & Admin Services,101.789,Gross Value Added
2019.75,Denmark,Professional & Admin Services,104.019,Gross Value Added
2020.0,Denmark,Professional & Admin Services,105.515,Gross Value Added
2020.25,Denmark,Professional & Admin Services,91.559,Gross Value Added
2020.5,Denmark,Professional & Admin Services,99.975,Gross Value Added
2020.75,Denmark,Professional & Admin Services,102.952,Gross Value Added
2021.0,Denmark,Professional & Admin Services,108.852,Gross Value Added
2021.25,Denmark,Professional & Admin Services,114.997,Gross Value Added
2021.5,Denmark,Professional & Admin Services,118.841,Gross Value Added
2021.75,Denmark,Professional & Admin Services,117.441,Gross Value Added
2022.0,Denmark,Professional & Admin Services,108.672,Gross Value Added
2022.25,Denmark,Professional & Admin Services,106.526,Gross Value Added
2022.5,Denmark,Professional & Admin Services,115.561,Gross Value Added
2022.75,Denmark,Professional & Admin Services,112.948,Gross Value Added
2023.0,Denmark,Professional & Admin Services,114.788,Gross Value Added
2023.25,Denmark,Professional & Admin Services,114.638,Gross Value Added
2023.5,Denmark,Professional & Admin Services,115.083,Gross Value Added
2023.75,Denmark,Professional & Admin Services,117.419,Gross Value Added
2024.0,Denmark,Professional & Admin Services,117.446,Gross Value Added
2024.25,Denmark,Professional & Admin Services,116.012,Gross Value Added
2024.5,Denmark,Professional & Admin Services,115.828,Gross Value Added
2024.75,Denmark,Professional & Admin Services,118.791,Gross Value Added
2025.0,Denmark,Professional & Admin Services,121.083,Gross Value Added
2025.25,Denmark,Professional & Admin Services,121.917,Gross Value Added
2012.0,Euro Area,Professional & Admin Services,86.052,Gross Value Added
2012.25,Euro Area,Professional & Admin Services,85.351,Gross Value Added
2012.5,Euro Area,Professional & Admin Services,85.27,Gross Value Added
2012.75,Euro Area,Professional & Admin Services,85.108,Gross Value Added
2013.0,Euro Area,Professional & Admin Services,85.701,Gross Value Added
2013.25,Euro Area,Professional & Admin Services,86.521,Gross Value Added
2013.5,Euro Area,Professional & Admin Services,86.807,Gross Value Added
2013.75,Euro Area,Professional & Admin Services,87.266,Gross Value Added
2014.0,Euro Area,Professional & Admin Services,87.982,Gross Value Added
2014.25,Euro Area,Professional & Admin Services,88.489,Gross Value Added
2014.5,Euro Area,Professional & Admin Services,89.378,Gross Value Added
2014.75,Euro Area,Professional & Admin Services,89.77,Gross Value Added
2015.0,Euro Area,Professional & Admin Services,90.623,Gross Value Added
2015.25,Euro Area,Professional & Admin Services,91.489,Gross Value Added
2015.5,Euro Area,Professional & Admin Services,92.556,Gross Value Added
2015.75,Euro Area,Professional & Admin Services,93.161,Gross Value Added
2016.0,Euro Area,Professional & Admin Services,93.878,Gross Value Added
2016.25,Euro Area,Professional & Admin Services,94.86,Gross Value Added
2016.5,Euro Area,Professional & Admin Services,95.686,Gross Value Added
2016.75,Euro Area,Professional & Admin Services,96.456,Gross Value Added
2017.0,Euro Area,Professional & Admin Services,97.952,Gross Value Added
2017.25,Euro Area,Professional & Admin Services,98.977,Gross Value Added
2017.5,Euro Area,Professional & Admin Services,100.173,Gross Value Added
2017.75,Euro Area,Professional & Admin Services,101.496,Gross Value Added
2018.0,Euro Area,Professional & Admin Services,102.971,Gross Value Added
2018.25,Euro Area,Professional & Admin Services,103.525,Gross Value Added
2018.5,Euro Area,Professional & Admin Services,103.825,Gross Value Added
2018.75,Euro Area,Professional & Admin Services,105.035,Gross Value Added
2019.0,Euro Area,Professional & Admin Services,105.123,Gross Value Added
2019.25,Euro Area,Professional & Admin Services,105.453,Gross Value Added
2019.5,Euro Area,Professional & Admin Services,105.972,Gross Value Added
2019.75,Euro Area,Professional & Admin Services,106.291,Gross Value Added
2020.0,Euro Area,Professional & Admin Services,104.698,Gross Value Added
2020.25,Euro Area,Professional & Admin Services,92.143,Gross Value Added
2020.5,Euro Area,Professional & Admin Services,100.415,Gross Value Added
2020.75,Euro Area,Professional & Admin Services,102.744,Gross Value Added
2021.0,Euro Area,Professional & Admin Services,105.322,Gross Value Added
2021.25,Euro Area,Professional & Admin Services,107.921,Gross Value Added
2021.5,Euro Area,Professional & Admin Services,110.592,Gross Value Added
2021.75,Euro Area,Professional & Admin Services,112.168,Gross Value Added
2022.0,Euro Area,Professional & Admin Services,114.674,Gross Value Added
2022.25,Euro Area,Professional & Admin Services,115.371,Gross Value Added
2022.5,Euro Area,Professional & Admin Services,116.08,Gross Value Added
2022.75,Euro Area,Professional & Admin Services,116.443,Gross Value Added
2023.0,Euro Area,Professional & Admin Services,116.464,Gross Value Added
2023.25,Euro Area,Professional & Admin Services,116.946,Gross Value Added
2023.5,Euro Area,Professional & Admin Services,117.769,Gross Value Added
2023.75,Euro Area,Professional & Admin Services,118.42,Gross Value Added
2024.0,Euro Area,Professional & Admin Services,118.615,Gross Value Added
2024.25,Euro Area,Professional & Admin Services,119.375,Gross Value Added
2024.5,Euro Area,Professional & Admin Services,119.573,Gross Value Added
2024.75,Euro Area,Professional & Admin Services,119.528,Gross Value Added
2025.0,Euro Area,Professional & Admin Services,119.994,Gross Value Added
2012.0,Spain,Professional & Admin Services,83.487,Gross Value Added
2012.25,Spain,Professional & Admin Services,82.544,Gross Value Added
2012.5,Spain,Professional & Admin Services,81.921,Gross Value Added
2012.75,Spain,Professional & Admin Services,80.175,Gross Value Added
2013.0,Spain,Professional & Admin Services,80.914,Gross Value Added
2013.25,Spain,Professional & Admin Services,80.793,Gross Value Added
2013.5,Spain,Professional & Admin Services,81.502,Gross Value Added
2013.75,Spain,Professional & Admin Services,82.419,Gross Value Added
2014.0,Spain,Professional & Admin Services,83.871,Gross Value Added
2014.25,Spain,Professional & Admin Services,85.333,Gross Value Added
2014.5,Spain,Professional & Admin Services,86.972,Gross Value Added
2014.75,Spain,Professional & Admin Services,88.96,Gross Value Added
2015.0,Spain,Professional & Admin Services,90.145,Gross Value Added
2015.25,Spain,Professional & Admin Services,92.303,Gross Value Added
2015.5,Spain,Professional & Admin Services,93.928,Gross Value Added
2015.75,Spain,Professional & Admin Services,94.996,Gross Value Added
2016.0,Spain,Professional & Admin Services,95.827,Gross Value Added
2016.25,Spain,Professional & Admin Services,96.272,Gross Value Added
2016.5,Spain,Professional & Admin Services,97.409,Gross Value Added
2016.75,Spain,Professional & Admin Services,98.762,Gross Value Added
2017.0,Spain,Professional & Admin Services,99.575,Gross Value Added
2017.25,Spain,Professional & Admin Services,101.158,Gross Value Added
2017.5,Spain,Professional & Admin Services,101.737,Gross Value Added
2017.75,Spain,Professional & Admin Services,102.904,Gross Value Added
2018.0,Spain,Professional & Admin Services,103.652,Gross Value Added
2018.25,Spain,Professional & Admin Services,104.729,Gross Value Added
2018.5,Spain,Professional & Admin Services,106.878,Gross Value Added
2018.75,Spain,Professional & Admin Services,108.119,Gross Value Added
2019.0,Spain,Professional & Admin Services,114.09,Gross Value Added
2019.25,Spain,Professional & Admin Services,112.97,Gross Value Added
2019.5,Spain,Professional & Admin Services,112.948,Gross Value Added
2019.75,Spain,Professional & Admin Services,113.191,Gross Value Added
2020.0,Spain,Professional & Admin Services,112.447,Gross Value Added
2020.25,Spain,Professional & Admin Services,84.624,Gross Value Added
2020.5,Spain,Professional & Admin Services,100.111,Gross Value Added
2020.75,Spain,Professional & Admin Services,102.818,Gross Value Added
2021.0,Spain,Professional & Admin Services,107.254,Gross Value Added
2021.25,Spain,Professional & Admin Services,110.337,Gross Value Added
2021.5,Spain,Professional & Admin Services,112.866,Gross Value Added
2021.75,Spain,Professional & Admin Services,117.501,Gross Value Added
2022.0,Spain,Professional & Admin Services,121.704,Gross Value Added
2022.25,Spain,Professional & Admin Services,124.363,Gross Value Added
2022.5,Spain,Professional & Admin Services,128.765,Gross Value Added
2022.75,Spain,Professional & Admin Services,128.211,Gross Value Added
2023.0,Spain,Professional & Admin Services,124.298,Gross Value Added
2023.25,Spain,Professional & Admin Services,125.098,Gross Value Added
2023.5,Spain,Professional & Admin Services,128.276,Gross Value Added
2023.75,Spain,Professional & Admin Services,131.203,Gross Value Added
2024.0,Spain,Professional & Admin Services,128.669,Gross Value Added
2024.25,Spain,Professional & Admin Services,132.038,Gross Value Added
2024.5,Spain,Professional & Admin Services,133.862,Gross Value Added
2024.75,Spain,Professional & Admin Services,135.518,Gross Value Added
2025.0,Spain,Professional & Admin Services,136.033,Gross Value Added
2025.25,Spain,Professional & Admin Services,139.111,Gross Value Added
2012.0,European Union,Professional & Admin Services,84.207,Gross Value Added
2012.25,European Union,Professional & Admin Services,83.724,Gross Value Added
2012.5,European Union,Professional & Admin Services,83.645,Gross Value Added
2012.75,European Union,Professional & Admin Services,83.649,Gross Value Added
2013.0,European Union,Professional & Admin Services,84.351,Gross Value Added
2013.25,European Union,Professional & Admin Services,85.184,Gross Value Added
2013.5,European Union,Professional & Admin Services,85.522,Gross Value Added
2013.75,European Union,Professional & Admin Services,86.097,Gross Value Added
2014.0,European Union,Professional & Admin Services,86.623,Gross Value Added
2014.25,European Union,Professional & Admin Services,87.211,Gross Value Added
2014.5,European Union,Professional & Admin Services,88.182,Gross Value Added
2014.75,European Union,Professional & Admin Services,88.664,Gross Value Added
2015.0,European Union,Professional & Admin Services,89.609,Gross Value Added
2015.25,European Union,Professional & Admin Services,90.5,Gross Value Added
2015.5,European Union,Professional & Admin Services,91.591,Gross Value Added
2015.75,European Union,Professional & Admin Services,92.262,Gross Value Added
2016.0,European Union,Professional & Admin Services,92.767,Gross Value Added
2016.25,European Union,Professional & Admin Services,93.849,Gross Value Added
2016.5,European Union,Professional & Admin Services,94.826,Gross Value Added
2016.75,European Union,Professional & Admin Services,95.67,Gross Value Added
2017.0,European Union,Professional & Admin Services,97.29,Gross Value Added
2017.25,European Union,Professional & Admin Services,98.332,Gross Value Added
2017.5,European Union,Professional & Admin Services,99.489,Gross Value Added
2017.75,European Union,Professional & Admin Services,100.787,Gross Value Added
2018.0,European Union,Professional & Admin Services,102.212,Gross Value Added
2018.25,European Union,Professional & Admin Services,102.879,Gross Value Added
2018.5,European Union,Professional & Admin Services,103.299,Gross Value Added
2018.75,European Union,Professional & Admin Services,104.394,Gross Value Added
2019.0,European Union,Professional & Admin Services,104.662,Gross Value Added
2019.25,European Union,Professional & Admin Services,105.042,Gross Value Added
2019.5,European Union,Professional & Admin Services,105.552,Gross Value Added
2019.75,European Union,Professional & Admin Services,106.052,Gross Value Added
2020.0,European Union,Professional & Admin Services,104.749,Gross Value Added
2020.25,European Union,Professional & Admin Services,92.377,Gross Value Added
2020.5,European Union,Professional & Admin Services,100.199,Gross Value Added
2020.75,European Union,Professional & Admin Services,102.675,Gross Value Added
2021.0,European Union,Professional & Admin Services,105.362,Gross Value Added
2021.25,European Union,Professional & Admin Services,108.017,Gross Value Added
2021.5,European Union,Professional & Admin Services,110.553,Gross Value Added
2021.75,European Union,Professional & Admin Services,112.26,Gross Value Added
2022.0,European Union,Professional & Admin Services,114.736,Gross Value Added
2022.25,European Union,Professional & Admin Services,115.407,Gross Value Added
2022.5,European Union,Professional & Admin Services,116.357,Gross Value Added
2022.75,European Union,Professional & Admin Services,116.637,Gross Value Added
2023.0,European Union,Professional & Admin Services,116.864,Gross Value Added
2023.25,European Union,Professional & Admin Services,117.452,Gross Value Added
2023.5,European Union,Professional & Admin Services,118.251,Gross Value Added
2023.75,European Union,Professional & Admin Services,118.939,Gross Value Added
2024.0,European Union,Professional & Admin Services,119.061,Gross Value Added
2024.25,European Union,Professional & Admin Services,120.034,Gross Value Added
2024.5,European Union,Professional & Admin Services,120.301,Gross Value Added
2024.75,European Union,Professional & Admin Services,120.47,Gross Value Added
2025.0,European Union,Professional & Admin Services,120.915,Gross Value Added
2012.0,Finland,Professional & Admin Services,89.059,Gross Value Added
2012.25,Finland,Professional & Admin Services,88.26,Gross Value Added
2012.5,Finland,Professional & Admin Services,88.534,Gross Value Added
2012.75,Finland,Professional & Admin Services,88.648,Gross Value Added
2013.0,Finland,Professional & Admin Services,87.165,Gross Value Added
2013.25,Finland,Professional & Admin Services,87.598,Gross Value Added
2013.5,Finland,Professional & Admin Services,87.758,Gross Value Added
2013.75,Finland,Professional & Admin Services,86.207,Gross Value Added
2014.0,Finland,Professional & Admin Services,85.339,Gross Value Added
2014.25,Finland,Professional & Admin Services,85.613,Gross Value Added
2014.5,Finland,Professional & Admin Services,85.864,Gross Value Added
2014.75,Finland,Professional & Admin Services,85.956,Gross Value Added
2015.0,Finland,Professional & Admin Services,84.906,Gross Value Added
2015.25,Finland,Professional & Admin Services,86.366,Gross Value Added
2015.5,Finland,Professional & Admin Services,86.663,Gross Value Added
2015.75,Finland,Professional & Admin Services,86.412,Gross Value Added
2016.0,Finland,Professional & Admin Services,87.781,Gross Value Added
2016.25,Finland,Professional & Admin Services,87.393,Gross Value Added
2016.5,Finland,Professional & Admin Services,87.963,Gross Value Added
2016.75,Finland,Professional & Admin Services,88.831,Gross Value Added
2017.0,Finland,Professional & Admin Services,90.747,Gross Value Added
2017.25,Finland,Professional & Admin Services,92.459,Gross Value Added
2017.5,Finland,Professional & Admin Services,95.311,Gross Value Added
2017.75,Finland,Professional & Admin Services,98.688,Gross Value Added
2018.0,Finland,Professional & Admin Services,97.205,Gross Value Added
2018.25,Finland,Professional & Admin Services,97.867,Gross Value Added
2018.5,Finland,Professional & Admin Services,100.878,Gross Value Added
2018.75,Finland,Professional & Admin Services,103.001,Gross Value Added
2019.0,Finland,Professional & Admin Services,101.837,Gross Value Added
2019.25,Finland,Professional & Admin Services,104.096,Gross Value Added
2019.5,Finland,Professional & Admin Services,104.575,Gross Value Added
2019.75,Finland,Professional & Admin Services,104.392,Gross Value Added
2020.0,Finland,Professional & Admin Services,105.442,Gross Value Added
2020.25,Finland,Professional & Admin Services,95.197,Gross Value Added
2020.5,Finland,Professional & Admin Services,99.099,Gross Value Added
2020.75,Finland,Professional & Admin Services,100.262,Gross Value Added
2021.0,Finland,Professional & Admin Services,100.878,Gross Value Added
2021.25,Finland,Professional & Admin Services,104.621,Gross Value Added
2021.5,Finland,Professional & Admin Services,104.894,Gross Value Added
2021.75,Finland,Professional & Admin Services,104.735,Gross Value Added
2022.0,Finland,Professional & Admin Services,106.88,Gross Value Added
2022.25,Finland,Professional & Admin Services,108.18,Gross Value Added
2022.5,Finland,Professional & Admin Services,108.819,Gross Value Added
2022.75,Finland,Professional & Admin Services,110.234,Gross Value Added
2023.0,Finland,Professional & Admin Services,110.485,Gross Value Added
2023.25,Finland,Professional & Admin Services,110.713,Gross Value Added
2023.5,Finland,Professional & Admin Services,108.203,Gross Value Added
2023.75,Finland,Professional & Admin Services,108.203,Gross Value Added
2024.0,Finland,Professional & Admin Services,107.404,Gross Value Added
2024.25,Finland,Professional & Admin Services,108.363,Gross Value Added
2024.5,Finland,Professional & Admin Services,109.344,Gross Value Added
2024.75,Finland,Professional & Admin Services,108.431,Gross Value Added
2025.0,Finland,Professional & Admin Services,108.728,Gross Value Added
2012.0,France,Professional & Admin Services,91.181,Gross Value Added
2012.25,France,Professional & Admin Services,89.935,Gross Value Added
2012.5,France,Professional & Admin Services,89.967,Gross Value Added
2012.75,France,Professional & Admin Services,89.797,Gross Value Added
2013.0,France,Professional & Admin Services,90.291,Gross Value Added
2013.25,France,Professional & Admin Services,91.394,Gross Value Added
2013.5,France,Professional & Admin Services,90.926,Gross Value Added
2013.75,France,Professional & Admin Services,91.567,Gross Value Added
2014.0,France,Professional & Admin Services,91.456,Gross Value Added
2014.25,France,Professional & Admin Services,91.982,Gross Value Added
2014.5,France,Professional & Admin Services,92.959,Gross Value Added
2014.75,France,Professional & Admin Services,92.752,Gross Value Added
2015.0,France,Professional & Admin Services,93.868,Gross Value Added
2015.25,France,Professional & Admin Services,93.688,Gross Value Added
2015.5,France,Professional & Admin Services,94.167,Gross Value Added
2015.75,France,Professional & Admin Services,94.437,Gross Value Added
2016.0,France,Professional & Admin Services,95.128,Gross Value Added
2016.25,France,Professional & Admin Services,95.773,Gross Value Added
2016.5,France,Professional & Admin Services,96.459,Gross Value Added
2016.75,France,Professional & Admin Services,97.23,Gross Value Added
2017.0,France,Professional & Admin Services,99.008,Gross Value Added
2017.25,France,Professional & Admin Services,100.216,Gross Value Added
2017.5,France,Professional & Admin Services,101.183,Gross Value Added
2017.75,France,Professional & Admin Services,102.496,Gross Value Added
2018.0,France,Professional & Admin Services,103.466,Gross Value Added
2018.25,France,Professional & Admin Services,103.379,Gross Value Added
2018.5,France,Professional & Admin Services,103.755,Gross Value Added
2018.75,France,Professional & Admin Services,105.089,Gross Value Added
2019.0,France,Professional & Admin Services,106.915,Gross Value Added
2019.25,France,Professional & Admin Services,107.522,Gross Value Added
2019.5,France,Professional & Admin Services,107.436,Gross Value Added
2019.75,France,Professional & Admin Services,107.239,Gross Value Added
2020.0,France,Professional & Admin Services,103.003,Gross Value Added
2020.25,France,Professional & Admin Services,91.114,Gross Value Added
2020.5,France,Professional & Admin Services,102.093,Gross Value Added
2020.75,France,Professional & Admin Services,103.79,Gross Value Added
2021.0,France,Professional & Admin Services,104.135,Gross Value Added
2021.25,France,Professional & Admin Services,106.552,Gross Value Added
2021.5,France,Professional & Admin Services,110.333,Gross Value Added
2021.75,France,Professional & Admin Services,112.047,Gross Value Added
2022.0,France,Professional & Admin Services,111.948,Gross Value Added
2022.25,France,Professional & Admin Services,112.261,Gross Value Added
2022.5,France,Professional & Admin Services,112.459,Gross Value Added
2022.75,France,Professional & Admin Services,113.46,Gross Value Added
2023.0,France,Professional & Admin Services,113.263,Gross Value Added
2023.25,France,Professional & Admin Services,114.629,Gross Value Added
2023.5,France,Professional & Admin Services,115.698,Gross Value Added
2023.75,France,Professional & Admin Services,117.289,Gross Value Added
2024.0,France,Professional & Admin Services,117.554,Gross Value Added
2024.25,France,Professional & Admin Services,118.31,Gross Value Added
2024.5,France,Professional & Admin Services,118.765,Gross Value Added
2024.75,France,Professional & Admin Services,118.492,Gross Value Added
2025.0,France,Professional & Admin Services,119.101,Gross Value Added
2025.25,France,Professional & Admin Services,119.976,Gross Value Added
2012.0,Ireland,Professional & Admin Services,46.239,Gross Value Added
2012.25,Ireland,Professional & Admin Services,45.43,Gross Value Added
2012.5,Ireland,Professional & Admin Services,46.614,Gross Value Added
2012.75,Ireland,Professional & Admin Services,48.878,Gross Value Added
2013.0,Ireland,Professional & Admin Services,52.763,Gross Value Added
2013.25,Ireland,Professional & Admin Services,55.971,Gross Value Added
2013.5,Ireland,Professional & Admin Services,57.46,Gross Value Added
2013.75,Ireland,Professional & Admin Services,61.033,Gross Value Added
2014.0,Ireland,Professional & Admin Services,64.485,Gross Value Added
2014.25,Ireland,Professional & Admin Services,66.678,Gross Value Added
2014.5,Ireland,Professional & Admin Services,68.754,Gross Value Added
2014.75,Ireland,Professional & Admin Services,70.144,Gross Value Added
2015.0,Ireland,Professional & Admin Services,71.187,Gross Value Added
2015.25,Ireland,Professional & Admin Services,72.469,Gross Value Added
2015.5,Ireland,Professional & Admin Services,75.319,Gross Value Added
2015.75,Ireland,Professional & Admin Services,73.973,Gross Value Added
2016.0,Ireland,Professional & Admin Services,73.926,Gross Value Added
2016.25,Ireland,Professional & Admin Services,74.911,Gross Value Added
2016.5,Ireland,Professional & Admin Services,76.616,Gross Value Added
2016.75,Ireland,Professional & Admin Services,77.63,Gross Value Added
2017.0,Ireland,Professional & Admin Services,85.081,Gross Value Added
2017.25,Ireland,Professional & Admin Services,86.936,Gross Value Added
2017.5,Ireland,Professional & Admin Services,88.616,Gross Value Added
2017.75,Ireland,Professional & Admin Services,87.498,Gross Value Added
2018.0,Ireland,Professional & Admin Services,91.194,Gross Value Added
2018.25,Ireland,Professional & Admin Services,94.445,Gross Value Added
2018.5,Ireland,Professional & Admin Services,95.464,Gross Value Added
2018.75,Ireland,Professional & Admin Services,99.158,Gross Value Added
2019.0,Ireland,Professional & Admin Services,101.197,Gross Value Added
2019.25,Ireland,Professional & Admin Services,102.062,Gross Value Added
2019.5,Ireland,Professional & Admin Services,100.566,Gross Value Added
2019.75,Ireland,Professional & Admin Services,103.297,Gross Value Added
2020.0,Ireland,Professional & Admin Services,96.148,Gross Value Added
2020.25,Ireland,Professional & Admin Services,98.85,Gross Value Added
2020.5,Ireland,Professional & Admin Services,101.849,Gross Value Added
2020.75,Ireland,Professional & Admin Services,103.153,Gross Value Added
2021.0,Ireland,Professional & Admin Services,101.395,Gross Value Added
2021.25,Ireland,Professional & Admin Services,101.965,Gross Value Added
2021.5,Ireland,Professional & Admin Services,103.385,Gross Value Added
2021.75,Ireland,Professional & Admin Services,104.914,Gross Value Added
2022.0,Ireland,Professional & Admin Services,107.367,Gross Value Added
2022.25,Ireland,Professional & Admin Services,108.162,Gross Value Added
2022.5,Ireland,Professional & Admin Services,107.366,Gross Value Added
2022.75,Ireland,Professional & Admin Services,111.152,Gross Value Added
2023.0,Ireland,Professional & Admin Services,114.62,Gross Value Added
2023.25,Ireland,Professional & Admin Services,116.899,Gross Value Added
2023.5,Ireland,Professional & Admin Services,118.954,Gross Value Added
2023.75,Ireland,Professional & Admin Services,117.5,Gross Value Added
2024.0,Ireland,Professional & Admin Services,114.664,Gross Value Added
2024.25,Ireland,Professional & Admin Services,120.971,Gross Value Added
2024.5,Ireland,Professional & Admin Services,126.008,Gross Value Added
2024.75,Ireland,Professional & Admin Services,117.799,Gross Value Added
2025.0,Ireland,Professional & Admin Services,119.752,Gross Value Added
2012.0,Italy,Professional & Admin Services,94.849,Gross Value Added
2012.25,Italy,Professional & Admin Services,92.305,Gross Value Added
2012.5,Italy,Professional & Admin Services,91.16,Gross Value Added
2012.75,Italy,Professional & Admin Services,91.404,Gross Value Added
2013.0,Italy,Professional & Admin Services,91.737,Gross Value Added
2013.25,Italy,Professional & Admin Services,91.88,Gross Value Added
2013.5,Italy,Professional & Admin Services,91.849,Gross Value Added
2013.75,Italy,Professional & Admin Services,90.406,Gross Value Added
2014.0,Italy,Professional & Admin Services,92.464,Gross Value Added
2014.25,Italy,Professional & Admin Services,91.659,Gross Value Added
2014.5,Italy,Professional & Admin Services,91.039,Gross Value Added
2014.75,Italy,Professional & Admin Services,91.007,Gross Value Added
2015.0,Italy,Professional & Admin Services,90.87,Gross Value Added
2015.25,Italy,Professional & Admin Services,91.608,Gross Value Added
2015.5,Italy,Professional & Admin Services,93.468,Gross Value Added
2015.75,Italy,Professional & Admin Services,94.092,Gross Value Added
2016.0,Italy,Professional & Admin Services,93.663,Gross Value Added
2016.25,Italy,Professional & Admin Services,94.687,Gross Value Added
2016.5,Italy,Professional & Admin Services,95.529,Gross Value Added
2016.75,Italy,Professional & Admin Services,96.017,Gross Value Added
2017.0,Italy,Professional & Admin Services,97.125,Gross Value Added
2017.25,Italy,Professional & Admin Services,97.779,Gross Value Added
2017.5,Italy,Professional & Admin Services,99.281,Gross Value Added
2017.75,Italy,Professional & Admin Services,100.109,Gross Value Added
2018.0,Italy,Professional & Admin Services,102.597,Gross Value Added
2018.25,Italy,Professional & Admin Services,102.897,Gross Value Added
2018.5,Italy,Professional & Admin Services,102.056,Gross Value Added
2018.75,Italy,Professional & Admin Services,102.996,Gross Value Added
2019.0,Italy,Professional & Admin Services,99.871,Gross Value Added
2019.25,Italy,Professional & Admin Services,101.895,Gross Value Added
2019.5,Italy,Professional & Admin Services,102.055,Gross Value Added
2019.75,Italy,Professional & Admin Services,103.343,Gross Value Added
2020.0,Italy,Professional & Admin Services,102.33,Gross Value Added
2020.25,Italy,Professional & Admin Services,91.22,Gross Value Added
2020.5,Italy,Professional & Admin Services,102.056,Gross Value Added
2020.75,Italy,Professional & Admin Services,104.393,Gross Value Added
2021.0,Italy,Professional & Admin Services,107.591,Gross Value Added
2021.25,Italy,Professional & Admin Services,107.115,Gross Value Added
2021.5,Italy,Professional & Admin Services,110.182,Gross Value Added
2021.75,Italy,Professional & Admin Services,113.004,Gross Value Added
2022.0,Italy,Professional & Admin Services,119.28,Gross Value Added
2022.25,Italy,Professional & Admin Services,121.756,Gross Value Added
2022.5,Italy,Professional & Admin Services,123.412,Gross Value Added
2022.75,Italy,Professional & Admin Services,122.895,Gross Value Added
2023.0,Italy,Professional & Admin Services,123.617,Gross Value Added
2023.25,Italy,Professional & Admin Services,123.666,Gross Value Added
2023.5,Italy,Professional & Admin Services,124.397,Gross Value Added
2023.75,Italy,Professional & Admin Services,124.801,Gross Value Added
2024.0,Italy,Professional & Admin Services,126.366,Gross Value Added
2024.25,Italy,Professional & Admin Services,126.168,Gross Value Added
2024.5,Italy,Professional & Admin Services,126.082,Gross Value Added
2024.75,Italy,Professional & Admin Services,126.795,Gross Value Added
2025.0,Italy,Professional & Admin Services,127.692,Gross Value Added
2012.0,Netherlands,Professional & Admin Services,80.139,Gross Value Added
2012.25,Netherlands,Professional & Admin Services,81.056,Gross Value Added
2012.5,Netherlands,Professional & Admin Services,81.134,Gross Value Added
2012.75,Netherlands,Professional & Admin Services,80.955,Gross Value Added
2013.0,Netherlands,Professional & Admin Services,79.862,Gross Value Added
2013.25,Netherlands,Professional & Admin Services,81.026,Gross Value Added
2013.5,Netherlands,Professional & Admin Services,80.723,Gross Value Added
2013.75,Netherlands,Professional & Admin Services,81.582,Gross Value Added
2014.0,Netherlands,Professional & Admin Services,82.585,Gross Value Added
2014.25,Netherlands,Professional & Admin Services,84.204,Gross Value Added
2014.5,Netherlands,Professional & Admin Services,84.494,Gross Value Added
2014.75,Netherlands,Professional & Admin Services,86.26,Gross Value Added
2015.0,Netherlands,Professional & Admin Services,87.265,Gross Value Added
2015.25,Netherlands,Professional & Admin Services,88.846,Gross Value Added
2015.5,Netherlands,Professional & Admin Services,91.385,Gross Value Added
2015.75,Netherlands,Professional & Admin Services,92.896,Gross Value Added
2016.0,Netherlands,Professional & Admin Services,93.651,Gross Value Added
2016.25,Netherlands,Professional & Admin Services,94.975,Gross Value Added
2016.5,Netherlands,Professional & Admin Services,95.822,Gross Value Added
2016.75,Netherlands,Professional & Admin Services,96.924,Gross Value Added
2017.0,Netherlands,Professional & Admin Services,98.097,Gross Value Added
2017.25,Netherlands,Professional & Admin Services,99.334,Gross Value Added
2017.5,Netherlands,Professional & Admin Services,100.233,Gross Value Added
2017.75,Netherlands,Professional & Admin Services,100.896,Gross Value Added
2018.0,Netherlands,Professional & Admin Services,102.648,Gross Value Added
2018.25,Netherlands,Professional & Admin Services,103.139,Gross Value Added
2018.5,Netherlands,Professional & Admin Services,103.243,Gross Value Added
2018.75,Netherlands,Professional & Admin Services,104.002,Gross Value Added
2019.0,Netherlands,Professional & Admin Services,106.733,Gross Value Added
2019.25,Netherlands,Professional & Admin Services,107.045,Gross Value Added
2019.5,Netherlands,Professional & Admin Services,107.041,Gross Value Added
2019.75,Netherlands,Professional & Admin Services,106.912,Gross Value Added
2020.0,Netherlands,Professional & Admin Services,106.803,Gross Value Added
2020.25,Netherlands,Professional & Admin Services,94.038,Gross Value Added
2020.5,Netherlands,Professional & Admin Services,97.578,Gross Value Added
2020.75,Netherlands,Professional & Admin Services,101.581,Gross Value Added
2021.0,Netherlands,Professional & Admin Services,104.4,Gross Value Added
2021.25,Netherlands,Professional & Admin Services,107.857,Gross Value Added
2021.5,Netherlands,Professional & Admin Services,112.237,Gross Value Added
2021.75,Netherlands,Professional & Admin Services,115.142,Gross Value Added
2022.0,Netherlands,Professional & Admin Services,117.309,Gross Value Added
2022.25,Netherlands,Professional & Admin Services,119.144,Gross Value Added
2022.5,Netherlands,Professional & Admin Services,118.818,Gross Value Added
2022.75,Netherlands,Professional & Admin Services,118.099,Gross Value Added
2023.0,Netherlands,Professional & Admin Services,119.247,Gross Value Added
2023.25,Netherlands,Professional & Admin Services,118.271,Gross Value Added
2023.5,Netherlands,Professional & Admin Services,118.237,Gross Value Added
2023.75,Netherlands,Professional & Admin Services,118.126,Gross Value Added
2024.0,Netherlands,Professional & Admin Services,119.652,Gross Value Added
2024.25,Netherlands,Professional & Admin Services,120.293,Gross Value Added
2024.5,Netherlands,Professional & Admin Services,120.479,Gross Value Added
2024.75,Netherlands,Professional & Admin Services,120.724,Gross Value Added
2025.0,Netherlands,Professional & Admin Services,120.039,Gross Value Added
2025.25,Netherlands,Professional & Admin Services,121.214,Gross Value Added
2012.0,Norway,Professional & Admin Services,86.74,Gross Value Added
2012.25,Norway,Professional & Admin Services,88.709,Gross Value Added
2012.5,Norway,Professional & Admin Services,91.421,Gross Value Added
2012.75,Norway,Professional & Admin Services,92.854,Gross Value Added
2013.0,Norway,Professional & Admin Services,91.588,Gross Value Added
2013.25,Norway,Professional & Admin Services,92.588,Gross Value Added
2013.5,Norway,Professional & Admin Services,93.401,Gross Value Added
2013.75,Norway,Professional & Admin Services,94.413,Gross Value Added
2014.0,Norway,Professional & Admin Services,92.409,Gross Value Added
2014.25,Norway,Professional & Admin Services,94.985,Gross Value Added
2014.5,Norway,Professional & Admin Services,94.204,Gross Value Added
2014.75,Norway,Professional & Admin Services,95.279,Gross Value Added
2015.0,Norway,Professional & Admin Services,87.186,Gross Value Added
2015.25,Norway,Professional & Admin Services,92.378,Gross Value Added
2015.5,Norway,Professional & Admin Services,90.936,Gross Value Added
2015.75,Norway,Professional & Admin Services,91.255,Gross Value Added
2016.0,Norway,Professional & Admin Services,87.515,Gross Value Added
2016.25,Norway,Professional & Admin Services,86.638,Gross Value Added
2016.5,Norway,Professional & Admin Services,86.693,Gross Value Added
2016.75,Norway,Professional & Admin Services,88.176,Gross Value Added
2017.0,Norway,Professional & Admin Services,89.43,Gross Value Added
2017.25,Norway,Professional & Admin Services,90.364,Gross Value Added
2017.5,Norway,Professional & Admin Services,92.058,Gross Value Added
2017.75,Norway,Professional & Admin Services,93.673,Gross Value Added
2018.0,Norway,Professional & Admin Services,96.143,Gross Value Added
2018.25,Norway,Professional & Admin Services,97.997,Gross Value Added
2018.5,Norway,Professional & Admin Services,100.104,Gross Value Added
2018.75,Norway,Professional & Admin Services,101.851,Gross Value Added
2019.0,Norway,Professional & Admin Services,103.123,Gross Value Added
2019.25,Norway,Professional & Admin Services,104.597,Gross Value Added
2019.5,Norway,Professional & Admin Services,105.297,Gross Value Added
2019.75,Norway,Professional & Admin Services,105.196,Gross Value Added
2020.0,Norway,Professional & Admin Services,105.085,Gross Value Added
2020.25,Norway,Professional & Admin Services,96.973,Gross Value Added
2020.5,Norway,Professional & Admin Services,97.833,Gross Value Added
2020.75,Norway,Professional & Admin Services,100.109,Gross Value Added
2021.0,Norway,Professional & Admin Services,97.962,Gross Value Added
2021.25,Norway,Professional & Admin Services,97.912,Gross Value Added
2021.5,Norway,Professional & Admin Services,101.815,Gross Value Added
2021.75,Norway,Professional & Admin Services,105.455,Gross Value Added
2022.0,Norway,Professional & Admin Services,107.876,Gross Value Added
2022.25,Norway,Professional & Admin Services,110.581,Gross Value Added
2022.5,Norway,Professional & Admin Services,111.478,Gross Value Added
2022.75,Norway,Professional & Admin Services,112.376,Gross Value Added
2023.0,Norway,Professional & Admin Services,113.012,Gross Value Added
2023.25,Norway,Professional & Admin Services,112.454,Gross Value Added
2023.5,Norway,Professional & Admin Services,112.741,Gross Value Added
2023.75,Norway,Professional & Admin Services,113.083,Gross Value Added
2024.0,Norway,Professional & Admin Services,113.16,Gross Value Added
2024.25,Norway,Professional & Admin Services,112.819,Gross Value Added
2024.5,Norway,Professional & Admin Services,113.206,Gross Value Added
2024.75,Norway,Professional & Admin Services,113.272,Gross Value Added
2025.0,Norway,Professional & Admin Services,113.178,Gross Value Added
2012.0,Poland,Professional & Admin Services,61.781,Gross Value Added
2012.25,Poland,Professional & Admin Services,63.157,Gross Value Added
2012.5,Poland,Professional & Admin Services,64.139,Gross Value Added
2012.75,Poland,Professional & Admin Services,64.709,Gross Value Added
2013.0,Poland,Professional & Admin Services,65.276,Gross Value Added
2013.25,Poland,Professional & Admin Services,66.636,Gross Value Added
2013.5,Poland,Professional & Admin Services,66.927,Gross Value Added
2013.75,Poland,Professional & Admin Services,68.408,Gross Value Added
2014.0,Poland,Professional & Admin Services,68.446,Gross Value Added
2014.25,Poland,Professional & Admin Services,69.373,Gross Value Added
2014.5,Poland,Professional & Admin Services,71.156,Gross Value Added
2014.75,Poland,Professional & Admin Services,71.787,Gross Value Added
2015.0,Poland,Professional & Admin Services,74.468,Gross Value Added
2015.25,Poland,Professional & Admin Services,76.877,Gross Value Added
2015.5,Poland,Professional & Admin Services,78.328,Gross Value Added
2015.75,Poland,Professional & Admin Services,80.839,Gross Value Added
2016.0,Poland,Professional & Admin Services,74.731,Gross Value Added
2016.25,Poland,Professional & Admin Services,77.375,Gross Value Added
2016.5,Poland,Professional & Admin Services,80.783,Gross Value Added
2016.75,Poland,Professional & Admin Services,82.731,Gross Value Added
2017.0,Poland,Professional & Admin Services,85.74,Gross Value Added
2017.25,Poland,Professional & Admin Services,87.72,Gross Value Added
2017.5,Poland,Professional & Admin Services,89.284,Gross Value Added
2017.75,Poland,Professional & Admin Services,91.373,Gross Value Added
2018.0,Poland,Professional & Admin Services,92.758,Gross Value Added
2018.25,Poland,Professional & Admin Services,94.142,Gross Value Added
2018.5,Poland,Professional & Admin Services,95.613,Gross Value Added
2018.75,Poland,Professional & Admin Services,96.605,Gross Value Added
2019.0,Poland,Professional & Admin Services,98.227,Gross Value Added
2019.25,Poland,Professional & Admin Services,99.941,Gross Value Added
2019.5,Poland,Professional & Admin Services,101.486,Gross Value Added
2019.75,Poland,Professional & Admin Services,101.014,Gross Value Added
2020.0,Poland,Professional & Admin Services,100.667,Gross Value Added
2020.25,Poland,Professional & Admin Services,95.804,Gross Value Added
2020.5,Poland,Professional & Admin Services,100.361,Gross Value Added
2020.75,Poland,Professional & Admin Services,103.168,Gross Value Added
2021.0,Poland,Professional & Admin Services,110.275,Gross Value Added
2021.25,Poland,Professional & Admin Services,112.544,Gross Value Added
2021.5,Poland,Professional & Admin Services,112.925,Gross Value Added
2021.75,Poland,Professional & Admin Services,114.445,Gross Value Added
2022.0,Poland,Professional & Admin Services,116.042,Gross Value Added
2022.25,Poland,Professional & Admin Services,115.249,Gross Value Added
2022.5,Poland,Professional & Admin Services,116.659,Gross Value Added
2022.75,Poland,Professional & Admin Services,116.58,Gross Value Added
2023.0,Poland,Professional & Admin Services,118.059,Gross Value Added
2023.25,Poland,Professional & Admin Services,119.473,Gross Value Added
2023.5,Poland,Professional & Admin Services,121.927,Gross Value Added
2023.75,Poland,Professional & Admin Services,122.737,Gross Value Added
2024.0,Poland,Professional & Admin Services,123.865,Gross Value Added
2024.25,Poland,Professional & Admin Services,126.671,Gross Value Added
2024.5,Poland,Professional & Admin Services,127.855,Gross Value Added
2024.75,Poland,Professional & Admin Services,130.033,Gross Value Added
2025.0,Poland,Professional & Admin Services,132.205,Gross Value Added
2012.0,Romania,Professional & Admin Services,53.959,Gross Value Added
2012.25,Romania,Professional & Admin Services,57.817,Gross Value Added
2012.5,Romania,Professional & Admin Services,59.537,Gross Value Added
2012.75,Romania,Professional & Admin Services,59.619,Gross Value Added
2013.0,Romania,Professional & Admin Services,64.472,Gross Value Added
2013.25,Romania,Professional & Admin Services,69.879,Gross Value Added
2013.5,Romania,Professional & Admin Services,71.687,Gross Value Added
2013.75,Romania,Professional & Admin Services,77.418,Gross Value Added
2014.0,Romania,Professional & Admin Services,64.399,Gross Value Added
2014.25,Romania,Professional & Admin Services,71.743,Gross Value Added
2014.5,Romania,Professional & Admin Services,77.393,Gross Value Added
2014.75,Romania,Professional & Admin Services,79.518,Gross Value Added
2015.0,Romania,Professional & Admin Services,71.67,Gross Value Added
2015.25,Romania,Professional & Admin Services,77.939,Gross Value Added
2015.5,Romania,Professional & Admin Services,77.784,Gross Value Added
2015.75,Romania,Professional & Admin Services,81.257,Gross Value Added
2016.0,Romania,Professional & Admin Services,74.688,Gross Value Added
2016.25,Romania,Professional & Admin Services,72.272,Gross Value Added
2016.5,Romania,Professional & Admin Services,77.701,Gross Value Added
2016.75,Romania,Professional & Admin Services,80.522,Gross Value Added
2017.0,Romania,Professional & Admin Services,88.921,Gross Value Added
2017.25,Romania,Professional & Admin Services,91.762,Gross Value Added
2017.5,Romania,Professional & Admin Services,89.958,Gross Value Added
2017.75,Romania,Professional & Admin Services,90.356,Gross Value Added
2018.0,Romania,Professional & Admin Services,93.565,Gross Value Added
2018.25,Romania,Professional & Admin Services,97.23,Gross Value Added
2018.5,Romania,Professional & Admin Services,92.714,Gross Value Added
2018.75,Romania,Professional & Admin Services,95.421,Gross Value Added
2019.0,Romania,Professional & Admin Services,104.01,Gross Value Added
2019.25,Romania,Professional & Admin Services,102.07,Gross Value Added
2019.5,Romania,Professional & Admin Services,101.506,Gross Value Added
2019.75,Romania,Professional & Admin Services,102.003,Gross Value Added
2020.0,Romania,Professional & Admin Services,108.164,Gross Value Added
2020.25,Romania,Professional & Admin Services,93.819,Gross Value Added
2020.5,Romania,Professional & Admin Services,98.363,Gross Value Added
2020.75,Romania,Professional & Admin Services,99.654,Gross Value Added
2021.0,Romania,Professional & Admin Services,98.661,Gross Value Added
2021.25,Romania,Professional & Admin Services,103.844,Gross Value Added
2021.5,Romania,Professional & Admin Services,99.502,Gross Value Added
2021.75,Romania,Professional & Admin Services,105.443,Gross Value Added
2022.0,Romania,Professional & Admin Services,117.321,Gross Value Added
2022.25,Romania,Professional & Admin Services,122.141,Gross Value Added
2022.5,Romania,Professional & Admin Services,126.794,Gross Value Added
2022.75,Romania,Professional & Admin Services,122.821,Gross Value Added
2023.0,Romania,Professional & Admin Services,124.21,Gross Value Added
2023.25,Romania,Professional & Admin Services,128.7,Gross Value Added
2023.5,Romania,Professional & Admin Services,127.928,Gross Value Added
2023.75,Romania,Professional & Admin Services,126.046,Gross Value Added
2024.0,Romania,Professional & Admin Services,119.325,Gross Value Added
2024.25,Romania,Professional & Admin Services,128.973,Gross Value Added
2024.5,Romania,Professional & Admin Services,130.794,Gross Value Added
2024.75,Romania,Professional & Admin Services,128.137,Gross Value Added
2025.0,Romania,Professional & Admin Services,121.374,Gross Value Added
2012.0,Germany,Public Services,92.12,Gross Value Added
2012.25,Germany,Public Services,92.42,Gross Value Added
2012.5,Germany,Public Services,92.76,Gross Value Added
2012.75,Germany,Public Services,92.961,Gross Value Added
2013.0,Germany,Public Services,90.964,Gross Value Added
2013.25,Germany,Public Services,91.655,Gross Value Added
2013.5,Germany,Public Services,91.865,Gross Value Added
2013.75,Germany,Public Services,92.045,Gross Value Added
2014.0,Germany,Public Services,92.565,Gross Value Added
2014.25,Germany,Public Services,92.515,Gross Value Added
2014.5,Germany,Public Services,92.575,Gross Value Added
2014.75,Germany,Public Services,93.036,Gross Value Added
2015.0,Germany,Public Services,93.601,Gross Value Added
2015.25,Germany,Public Services,94.011,Gross Value Added
2015.5,Germany,Public Services,94.321,Gross Value Added
2015.75,Germany,Public Services,94.662,Gross Value Added
2016.0,Germany,Public Services,95.772,Gross Value Added
2016.25,Germany,Public Services,96.443,Gross Value Added
2016.5,Germany,Public Services,96.763,Gross Value Added
2016.75,Germany,Public Services,97.113,Gross Value Added
2017.0,Germany,Public Services,97.291,Gross Value Added
2017.25,Germany,Public Services,98.181,Gross Value Added
2017.5,Germany,Public Services,98.532,Gross Value Added
2017.75,Germany,Public Services,99.192,Gross Value Added
2018.0,Germany,Public Services,98.432,Gross Value Added
2018.25,Germany,Public Services,98.972,Gross Value Added
2018.5,Germany,Public Services,98.832,Gross Value Added
2018.75,Germany,Public Services,99.472,Gross Value Added
2019.0,Germany,Public Services,100.45,Gross Value Added
2019.25,Germany,Public Services,100.48,Gross Value Added
2019.5,Germany,Public Services,101.191,Gross Value Added
2019.75,Germany,Public Services,101.261,Gross Value Added
2020.0,Germany,Public Services,102.784,Gross Value Added
2020.25,Germany,Public Services,94.269,Gross Value Added
2020.5,Germany,Public Services,103.024,Gross Value Added
2020.75,Germany,Public Services,99.922,Gross Value Added
2021.0,Germany,Public Services,100.26,Gross Value Added
2021.25,Germany,Public Services,99.78,Gross Value Added
2021.5,Germany,Public Services,102.722,Gross Value Added
2021.75,Germany,Public Services,101.181,Gross Value Added
2022.0,Germany,Public Services,104.315,Gross Value Added
2022.25,Germany,Public Services,105.116,Gross Value Added
2022.5,Germany,Public Services,105.736,Gross Value Added
2022.75,Germany,Public Services,105.626,Gross Value Added
2023.0,Germany,Public Services,105.543,Gross Value Added
2023.25,Germany,Public Services,105.814,Gross Value Added
2023.5,Germany,Public Services,105.413,Gross Value Added
2023.75,Germany,Public Services,105.173,Gross Value Added
2024.0,Germany,Public Services,105.756,Gross Value Added
2024.25,Germany,Public Services,106.587,Gross Value Added
2024.5,Germany,Public Services,106.987,Gross Value Added
2024.75,Germany,Public Services,107.437,Gross Value Added
2025.0,Germany,Public Services,107.857,Gross Value Added
2025.25,Germany,Public Services,108.018,Gross Value Added
2012.0,Denmark,Public Services,97.961,Gross Value Added
2012.25,Denmark,Public Services,98.033,Gross Value Added
2012.5,Denmark,Public Services,97.5,Gross Value Added
2012.75,Denmark,Public Services,98.42,Gross Value Added
2013.0,Denmark,Public Services,96.782,Gross Value Added
2013.25,Denmark,Public Services,97.419,Gross Value Added
2013.5,Denmark,Public Services,98.374,Gross Value Added
2013.75,Denmark,Public Services,100.02,Gross Value Added
2014.0,Denmark,Public Services,100.447,Gross Value Added
2014.25,Denmark,Public Services,99.816,Gross Value Added
2014.5,Denmark,Public Services,100.407,Gross Value Added
2014.75,Denmark,Public Services,101.88,Gross Value Added
2015.0,Denmark,Public Services,103.437,Gross Value Added
2015.25,Denmark,Public Services,103.341,Gross Value Added
2015.5,Denmark,Public Services,103.48,Gross Value Added
2015.75,Denmark,Public Services,101.684,Gross Value Added
2016.0,Denmark,Public Services,101.542,Gross Value Added
2016.25,Denmark,Public Services,102.426,Gross Value Added
2016.5,Denmark,Public Services,102.417,Gross Value Added
2016.75,Denmark,Public Services,102.354,Gross Value Added
2017.0,Denmark,Public Services,101.841,Gross Value Added
2017.25,Denmark,Public Services,101.841,Gross Value Added
2017.5,Denmark,Public Services,102.499,Gross Value Added
2017.75,Denmark,Public Services,103.242,Gross Value Added
2018.0,Denmark,Public Services,102.535,Gross Value Added
2018.25,Denmark,Public Services,102.8,Gross Value Added
2018.5,Denmark,Public Services,102.469,Gross Value Added
2018.75,Denmark,Public Services,101.957,Gross Value Added
2019.0,Denmark,Public Services,104.441,Gross Value Added
2019.25,Denmark,Public Services,103.992,Gross Value Added
2019.5,Denmark,Public Services,104.063,Gross Value Added
2019.75,Denmark,Public Services,104.051,Gross Value Added
2020.0,Denmark,Public Services,101.515,Gross Value Added
2020.25,Denmark,Public Services,99.079,Gross Value Added
2020.5,Denmark,Public Services,99.272,Gross Value Added
2020.75,Denmark,Public Services,100.134,Gross Value Added
2021.0,Denmark,Public Services,99.559,Gross Value Added
2021.25,Denmark,Public Services,105.61,Gross Value Added
2021.5,Denmark,Public Services,104.464,Gross Value Added
2021.75,Denmark,Public Services,107.043,Gross Value Added
2022.0,Denmark,Public Services,102.7,Gross Value Added
2022.25,Denmark,Public Services,102.195,Gross Value Added
2022.5,Denmark,Public Services,102.483,Gross Value Added
2022.75,Denmark,Public Services,102.855,Gross Value Added
2023.0,Denmark,Public Services,103.002,Gross Value Added
2023.25,Denmark,Public Services,103.986,Gross Value Added
2023.5,Denmark,Public Services,103.312,Gross Value Added
2023.75,Denmark,Public Services,102.542,Gross Value Added
2024.0,Denmark,Public Services,104.745,Gross Value Added
2024.25,Denmark,Public Services,104.16,Gross Value Added
2024.5,Denmark,Public Services,101.988,Gross Value Added
2024.75,Denmark,Public Services,102.09,Gross Value Added
2025.0,Denmark,Public Services,97.65,Gross Value Added
2025.25,Denmark,Public Services,100.888,Gross Value Added
2012.0,Euro Area,Public Services,96.895,Gross Value Added
2012.25,Euro Area,Public Services,97.012,Gross Value Added
2012.5,Euro Area,Public Services,97.028,Gross Value Added
2012.75,Euro Area,Public Services,97.122,Gross Value Added
2013.0,Euro Area,Public Services,96.677,Gross Value Added
2013.25,Euro Area,Public Services,96.922,Gross Value Added
2013.5,Euro Area,Public Services,97.062,Gross Value Added
2013.75,Euro Area,Public Services,97.184,Gross Value Added
2014.0,Euro Area,Public Services,97.436,Gross Value Added
2014.25,Euro Area,Public Services,97.431,Gross Value Added
2014.5,Euro Area,Public Services,97.567,Gross Value Added
2014.75,Euro Area,Public Services,97.672,Gross Value Added
2015.0,Euro Area,Public Services,97.945,Gross Value Added
2015.25,Euro Area,Public Services,98.258,Gross Value Added
2015.5,Euro Area,Public Services,98.324,Gross Value Added
2015.75,Euro Area,Public Services,98.605,Gross Value Added
2016.0,Euro Area,Public Services,98.951,Gross Value Added
2016.25,Euro Area,Public Services,99.279,Gross Value Added
2016.5,Euro Area,Public Services,99.647,Gross Value Added
2016.75,Euro Area,Public Services,99.979,Gross Value Added
2017.0,Euro Area,Public Services,100.072,Gross Value Added
2017.25,Euro Area,Public Services,100.673,Gross Value Added
2017.5,Euro Area,Public Services,101.026,Gross Value Added
2017.75,Euro Area,Public Services,101.235,Gross Value Added
2018.0,Euro Area,Public Services,101.071,Gross Value Added
2018.25,Euro Area,Public Services,101.475,Gross Value Added
2018.5,Euro Area,Public Services,101.327,Gross Value Added
2018.75,Euro Area,Public Services,101.763,Gross Value Added
2019.0,Euro Area,Public Services,102.336,Gross Value Added
2019.25,Euro Area,Public Services,102.657,Gross Value Added
2019.5,Euro Area,Public Services,102.565,Gross Value Added
2019.75,Euro Area,Public Services,102.801,Gross Value Added
2020.0,Euro Area,Public Services,101.007,Gross Value Added
2020.25,Euro Area,Public Services,94.695,Gross Value Added
2020.5,Euro Area,Public Services,102.559,Gross Value Added
2020.75,Euro Area,Public Services,101.74,Gross Value Added
2021.0,Euro Area,Public Services,102.464,Gross Value Added
2021.25,Euro Area,Public Services,103.324,Gross Value Added
2021.5,Euro Area,Public Services,104.546,Gross Value Added
2021.75,Euro Area,Public Services,104.31,Gross Value Added
2022.0,Euro Area,Public Services,105.771,Gross Value Added
2022.25,Euro Area,Public Services,106.398,Gross Value Added
2022.5,Euro Area,Public Services,107.249,Gross Value Added
2022.75,Euro Area,Public Services,107.505,Gross Value Added
2023.0,Euro Area,Public Services,107.619,Gross Value Added
2023.25,Euro Area,Public Services,107.82,Gross Value Added
2023.5,Euro Area,Public Services,108.24,Gross Value Added
2023.75,Euro Area,Public Services,108.692,Gross Value Added
2024.0,Euro Area,Public Services,109.083,Gross Value Added
2024.25,Euro Area,Public Services,109.418,Gross Value Added
2024.5,Euro Area,Public Services,110.154,Gross Value Added
2024.75,Euro Area,Public Services,110.641,Gross Value Added
2025.0,Euro Area,Public Services,110.768,Gross Value Added
2012.0,Spain,Public Services,96.173,Gross Value Added
2012.25,Spain,Public Services,95.408,Gross Value Added
2012.5,Spain,Public Services,95.098,Gross Value Added
2012.75,Spain,Public Services,94.716,Gross Value Added
2013.0,Spain,Public Services,95.512,Gross Value Added
2013.25,Spain,Public Services,95.815,Gross Value Added
2013.5,Spain,Public Services,95.584,Gross Value Added
2013.75,Spain,Public Services,95.092,Gross Value Added
2014.0,Spain,Public Services,94.605,Gross Value Added
2014.25,Spain,Public Services,94.552,Gross Value Added
2014.5,Spain,Public Services,94.472,Gross Value Added
2014.75,Spain,Public Services,94.838,Gross Value Added
2015.0,Spain,Public Services,94.754,Gross Value Added
2015.25,Spain,Public Services,95.119,Gross Value Added
2015.5,Spain,Public Services,95.795,Gross Value Added
2015.75,Spain,Public Services,96.38,Gross Value Added
2016.0,Spain,Public Services,95.938,Gross Value Added
2016.25,Spain,Public Services,96.026,Gross Value Added
2016.5,Spain,Public Services,96.71,Gross Value Added
2016.75,Spain,Public Services,97.488,Gross Value Added
2017.0,Spain,Public Services,97.562,Gross Value Added
2017.25,Spain,Public Services,98.727,Gross Value Added
2017.5,Spain,Public Services,99.267,Gross Value Added
2017.75,Spain,Public Services,99.253,Gross Value Added
2018.0,Spain,Public Services,99.687,Gross Value Added
2018.25,Spain,Public Services,99.947,Gross Value Added
2018.5,Spain,Public Services,100.231,Gross Value Added
2018.75,Spain,Public Services,100.463,Gross Value Added
2019.0,Spain,Public Services,99.928,Gross Value Added
2019.25,Spain,Public Services,101.364,Gross Value Added
2019.5,Spain,Public Services,101.705,Gross Value Added
2019.75,Spain,Public Services,103.057,Gross Value Added
2020.0,Spain,Public Services,98.462,Gross Value Added
2020.25,Spain,Public Services,98.024,Gross Value Added
2020.5,Spain,Public Services,99.908,Gross Value Added
2020.75,Spain,Public Services,103.606,Gross Value Added
2021.0,Spain,Public Services,101.45,Gross Value Added
2021.25,Spain,Public Services,102.713,Gross Value Added
2021.5,Spain,Public Services,101.29,Gross Value Added
2021.75,Spain,Public Services,101.947,Gross Value Added
2022.0,Spain,Public Services,101.495,Gross Value Added
2022.25,Spain,Public Services,102.357,Gross Value Added
2022.5,Spain,Public Services,102.934,Gross Value Added
2022.75,Spain,Public Services,105.958,Gross Value Added
2023.0,Spain,Public Services,104.836,Gross Value Added
2023.25,Spain,Public Services,105.18,Gross Value Added
2023.5,Spain,Public Services,105.876,Gross Value Added
2023.75,Spain,Public Services,109.066,Gross Value Added
2024.0,Spain,Public Services,108.493,Gross Value Added
2024.25,Spain,Public Services,108.317,Gross Value Added
2024.5,Spain,Public Services,109.92,Gross Value Added
2024.75,Spain,Public Services,111.875,Gross Value Added
2025.0,Spain,Public Services,111.418,Gross Value Added
2025.25,Spain,Public Services,110.794,Gross Value Added
2012.0,European Union,Public Services,96.321,Gross Value Added
2012.25,European Union,Public Services,96.473,Gross Value Added
2012.5,European Union,Public Services,96.482,Gross Value Added
2012.75,European Union,Public Services,96.562,Gross Value Added
2013.0,European Union,Public Services,96.199,Gross Value Added
2013.25,European Union,Public Services,96.441,Gross Value Added
2013.5,European Union,Public Services,96.659,Gross Value Added
2013.75,European Union,Public Services,96.717,Gross Value Added
2014.0,European Union,Public Services,97.077,Gross Value Added
2014.25,European Union,Public Services,97.067,Gross Value Added
2014.5,European Union,Public Services,97.294,Gross Value Added
2014.75,European Union,Public Services,97.396,Gross Value Added
2015.0,European Union,Public Services,97.608,Gross Value Added
2015.25,European Union,Public Services,97.878,Gross Value Added
2015.5,European Union,Public Services,97.953,Gross Value Added
2015.75,European Union,Public Services,98.199,Gross Value Added
2016.0,European Union,Public Services,98.533,Gross Value Added
2016.25,European Union,Public Services,98.885,Gross Value Added
2016.5,European Union,Public Services,99.318,Gross Value Added
2016.75,European Union,Public Services,99.527,Gross Value Added
2017.0,European Union,Public Services,99.726,Gross Value Added
2017.25,European Union,Public Services,100.224,Gross Value Added
2017.5,European Union,Public Services,100.644,Gross Value Added
2017.75,European Union,Public Services,100.92,Gross Value Added
2018.0,European Union,Public Services,100.74,Gross Value Added
2018.25,European Union,Public Services,101.218,Gross Value Added
2018.5,European Union,Public Services,101.117,Gross Value Added
2018.75,European Union,Public Services,101.579,Gross Value Added
2019.0,European Union,Public Services,102.127,Gross Value Added
2019.25,European Union,Public Services,102.49,Gross Value Added
2019.5,European Union,Public Services,102.312,Gross Value Added
2019.75,European Union,Public Services,102.724,Gross Value Added
2020.0,European Union,Public Services,101.003,Gross Value Added
2020.25,European Union,Public Services,95.217,Gross Value Added
2020.5,European Union,Public Services,102.168,Gross Value Added
2020.75,European Union,Public Services,101.612,Gross Value Added
2021.0,European Union,Public Services,102.488,Gross Value Added
2021.25,European Union,Public Services,103.444,Gross Value Added
2021.5,European Union,Public Services,104.521,Gross Value Added
2021.75,European Union,Public Services,104.395,Gross Value Added
2022.0,European Union,Public Services,105.687,Gross Value Added
2022.25,European Union,Public Services,106.086,Gross Value Added
2022.5,European Union,Public Services,106.862,Gross Value Added
2022.75,European Union,Public Services,107.081,Gross Value Added
2023.0,European Union,Public Services,107.325,Gross Value Added
2023.25,European Union,Public Services,107.493,Gross Value Added
2023.5,European Union,Public Services,107.819,Gross Value Added
2023.75,European Union,Public Services,108.328,Gross Value Added
2024.0,European Union,Public Services,108.811,Gross Value Added
2024.25,European Union,Public Services,109.189,Gross Value Added
2024.5,European Union,Public Services,109.821,Gross Value Added
2024.75,European Union,Public Services,110.384,Gross Value Added
2025.0,European Union,Public Services,110.365,Gross Value Added
2012.0,Finland,Public Services,102.758,Gross Value Added
2012.25,Finland,Public Services,101.783,Gross Value Added
2012.5,Finland,Public Services,101.55,Gross Value Added
2012.75,Finland,Public Services,101.408,Gross Value Added
2013.0,Finland,Public Services,101.499,Gross Value Added
2013.25,Finland,Public Services,101.662,Gross Value Added
2013.5,Finland,Public Services,101.033,Gross Value Added
2013.75,Finland,Public Services,100.84,Gross Value Added
2014.0,Finland,Public Services,100.038,Gross Value Added
2014.25,Finland,Public Services,100.099,Gross Value Added
2014.5,Finland,Public Services,100.373,Gross Value Added
2014.75,Finland,Public Services,99.876,Gross Value Added
2015.0,Finland,Public Services,100.16,Gross Value Added
2015.25,Finland,Public Services,100.048,Gross Value Added
2015.5,Finland,Public Services,99.906,Gross Value Added
2015.75,Finland,Public Services,100.434,Gross Value Added
2016.0,Finland,Public Services,101.783,Gross Value Added
2016.25,Finland,Public Services,100.627,Gross Value Added
2016.5,Finland,Public Services,100.759,Gross Value Added
2016.75,Finland,Public Services,100.738,Gross Value Added
2017.0,Finland,Public Services,99.835,Gross Value Added
2017.25,Finland,Public Services,100.677,Gross Value Added
2017.5,Finland,Public Services,100.85,Gross Value Added
2017.75,Finland,Public Services,100.545,Gross Value Added
2018.0,Finland,Public Services,101.215,Gross Value Added
2018.25,Finland,Public Services,102.545,Gross Value Added
2018.5,Finland,Public Services,101.834,Gross Value Added
2018.75,Finland,Public Services,101.55,Gross Value Added
2019.0,Finland,Public Services,103.925,Gross Value Added
2019.25,Finland,Public Services,102.981,Gross Value Added
2019.5,Finland,Public Services,102.007,Gross Value Added
2019.75,Finland,Public Services,101.702,Gross Value Added
2020.0,Finland,Public Services,101.256,Gross Value Added
2020.25,Finland,Public Services,96.892,Gross Value Added
2020.5,Finland,Public Services,99.784,Gross Value Added
2020.75,Finland,Public Services,102.068,Gross Value Added
2021.0,Finland,Public Services,101.631,Gross Value Added
2021.25,Finland,Public Services,103.235,Gross Value Added
2021.5,Finland,Public Services,105.376,Gross Value Added
2021.75,Finland,Public Services,104.574,Gross Value Added
2022.0,Finland,Public Services,104.737,Gross Value Added
2022.25,Finland,Public Services,104.919,Gross Value Added
2022.5,Finland,Public Services,105.772,Gross Value Added
2022.75,Finland,Public Services,106.147,Gross Value Added
2023.0,Finland,Public Services,105.782,Gross Value Added
2023.25,Finland,Public Services,107.142,Gross Value Added
2023.5,Finland,Public Services,106.827,Gross Value Added
2023.75,Finland,Public Services,108.288,Gross Value Added
2024.0,Finland,Public Services,109.739,Gross Value Added
2024.25,Finland,Public Services,110.876,Gross Value Added
2024.5,Finland,Public Services,111.15,Gross Value Added
2024.75,Finland,Public Services,109.79,Gross Value Added
2025.0,Finland,Public Services,109.922,Gross Value Added
2012.0,France,Public Services,98.612,Gross Value Added
2012.25,France,Public Services,98.985,Gross Value Added
2012.5,France,Public Services,99.293,Gross Value Added
2012.75,France,Public Services,99.592,Gross Value Added
2013.0,France,Public Services,99.869,Gross Value Added
2013.25,France,Public Services,100.419,Gross Value Added
2013.5,France,Public Services,100.629,Gross Value Added
2013.75,France,Public Services,101.069,Gross Value Added
2014.0,France,Public Services,101.384,Gross Value Added
2014.25,France,Public Services,101.579,Gross Value Added
2014.5,France,Public Services,101.865,Gross Value Added
2014.75,France,Public Services,101.871,Gross Value Added
2015.0,France,Public Services,101.877,Gross Value Added
2015.25,France,Public Services,101.977,Gross Value Added
2015.5,France,Public Services,101.939,Gross Value Added
2015.75,France,Public Services,102.18,Gross Value Added
2016.0,France,Public Services,102.565,Gross Value Added
2016.25,France,Public Services,102.675,Gross Value Added
2016.5,France,Public Services,103.024,Gross Value Added
2016.75,France,Public Services,103.425,Gross Value Added
2017.0,France,Public Services,103.463,Gross Value Added
2017.25,France,Public Services,103.806,Gross Value Added
2017.5,France,Public Services,104.209,Gross Value Added
2017.75,France,Public Services,104.373,Gross Value Added
2018.0,France,Public Services,104.075,Gross Value Added
2018.25,France,Public Services,104.323,Gross Value Added
2018.5,France,Public Services,104.412,Gross Value Added
2018.75,France,Public Services,104.826,Gross Value Added
2019.0,France,Public Services,105.18,Gross Value Added
2019.25,France,Public Services,105.415,Gross Value Added
2019.5,France,Public Services,105.422,Gross Value Added
2019.75,France,Public Services,105.262,Gross Value Added
2020.0,France,Public Services,100.373,Gross Value Added
2020.25,France,Public Services,89.574,Gross Value Added
2020.5,France,Public Services,105.452,Gross Value Added
2020.75,France,Public Services,104.6,Gross Value Added
2021.0,France,Public Services,105.014,Gross Value Added
2021.25,France,Public Services,105.145,Gross Value Added
2021.5,France,Public Services,107.066,Gross Value Added
2021.75,France,Public Services,107.594,Gross Value Added
2022.0,France,Public Services,108.225,Gross Value Added
2022.25,France,Public Services,107.962,Gross Value Added
2022.5,France,Public Services,108.263,Gross Value Added
2022.75,France,Public Services,108.359,Gross Value Added
2023.0,France,Public Services,108.309,Gross Value Added
2023.25,France,Public Services,108.234,Gross Value Added
2023.5,France,Public Services,108.482,Gross Value Added
2023.75,France,Public Services,109.043,Gross Value Added
2024.0,France,Public Services,109.46,Gross Value Added
2024.25,France,Public Services,110.012,Gross Value Added
2024.5,France,Public Services,110.428,Gross Value Added
2024.75,France,Public Services,110.596,Gross Value Added
2025.0,France,Public Services,110.746,Gross Value Added
2025.25,France,Public Services,110.793,Gross Value Added
2012.0,Ireland,Public Services,84.425,Gross Value Added
2012.25,Ireland,Public Services,84.6,Gross Value Added
2012.5,Ireland,Public Services,85.039,Gross Value Added
2012.75,Ireland,Public Services,85.074,Gross Value Added
2013.0,Ireland,Public Services,85.036,Gross Value Added
2013.25,Ireland,Public Services,85.42,Gross Value Added
2013.5,Ireland,Public Services,86.034,Gross Value Added
2013.75,Ireland,Public Services,85.942,Gross Value Added
2014.0,Ireland,Public Services,85.972,Gross Value Added
2014.25,Ireland,Public Services,86.396,Gross Value Added
2014.5,Ireland,Public Services,86.651,Gross Value Added
2014.75,Ireland,Public Services,86.877,Gross Value Added
2015.0,Ireland,Public Services,87.746,Gross Value Added
2015.25,Ireland,Public Services,88.696,Gross Value Added
2015.5,Ireland,Public Services,89.821,Gross Value Added
2015.75,Ireland,Public Services,90.824,Gross Value Added
2016.0,Ireland,Public Services,89.841,Gross Value Added
2016.25,Ireland,Public Services,91.184,Gross Value Added
2016.5,Ireland,Public Services,90.409,Gross Value Added
2016.75,Ireland,Public Services,91.423,Gross Value Added
2017.0,Ireland,Public Services,93.321,Gross Value Added
2017.25,Ireland,Public Services,93.272,Gross Value Added
2017.5,Ireland,Public Services,94.755,Gross Value Added
2017.75,Ireland,Public Services,95.315,Gross Value Added
2018.0,Ireland,Public Services,95.967,Gross Value Added
2018.25,Ireland,Public Services,97.211,Gross Value Added
2018.5,Ireland,Public Services,97.758,Gross Value Added
2018.75,Ireland,Public Services,98.523,Gross Value Added
2019.0,Ireland,Public Services,99.861,Gross Value Added
2019.25,Ireland,Public Services,100.868,Gross Value Added
2019.5,Ireland,Public Services,101.819,Gross Value Added
2019.75,Ireland,Public Services,103.449,Gross Value Added
2020.0,Ireland,Public Services,103.223,Gross Value Added
2020.25,Ireland,Public Services,94.626,Gross Value Added
2020.5,Ireland,Public Services,100.899,Gross Value Added
2020.75,Ireland,Public Services,101.252,Gross Value Added
2021.0,Ireland,Public Services,101.968,Gross Value Added
2021.25,Ireland,Public Services,103.178,Gross Value Added
2021.5,Ireland,Public Services,105.059,Gross Value Added
2021.75,Ireland,Public Services,106.355,Gross Value Added
2022.0,Ireland,Public Services,108.238,Gross Value Added
2022.25,Ireland,Public Services,110.42,Gross Value Added
2022.5,Ireland,Public Services,111.261,Gross Value Added
2022.75,Ireland,Public Services,112.162,Gross Value Added
2023.0,Ireland,Public Services,114.688,Gross Value Added
2023.25,Ireland,Public Services,115.195,Gross Value Added
2023.5,Ireland,Public Services,116.44,Gross Value Added
2023.75,Ireland,Public Services,117.643,Gross Value Added
2024.0,Ireland,Public Services,116.838,Gross Value Added
2024.25,Ireland,Public Services,117.017,Gross Value Added
2024.5,Ireland,Public Services,117.528,Gross Value Added
2024.75,Ireland,Public Services,118.553,Gross Value Added
2025.0,Ireland,Public Services,119.854,Gross Value Added
2012.0,Italy,Public Services,108.191,Gross Value Added
2012.25,Italy,Public Services,107.743,Gross Value Added
2012.5,Italy,Public Services,107.067,Gross Value Added
2012.75,Italy,Public Services,106.923,Gross Value Added
2013.0,Italy,Public Services,106.585,Gross Value Added
2013.25,Italy,Public Services,106.208,Gross Value Added
2013.5,Italy,Public Services,106.531,Gross Value Added
2013.75,Italy,Public Services,106.943,Gross Value Added
2014.0,Italy,Public Services,107.015,Gross Value Added
2014.25,Italy,Public Services,107.14,Gross Value Added
2014.5,Italy,Public Services,106.773,Gross Value Added
2014.75,Italy,Public Services,106.644,Gross Value Added
2015.0,Italy,Public Services,106.563,Gross Value Added
2015.25,Italy,Public Services,106.299,Gross Value Added
2015.5,Italy,Public Services,105.901,Gross Value Added
2015.75,Italy,Public Services,106.96,Gross Value Added
2016.0,Italy,Public Services,105.685,Gross Value Added
2016.25,Italy,Public Services,105.754,Gross Value Added
2016.5,Italy,Public Services,106.055,Gross Value Added
2016.75,Italy,Public Services,106.074,Gross Value Added
2017.0,Italy,Public Services,105.781,Gross Value Added
2017.25,Italy,Public Services,105.589,Gross Value Added
2017.5,Italy,Public Services,105.736,Gross Value Added
2017.75,Italy,Public Services,105.357,Gross Value Added
2018.0,Italy,Public Services,105.41,Gross Value Added
2018.25,Italy,Public Services,105.357,Gross Value Added
2018.5,Italy,Public Services,105.253,Gross Value Added
2018.75,Italy,Public Services,104.97,Gross Value Added
2019.0,Italy,Public Services,104.997,Gross Value Added
2019.25,Italy,Public Services,104.572,Gross Value Added
2019.5,Italy,Public Services,103.919,Gross Value Added
2019.75,Italy,Public Services,103.543,Gross Value Added
2020.0,Italy,Public Services,100.944,Gross Value Added
2020.25,Italy,Public Services,96.738,Gross Value Added
2020.5,Italy,Public Services,101.293,Gross Value Added
2020.75,Italy,Public Services,101.025,Gross Value Added
2021.0,Italy,Public Services,103.459,Gross Value Added
2021.25,Italy,Public Services,103.828,Gross Value Added
2021.5,Italy,Public Services,105.276,Gross Value Added
2021.75,Italy,Public Services,105.397,Gross Value Added
2022.0,Italy,Public Services,105.253,Gross Value Added
2022.25,Italy,Public Services,105.823,Gross Value Added
2022.5,Italy,Public Services,105.757,Gross Value Added
2022.75,Italy,Public Services,106.54,Gross Value Added
2023.0,Italy,Public Services,106.337,Gross Value Added
2023.25,Italy,Public Services,106.039,Gross Value Added
2023.5,Italy,Public Services,105.837,Gross Value Added
2023.75,Italy,Public Services,105.611,Gross Value Added
2024.0,Italy,Public Services,104.985,Gross Value Added
2024.25,Italy,Public Services,104.848,Gross Value Added
2024.5,Italy,Public Services,104.737,Gross Value Added
2024.75,Italy,Public Services,104.571,Gross Value Added
2025.0,Italy,Public Services,104.803,Gross Value Added
2012.0,Netherlands,Public Services,96.21,Gross Value Added
2012.25,Netherlands,Public Services,96.607,Gross Value Added
2012.5,Netherlands,Public Services,96.567,Gross Value Added
2012.75,Netherlands,Public Services,97.232,Gross Value Added
2013.0,Netherlands,Public Services,97.507,Gross Value Added
2013.25,Netherlands,Public Services,97.114,Gross Value Added
2013.5,Netherlands,Public Services,97.065,Gross Value Added
2013.75,Netherlands,Public Services,96.725,Gross Value Added
2014.0,Netherlands,Public Services,97.844,Gross Value Added
2014.25,Netherlands,Public Services,98.016,Gross Value Added
2014.5,Netherlands,Public Services,97.881,Gross Value Added
2014.75,Netherlands,Public Services,97.67,Gross Value Added
2015.0,Netherlands,Public Services,97.462,Gross Value Added
2015.25,Netherlands,Public Services,97.966,Gross Value Added
2015.5,Netherlands,Public Services,98.072,Gross Value Added
2015.75,Netherlands,Public Services,97.615,Gross Value Added
2016.0,Netherlands,Public Services,97.946,Gross Value Added
2016.25,Netherlands,Public Services,97.752,Gross Value Added
2016.5,Netherlands,Public Services,98.263,Gross Value Added
2016.75,Netherlands,Public Services,98.673,Gross Value Added
2017.0,Netherlands,Public Services,98.787,Gross Value Added
2017.25,Netherlands,Public Services,99.076,Gross Value Added
2017.5,Netherlands,Public Services,99.86,Gross Value Added
2017.75,Netherlands,Public Services,99.504,Gross Value Added
2018.0,Netherlands,Public Services,99.846,Gross Value Added
2018.25,Netherlands,Public Services,99.887,Gross Value Added
2018.5,Netherlands,Public Services,99.983,Gross Value Added
2018.75,Netherlands,Public Services,100.54,Gross Value Added
2019.0,Netherlands,Public Services,101.743,Gross Value Added
2019.25,Netherlands,Public Services,101.467,Gross Value Added
2019.5,Netherlands,Public Services,101.785,Gross Value Added
2019.75,Netherlands,Public Services,102.112,Gross Value Added
2020.0,Netherlands,Public Services,101.442,Gross Value Added
2020.25,Netherlands,Public Services,95.943,Gross Value Added
2020.5,Netherlands,Public Services,101.409,Gross Value Added
2020.75,Netherlands,Public Services,101.207,Gross Value Added
2021.0,Netherlands,Public Services,102.231,Gross Value Added
2021.25,Netherlands,Public Services,104.672,Gross Value Added
2021.5,Netherlands,Public Services,104.326,Gross Value Added
2021.75,Netherlands,Public Services,104.442,Gross Value Added
2022.0,Netherlands,Public Services,107.114,Gross Value Added
2022.25,Netherlands,Public Services,107.933,Gross Value Added
2022.5,Netherlands,Public Services,108.004,Gross Value Added
2022.75,Netherlands,Public Services,108.395,Gross Value Added
2023.0,Netherlands,Public Services,107.648,Gross Value Added
2023.25,Netherlands,Public Services,109.17,Gross Value Added
2023.5,Netherlands,Public Services,109.838,Gross Value Added
2023.75,Netherlands,Public Services,110.735,Gross Value Added
2024.0,Netherlands,Public Services,110.573,Gross Value Added
2024.25,Netherlands,Public Services,111.911,Gross Value Added
2024.5,Netherlands,Public Services,112.621,Gross Value Added
2024.75,Netherlands,Public Services,113.348,Gross Value Added
2025.0,Netherlands,Public Services,113.927,Gross Value Added
2025.25,Netherlands,Public Services,114.387,Gross Value Added
2012.0,Norway,Public Services,90.698,Gross Value Added
2012.25,Norway,Public Services,91.891,Gross Value Added
2012.5,Norway,Public Services,92.153,Gross Value Added
2012.75,Norway,Public Services,92.162,Gross Value Added
2013.0,Norway,Public Services,93.39,Gross Value Added
2013.25,Norway,Public Services,91.158,Gross Value Added
2013.5,Norway,Public Services,92.985,Gross Value Added
2013.75,Norway,Public Services,93.516,Gross Value Added
2014.0,Norway,Public Services,93.26,Gross Value Added
2014.25,Norway,Public Services,95.123,Gross Value Added
2014.5,Norway,Public Services,94.84,Gross Value Added
2014.75,Norway,Public Services,95.147,Gross Value Added
2015.0,Norway,Public Services,96.166,Gross Value Added
2015.25,Norway,Public Services,96.33,Gross Value Added
2015.5,Norway,Public Services,97.843,Gross Value Added
2015.75,Norway,Public Services,97.842,Gross Value Added
2016.0,Norway,Public Services,98.354,Gross Value Added
2016.25,Norway,Public Services,99.072,Gross Value Added
2016.5,Norway,Public Services,99.941,Gross Value Added
2016.75,Norway,Public Services,100.194,Gross Value Added
2017.0,Norway,Public Services,100.262,Gross Value Added
2017.25,Norway,Public Services,100.865,Gross Value Added
2017.5,Norway,Public Services,100.925,Gross Value Added
2017.75,Norway,Public Services,101.36,Gross Value Added
2018.0,Norway,Public Services,101.287,Gross Value Added
2018.25,Norway,Public Services,101.399,Gross Value Added
2018.5,Norway,Public Services,101.709,Gross Value Added
2018.75,Norway,Public Services,101.936,Gross Value Added
2019.0,Norway,Public Services,102.116,Gross Value Added
2019.25,Norway,Public Services,102.149,Gross Value Added
2019.5,Norway,Public Services,102.641,Gross Value Added
2019.75,Norway,Public Services,103.238,Gross Value Added
2020.0,Norway,Public Services,101.482,Gross Value Added
2020.25,Norway,Public Services,95.078,Gross Value Added
2020.5,Norway,Public Services,101.064,Gross Value Added
2020.75,Norway,Public Services,102.376,Gross Value Added
2021.0,Norway,Public Services,101.524,Gross Value Added
2021.25,Norway,Public Services,102.039,Gross Value Added
2021.5,Norway,Public Services,103.815,Gross Value Added
2021.75,Norway,Public Services,104.201,Gross Value Added
2022.0,Norway,Public Services,104.11,Gross Value Added
2022.25,Norway,Public Services,105.439,Gross Value Added
2022.5,Norway,Public Services,106.699,Gross Value Added
2022.75,Norway,Public Services,106.98,Gross Value Added
2023.0,Norway,Public Services,107.167,Gross Value Added
2023.25,Norway,Public Services,107.324,Gross Value Added
2023.5,Norway,Public Services,107.641,Gross Value Added
2023.75,Norway,Public Services,108.492,Gross Value Added
2024.0,Norway,Public Services,108.826,Gross Value Added
2024.25,Norway,Public Services,109.289,Gross Value Added
2024.5,Norway,Public Services,109.376,Gross Value Added
2024.75,Norway,Public Services,109.877,Gross Value Added
2025.0,Norway,Public Services,110.49,Gross Value Added
2012.0,Poland,Public Services,79.062,Gross Value Added
2012.25,Poland,Public Services,80.566,Gross Value Added
2012.5,Poland,Public Services,81.616,Gross Value Added
2012.75,Poland,Public Services,82.22,Gross Value Added
2013.0,Poland,Public Services,83.132,Gross Value Added
2013.25,Poland,Public Services,83.559,Gross Value Added
2013.5,Poland,Public Services,83.373,Gross Value Added
2013.75,Poland,Public Services,83.581,Gross Value Added
2014.0,Poland,Public Services,84.864,Gross Value Added
2014.25,Poland,Public Services,85.296,Gross Value Added
2014.5,Poland,Public Services,86.15,Gross Value Added
2014.75,Poland,Public Services,86.149,Gross Value Added
2015.0,Poland,Public Services,85.559,Gross Value Added
2015.25,Poland,Public Services,85.748,Gross Value Added
2015.5,Poland,Public Services,85.39,Gross Value Added
2015.75,Poland,Public Services,86.724,Gross Value Added
2016.0,Poland,Public Services,85.85,Gross Value Added
2016.25,Poland,Public Services,86.944,Gross Value Added
2016.5,Poland,Public Services,87.337,Gross Value Added
2016.75,Poland,Public Services,87.337,Gross Value Added
2017.0,Poland,Public Services,88.375,Gross Value Added
2017.25,Poland,Public Services,88.774,Gross Value Added
2017.5,Poland,Public Services,89.727,Gross Value Added
2017.75,Poland,Public Services,90.718,Gross Value Added
2018.0,Poland,Public Services,92.464,Gross Value Added
2018.25,Poland,Public Services,93.488,Gross Value Added
2018.5,Poland,Public Services,94.556,Gross Value Added
2018.75,Poland,Public Services,95.623,Gross Value Added
2019.0,Poland,Public Services,95.544,Gross Value Added
2019.25,Poland,Public Services,96.603,Gross Value Added
2019.5,Poland,Public Services,97.725,Gross Value Added
2019.75,Poland,Public Services,97.777,Gross Value Added
2020.0,Poland,Public Services,99.54,Gross Value Added
2020.25,Poland,Public Services,99.833,Gross Value Added
2020.5,Poland,Public Services,99.625,Gross Value Added
2020.75,Poland,Public Services,101.002,Gross Value Added
2021.0,Poland,Public Services,106.986,Gross Value Added
2021.25,Poland,Public Services,107.949,Gross Value Added
2021.5,Poland,Public Services,108.087,Gross Value Added
2021.75,Poland,Public Services,109.145,Gross Value Added
2022.0,Poland,Public Services,107.624,Gross Value Added
2022.25,Poland,Public Services,107.398,Gross Value Added
2022.5,Poland,Public Services,108.121,Gross Value Added
2022.75,Poland,Public Services,106.911,Gross Value Added
2023.0,Poland,Public Services,108.514,Gross Value Added
2023.25,Poland,Public Services,108.914,Gross Value Added
2023.5,Poland,Public Services,109.751,Gross Value Added
2023.75,Poland,Public Services,110.844,Gross Value Added
2024.0,Poland,Public Services,112.288,Gross Value Added
2024.25,Poland,Public Services,113.728,Gross Value Added
2024.5,Poland,Public Services,114.931,Gross Value Added
2024.75,Poland,Public Services,116.174,Gross Value Added
2025.0,Poland,Public Services,116.949,Gross Value Added
2012.0,Romania,Public Services,108.937,Gross Value Added
2012.25,Romania,Public Services,107.048,Gross Value Added
2012.5,Romania,Public Services,106.117,Gross Value Added
2012.75,Romania,Public Services,105.21,Gross Value Added
2013.0,Romania,Public Services,104.241,Gross Value Added
2013.25,Romania,Public Services,105.291,Gross Value Added
2013.5,Romania,Public Services,111.507,Gross Value Added
2013.75,Romania,Public Services,96.851,Gross Value Added
2014.0,Romania,Public Services,105.903,Gross Value Added
2014.25,Romania,Public Services,106.927,Gross Value Added
2014.5,Romania,Public Services,107.696,Gross Value Added
2014.75,Romania,Public Services,103.848,Gross Value Added
2015.0,Romania,Public Services,91.175,Gross Value Added
2015.25,Romania,Public Services,93.382,Gross Value Added
2015.5,Romania,Public Services,92.759,Gross Value Added
2015.75,Romania,Public Services,89.631,Gross Value Added
2016.0,Romania,Public Services,90.283,Gross Value Added
2016.25,Romania,Public Services,82.974,Gross Value Added
2016.5,Romania,Public Services,96.904,Gross Value Added
2016.75,Romania,Public Services,88.807,Gross Value Added
2017.0,Romania,Public Services,93.454,Gross Value Added
2017.25,Romania,Public Services,92.822,Gross Value Added
2017.5,Romania,Public Services,96.247,Gross Value Added
2017.75,Romania,Public Services,98.143,Gross Value Added
2018.0,Romania,Public Services,95.904,Gross Value Added
2018.25,Romania,Public Services,99.27,Gross Value Added
2018.5,Romania,Public Services,97.164,Gross Value Added
2018.75,Romania,Public Services,97.789,Gross Value Added
2019.0,Romania,Public Services,101.171,Gross Value Added
2019.25,Romania,Public Services,107.747,Gross Value Added
2019.5,Romania,Public Services,96.641,Gross Value Added
2019.75,Romania,Public Services,104.144,Gross Value Added
2020.0,Romania,Public Services,100.69,Gross Value Added
2020.25,Romania,Public Services,102.428,Gross Value Added
2020.5,Romania,Public Services,99.979,Gross Value Added
2020.75,Romania,Public Services,96.903,Gross Value Added
2021.0,Romania,Public Services,96.928,Gross Value Added
2021.25,Romania,Public Services,96.102,Gross Value Added
2021.5,Romania,Public Services,98.962,Gross Value Added
2021.75,Romania,Public Services,98.518,Gross Value Added
2022.0,Romania,Public Services,105.341,Gross Value Added
2022.25,Romania,Public Services,98.819,Gross Value Added
2022.5,Romania,Public Services,101.163,Gross Value Added
2022.75,Romania,Public Services,102.58,Gross Value Added
2023.0,Romania,Public Services,105.024,Gross Value Added
2023.25,Romania,Public Services,102.795,Gross Value Added
2023.5,Romania,Public Services,103.159,Gross Value Added
2023.75,Romania,Public Services,103.439,Gross Value Added
2024.0,Romania,Public Services,102.608,Gross Value Added
2024.25,Romania,Public Services,103.758,Gross Value Added
2024.5,Romania,Public Services,104.476,Gross Value Added
2024.75,Romania,Public Services,105.481,Gross Value Added
2025.0,Romania,Public Services,104.445,Gross Value Added
2012.0,Germany,Arts & Other Services,124.648,Gross Value Added
2012.25,Germany,Arts & Other Services,124.087,Gross Value Added
2012.5,Germany,Arts & Other Services,123.587,Gross Value Added
2012.75,Germany,Arts & Other Services,122.686,Gross Value Added
2013.0,Germany,Arts & Other Services,119.509,Gross Value Added
2013.25,Germany,Arts & Other Services,119.389,Gross Value Added
2013.5,Germany,Arts & Other Services,119.139,Gross Value Added
2013.75,Germany,Arts & Other Services,118.759,Gross Value Added
2014.0,Germany,Arts & Other Services,119.266,Gross Value Added
2014.25,Germany,Arts & Other Services,118.756,Gross Value Added
2014.5,Germany,Arts & Other Services,118.716,Gross Value Added
2014.75,Germany,Arts & Other Services,118.576,Gross Value Added
2015.0,Germany,Arts & Other Services,119.527,Gross Value Added
2015.25,Germany,Arts & Other Services,119.537,Gross Value Added
2015.5,Germany,Arts & Other Services,119.296,Gross Value Added
2015.75,Germany,Arts & Other Services,119.226,Gross Value Added
2016.0,Germany,Arts & Other Services,117.408,Gross Value Added
2016.25,Germany,Arts & Other Services,118.188,Gross Value Added
2016.5,Germany,Arts & Other Services,117.648,Gross Value Added
2016.75,Germany,Arts & Other Services,117.588,Gross Value Added
2017.0,Germany,Arts & Other Services,117.828,Gross Value Added
2017.25,Germany,Arts & Other Services,117.548,Gross Value Added
2017.5,Germany,Arts & Other Services,117.638,Gross Value Added
2017.75,Germany,Arts & Other Services,117.998,Gross Value Added
2018.0,Germany,Arts & Other Services,117.605,Gross Value Added
2018.25,Germany,Arts & Other Services,118.536,Gross Value Added
2018.5,Germany,Arts & Other Services,117.245,Gross Value Added
2018.75,Germany,Arts & Other Services,119.066,Gross Value Added
2019.0,Germany,Arts & Other Services,119.256,Gross Value Added
2019.25,Germany,Arts & Other Services,120.167,Gross Value Added
2019.5,Germany,Arts & Other Services,120.497,Gross Value Added
2019.75,Germany,Arts & Other Services,121.438,Gross Value Added
2020.0,Germany,Arts & Other Services,108.969,Gross Value Added
2020.25,Germany,Arts & Other Services,90.986,Gross Value Added
2020.5,Germany,Arts & Other Services,104.516,Gross Value Added
2020.75,Germany,Arts & Other Services,95.529,Gross Value Added
2021.0,Germany,Arts & Other Services,99.68,Gross Value Added
2021.25,Germany,Arts & Other Services,97.808,Gross Value Added
2021.5,Germany,Arts & Other Services,105.554,Gross Value Added
2021.75,Germany,Arts & Other Services,99.029,Gross Value Added
2022.0,Germany,Arts & Other Services,115.841,Gross Value Added
2022.25,Germany,Arts & Other Services,116.852,Gross Value Added
2022.5,Germany,Arts & Other Services,117.283,Gross Value Added
2022.75,Germany,Arts & Other Services,117.853,Gross Value Added
2023.0,Germany,Arts & Other Services,118.073,Gross Value Added
2023.25,Germany,Arts & Other Services,118.053,Gross Value Added
2023.5,Germany,Arts & Other Services,118.914,Gross Value Added
2023.75,Germany,Arts & Other Services,119.274,Gross Value Added
2024.0,Germany,Arts & Other Services,118.896,Gross Value Added
2024.25,Germany,Arts & Other Services,119.667,Gross Value Added
2024.5,Germany,Arts & Other Services,120.207,Gross Value Added
2024.75,Germany,Arts & Other Services,120.007,Gross Value Added
2025.0,Germany,Arts & Other Services,119.206,Gross Value Added
2025.25,Germany,Arts & Other Services,119.256,Gross Value Added
2012.0,Denmark,Arts & Other Services,109.594,Gross Value Added
2012.25,Denmark,Arts & Other Services,108.573,Gross Value Added
2012.5,Denmark,Arts & Other Services,106.118,Gross Value Added
2012.75,Denmark,Arts & Other Services,107.815,Gross Value Added
2013.0,Denmark,Arts & Other Services,107.375,Gross Value Added
2013.25,Denmark,Arts & Other Services,109.79,Gross Value Added
2013.5,Denmark,Arts & Other Services,110.554,Gross Value Added
2013.75,Denmark,Arts & Other Services,108.74,Gross Value Added
2014.0,Denmark,Arts & Other Services,108.1,Gross Value Added
2014.25,Denmark,Arts & Other Services,107.484,Gross Value Added
2014.5,Denmark,Arts & Other Services,108.134,Gross Value Added
2014.75,Denmark,Arts & Other Services,104.454,Gross Value Added
2015.0,Denmark,Arts & Other Services,105.442,Gross Value Added
2015.25,Denmark,Arts & Other Services,107.011,Gross Value Added
2015.5,Denmark,Arts & Other Services,106.926,Gross Value Added
2015.75,Denmark,Arts & Other Services,107.044,Gross Value Added
2016.0,Denmark,Arts & Other Services,106.889,Gross Value Added
2016.25,Denmark,Arts & Other Services,106.243,Gross Value Added
2016.5,Denmark,Arts & Other Services,106.876,Gross Value Added
2016.75,Denmark,Arts & Other Services,110.823,Gross Value Added
2017.0,Denmark,Arts & Other Services,110.261,Gross Value Added
2017.25,Denmark,Arts & Other Services,112.804,Gross Value Added
2017.5,Denmark,Arts & Other Services,108.119,Gross Value Added
2017.75,Denmark,Arts & Other Services,108.048,Gross Value Added
2018.0,Denmark,Arts & Other Services,108.283,Gross Value Added
2018.25,Denmark,Arts & Other Services,107.278,Gross Value Added
2018.5,Denmark,Arts & Other Services,107.562,Gross Value Added
2018.75,Denmark,Arts & Other Services,106.013,Gross Value Added
2019.0,Denmark,Arts & Other Services,105.809,Gross Value Added
2019.25,Denmark,Arts & Other Services,107.241,Gross Value Added
2019.5,Denmark,Arts & Other Services,109.404,Gross Value Added
2019.75,Denmark,Arts & Other Services,110.183,Gross Value Added
2020.0,Denmark,Arts & Other Services,112.405,Gross Value Added
2020.25,Denmark,Arts & Other Services,80.387,Gross Value Added
2020.5,Denmark,Arts & Other Services,104.571,Gross Value Added
2020.75,Denmark,Arts & Other Services,102.636,Gross Value Added
2021.0,Denmark,Arts & Other Services,80.434,Gross Value Added
2021.25,Denmark,Arts & Other Services,89.183,Gross Value Added
2021.5,Denmark,Arts & Other Services,105.387,Gross Value Added
2021.75,Denmark,Arts & Other Services,118.597,Gross Value Added
2022.0,Denmark,Arts & Other Services,106.032,Gross Value Added
2022.25,Denmark,Arts & Other Services,108.641,Gross Value Added
2022.5,Denmark,Arts & Other Services,107.963,Gross Value Added
2022.75,Denmark,Arts & Other Services,110.108,Gross Value Added
2023.0,Denmark,Arts & Other Services,113.55,Gross Value Added
2023.25,Denmark,Arts & Other Services,115.722,Gross Value Added
2023.5,Denmark,Arts & Other Services,111.832,Gross Value Added
2023.75,Denmark,Arts & Other Services,110.849,Gross Value Added
2024.0,Denmark,Arts & Other Services,110.409,Gross Value Added
2024.25,Denmark,Arts & Other Services,111.968,Gross Value Added
2024.5,Denmark,Arts & Other Services,113.75,Gross Value Added
2024.75,Denmark,Arts & Other Services,114.901,Gross Value Added
2025.0,Denmark,Arts & Other Services,115.061,Gross Value Added
2025.25,Denmark,Arts & Other Services,113.164,Gross Value Added
2012.0,Euro Area,Arts & Other Services,119.08,Gross Value Added
2012.25,Euro Area,Arts & Other Services,118.49,Gross Value Added
2012.5,Euro Area,Arts & Other Services,117.882,Gross Value Added
2012.75,Euro Area,Arts & Other Services,117.361,Gross Value Added
2013.0,Euro Area,Arts & Other Services,116.092,Gross Value Added
2013.25,Euro Area,Arts & Other Services,116.193,Gross Value Added
2013.5,Euro Area,Arts & Other Services,116.136,Gross Value Added
2013.75,Euro Area,Arts & Other Services,116.146,Gross Value Added
2014.0,Euro Area,Arts & Other Services,116.656,Gross Value Added
2014.25,Euro Area,Arts & Other Services,116.593,Gross Value Added
2014.5,Euro Area,Arts & Other Services,116.687,Gross Value Added
2014.75,Euro Area,Arts & Other Services,116.727,Gross Value Added
2015.0,Euro Area,Arts & Other Services,118.396,Gross Value Added
2015.25,Euro Area,Arts & Other Services,118.334,Gross Value Added
2015.5,Euro Area,Arts & Other Services,118.444,Gross Value Added
2015.75,Euro Area,Arts & Other Services,118.581,Gross Value Added
2016.0,Euro Area,Arts & Other Services,118.506,Gross Value Added
2016.25,Euro Area,Arts & Other Services,118.675,Gross Value Added
2016.5,Euro Area,Arts & Other Services,118.717,Gross Value Added
2016.75,Euro Area,Arts & Other Services,119.176,Gross Value Added
2017.0,Euro Area,Arts & Other Services,120.199,Gross Value Added
2017.25,Euro Area,Arts & Other Services,121.024,Gross Value Added
2017.5,Euro Area,Arts & Other Services,121.138,Gross Value Added
2017.75,Euro Area,Arts & Other Services,121.878,Gross Value Added
2018.0,Euro Area,Arts & Other Services,121.793,Gross Value Added
2018.25,Euro Area,Arts & Other Services,122.1,Gross Value Added
2018.5,Euro Area,Arts & Other Services,121.908,Gross Value Added
2018.75,Euro Area,Arts & Other Services,123.317,Gross Value Added
2019.0,Euro Area,Arts & Other Services,124.201,Gross Value Added
2019.25,Euro Area,Arts & Other Services,124.905,Gross Value Added
2019.5,Euro Area,Arts & Other Services,124.078,Gross Value Added
2019.75,Euro Area,Arts & Other Services,122.91,Gross Value Added
2020.0,Euro Area,Arts & Other Services,112.469,Gross Value Added
2020.25,Euro Area,Arts & Other Services,87.932,Gross Value Added
2020.5,Euro Area,Arts & Other Services,103.654,Gross Value Added
2020.75,Euro Area,Arts & Other Services,95.946,Gross Value Added
2021.0,Euro Area,Arts & Other Services,96.338,Gross Value Added
2021.25,Euro Area,Arts & Other Services,101.758,Gross Value Added
2021.5,Euro Area,Arts & Other Services,111.499,Gross Value Added
2021.75,Euro Area,Arts & Other Services,111.207,Gross Value Added
2022.0,Euro Area,Arts & Other Services,117.721,Gross Value Added
2022.25,Euro Area,Arts & Other Services,123.279,Gross Value Added
2022.5,Euro Area,Arts & Other Services,126.705,Gross Value Added
2022.75,Euro Area,Arts & Other Services,125.522,Gross Value Added
2023.0,Euro Area,Arts & Other Services,127.122,Gross Value Added
2023.25,Euro Area,Arts & Other Services,128.035,Gross Value Added
2023.5,Euro Area,Arts & Other Services,129.562,Gross Value Added
2023.75,Euro Area,Arts & Other Services,127.881,Gross Value Added
2024.0,Euro Area,Arts & Other Services,129.025,Gross Value Added
2024.25,Euro Area,Arts & Other Services,129.557,Gross Value Added
2024.5,Euro Area,Arts & Other Services,131.485,Gross Value Added
2024.75,Euro Area,Arts & Other Services,130.046,Gross Value Added
2025.0,Euro Area,Arts & Other Services,130.072,Gross Value Added
2012.0,Spain,Arts & Other Services,106.871,Gross Value Added
2012.25,Spain,Arts & Other Services,105.623,Gross Value Added
2012.5,Spain,Arts & Other Services,105.356,Gross Value Added
2012.75,Spain,Arts & Other Services,105.292,Gross Value Added
2013.0,Spain,Arts & Other Services,106.577,Gross Value Added
2013.25,Spain,Arts & Other Services,107.303,Gross Value Added
2013.5,Spain,Arts & Other Services,107.89,Gross Value Added
2013.75,Spain,Arts & Other Services,108.037,Gross Value Added
2014.0,Spain,Arts & Other Services,108.074,Gross Value Added
2014.25,Spain,Arts & Other Services,108.055,Gross Value Added
2014.5,Spain,Arts & Other Services,108.156,Gross Value Added
2014.75,Spain,Arts & Other Services,108.881,Gross Value Added
2015.0,Spain,Arts & Other Services,114.839,Gross Value Added
2015.25,Spain,Arts & Other Services,116.023,Gross Value Added
2015.5,Spain,Arts & Other Services,117.097,Gross Value Added
2015.75,Spain,Arts & Other Services,117.566,Gross Value Added
2016.0,Spain,Arts & Other Services,118.282,Gross Value Added
2016.25,Spain,Arts & Other Services,118.346,Gross Value Added
2016.5,Spain,Arts & Other Services,118.97,Gross Value Added
2016.75,Spain,Arts & Other Services,119.686,Gross Value Added
2017.0,Spain,Arts & Other Services,121.742,Gross Value Added
2017.25,Spain,Arts & Other Services,124.79,Gross Value Added
2017.5,Spain,Arts & Other Services,124.661,Gross Value Added
2017.75,Spain,Arts & Other Services,126.25,Gross Value Added
2018.0,Spain,Arts & Other Services,126.525,Gross Value Added
2018.25,Spain,Arts & Other Services,125.24,Gross Value Added
2018.5,Spain,Arts & Other Services,127.764,Gross Value Added
2018.75,Spain,Arts & Other Services,126.819,Gross Value Added
2019.0,Spain,Arts & Other Services,127.507,Gross Value Added
2019.25,Spain,Arts & Other Services,127.067,Gross Value Added
2019.5,Spain,Arts & Other Services,125.304,Gross Value Added
2019.75,Spain,Arts & Other Services,124.992,Gross Value Added
2020.0,Spain,Arts & Other Services,122.128,Gross Value Added
2020.25,Spain,Arts & Other Services,82.269,Gross Value Added
2020.5,Spain,Arts & Other Services,106.146,Gross Value Added
2020.75,Spain,Arts & Other Services,89.457,Gross Value Added
2021.0,Spain,Arts & Other Services,92.018,Gross Value Added
2021.25,Spain,Arts & Other Services,98.683,Gross Value Added
2021.5,Spain,Arts & Other Services,111.103,Gross Value Added
2021.75,Spain,Arts & Other Services,104.163,Gross Value Added
2022.0,Spain,Arts & Other Services,108.064,Gross Value Added
2022.25,Spain,Arts & Other Services,113.765,Gross Value Added
2022.5,Spain,Arts & Other Services,123.67,Gross Value Added
2022.75,Spain,Arts & Other Services,115.05,Gross Value Added
2023.0,Spain,Arts & Other Services,117.933,Gross Value Added
2023.25,Spain,Arts & Other Services,118.015,Gross Value Added
2023.5,Spain,Arts & Other Services,131.335,Gross Value Added
2023.75,Spain,Arts & Other Services,122.137,Gross Value Added
2024.0,Spain,Arts & Other Services,121.99,Gross Value Added
2024.25,Spain,Arts & Other Services,124.147,Gross Value Added
2024.5,Spain,Arts & Other Services,129.554,Gross Value Added
2024.75,Spain,Arts & Other Services,125.919,Gross Value Added
2025.0,Spain,Arts & Other Services,123.936,Gross Value Added
2025.25,Spain,Arts & Other Services,126.332,Gross Value Added
2012.0,European Union,Arts & Other Services,116.231,Gross Value Added
2012.25,European Union,Arts & Other Services,115.742,Gross Value Added
2012.5,European Union,Arts & Other Services,115.124,Gross Value Added
2012.75,European Union,Arts & Other Services,114.792,Gross Value Added
2013.0,European Union,Arts & Other Services,113.482,Gross Value Added
2013.25,European Union,Arts & Other Services,113.625,Gross Value Added
2013.5,European Union,Arts & Other Services,113.648,Gross Value Added
2013.75,European Union,Arts & Other Services,113.516,Gross Value Added
2014.0,European Union,Arts & Other Services,114.113,Gross Value Added
2014.25,European Union,Arts & Other Services,114.109,Gross Value Added
2014.5,European Union,Arts & Other Services,114.207,Gross Value Added
2014.75,European Union,Arts & Other Services,114.215,Gross Value Added
2015.0,European Union,Arts & Other Services,115.839,Gross Value Added
2015.25,European Union,Arts & Other Services,116.002,Gross Value Added
2015.5,European Union,Arts & Other Services,116.173,Gross Value Added
2015.75,European Union,Arts & Other Services,116.375,Gross Value Added
2016.0,European Union,Arts & Other Services,116.132,Gross Value Added
2016.25,European Union,Arts & Other Services,116.245,Gross Value Added
2016.5,European Union,Arts & Other Services,116.374,Gross Value Added
2016.75,European Union,Arts & Other Services,117.039,Gross Value Added
2017.0,European Union,Arts & Other Services,118.239,Gross Value Added
2017.25,European Union,Arts & Other Services,118.931,Gross Value Added
2017.5,European Union,Arts & Other Services,119.185,Gross Value Added
2017.75,European Union,Arts & Other Services,119.972,Gross Value Added
2018.0,European Union,Arts & Other Services,120.047,Gross Value Added
2018.25,European Union,Arts & Other Services,120.281,Gross Value Added
2018.5,European Union,Arts & Other Services,120.23,Gross Value Added
2018.75,European Union,Arts & Other Services,121.515,Gross Value Added
2019.0,European Union,Arts & Other Services,122.582,Gross Value Added
2019.25,European Union,Arts & Other Services,122.998,Gross Value Added
2019.5,European Union,Arts & Other Services,122.413,Gross Value Added
2019.75,European Union,Arts & Other Services,121.656,Gross Value Added
2020.0,European Union,Arts & Other Services,112.507,Gross Value Added
2020.25,European Union,Arts & Other Services,88.154,Gross Value Added
2020.5,European Union,Arts & Other Services,103.073,Gross Value Added
2020.75,European Union,Arts & Other Services,96.266,Gross Value Added
2021.0,European Union,Arts & Other Services,96.041,Gross Value Added
2021.25,European Union,Arts & Other Services,101.292,Gross Value Added
2021.5,European Union,Arts & Other Services,110.252,Gross Value Added
2021.75,European Union,Arts & Other Services,110.386,Gross Value Added
2022.0,European Union,Arts & Other Services,116.628,Gross Value Added
2022.25,European Union,Arts & Other Services,121.924,Gross Value Added
2022.5,European Union,Arts & Other Services,124.506,Gross Value Added
2022.75,European Union,Arts & Other Services,123.706,Gross Value Added
2023.0,European Union,Arts & Other Services,125.543,Gross Value Added
2023.25,European Union,Arts & Other Services,126.529,Gross Value Added
2023.5,European Union,Arts & Other Services,127.577,Gross Value Added
2023.75,European Union,Arts & Other Services,126.338,Gross Value Added
2024.0,European Union,Arts & Other Services,127.492,Gross Value Added
2024.25,European Union,Arts & Other Services,128.122,Gross Value Added
2024.5,European Union,Arts & Other Services,129.896,Gross Value Added
2024.75,European Union,Arts & Other Services,128.802,Gross Value Added
2025.0,European Union,Arts & Other Services,128.828,Gross Value Added
2012.0,Finland,Arts & Other Services,101.617,Gross Value Added
2012.25,Finland,Arts & Other Services,101.687,Gross Value Added
2012.5,Finland,Arts & Other Services,101.13,Gross Value Added
2012.75,Finland,Arts & Other Services,101.339,Gross Value Added
2013.0,Finland,Arts & Other Services,100.156,Gross Value Added
2013.25,Finland,Arts & Other Services,99.948,Gross Value Added
2013.5,Finland,Arts & Other Services,99.113,Gross Value Added
2013.75,Finland,Arts & Other Services,98.557,Gross Value Added
2014.0,Finland,Arts & Other Services,98.765,Gross Value Added
2014.25,Finland,Arts & Other Services,98.0,Gross Value Added
2014.5,Finland,Arts & Other Services,96.957,Gross Value Added
2014.75,Finland,Arts & Other Services,98.07,Gross Value Added
2015.0,Finland,Arts & Other Services,99.6,Gross Value Added
2015.25,Finland,Arts & Other Services,98.835,Gross Value Added
2015.5,Finland,Arts & Other Services,98.696,Gross Value Added
2015.75,Finland,Arts & Other Services,99.113,Gross Value Added
2016.0,Finland,Arts & Other Services,99.67,Gross Value Added
2016.25,Finland,Arts & Other Services,98.557,Gross Value Added
2016.5,Finland,Arts & Other Services,100.643,Gross Value Added
2016.75,Finland,Arts & Other Services,101.061,Gross Value Added
2017.0,Finland,Arts & Other Services,101.2,Gross Value Added
2017.25,Finland,Arts & Other Services,103.078,Gross Value Added
2017.5,Finland,Arts & Other Services,102.243,Gross Value Added
2017.75,Finland,Arts & Other Services,103.425,Gross Value Added
2018.0,Finland,Arts & Other Services,102.591,Gross Value Added
2018.25,Finland,Arts & Other Services,106.208,Gross Value Added
2018.5,Finland,Arts & Other Services,103.773,Gross Value Added
2018.75,Finland,Arts & Other Services,105.582,Gross Value Added
2019.0,Finland,Arts & Other Services,109.059,Gross Value Added
2019.25,Finland,Arts & Other Services,108.155,Gross Value Added
2019.5,Finland,Arts & Other Services,106.973,Gross Value Added
2019.75,Finland,Arts & Other Services,106.973,Gross Value Added
2020.0,Finland,Arts & Other Services,107.738,Gross Value Added
2020.25,Finland,Arts & Other Services,88.889,Gross Value Added
2020.5,Finland,Arts & Other Services,100.782,Gross Value Added
2020.75,Finland,Arts & Other Services,102.591,Gross Value Added
2021.0,Finland,Arts & Other Services,97.931,Gross Value Added
2021.25,Finland,Arts & Other Services,102.034,Gross Value Added
2021.5,Finland,Arts & Other Services,104.538,Gross Value Added
2021.75,Finland,Arts & Other Services,106.555,Gross Value Added
2022.0,Finland,Arts & Other Services,101.478,Gross Value Added
2022.25,Finland,Arts & Other Services,107.39,Gross Value Added
2022.5,Finland,Arts & Other Services,110.937,Gross Value Added
2022.75,Finland,Arts & Other Services,109.685,Gross Value Added
2023.0,Finland,Arts & Other Services,113.093,Gross Value Added
2023.25,Finland,Arts & Other Services,116.988,Gross Value Added
2023.5,Finland,Arts & Other Services,106.694,Gross Value Added
2023.75,Finland,Arts & Other Services,104.121,Gross Value Added
2024.0,Finland,Arts & Other Services,110.52,Gross Value Added
2024.25,Finland,Arts & Other Services,107.39,Gross Value Added
2024.5,Finland,Arts & Other Services,107.042,Gross Value Added
2024.75,Finland,Arts & Other Services,106.486,Gross Value Added
2025.0,Finland,Arts & Other Services,103.565,Gross Value Added
2012.0,France,Arts & Other Services,130.669,Gross Value Added
2012.25,France,Arts & Other Services,131.051,Gross Value Added
2012.5,France,Arts & Other Services,130.418,Gross Value Added
2012.75,France,Arts & Other Services,130.572,Gross Value Added
2013.0,France,Arts & Other Services,129.018,Gross Value Added
2013.25,France,Arts & Other Services,129.593,Gross Value Added
2013.5,France,Arts & Other Services,130.071,Gross Value Added
2013.75,France,Arts & Other Services,130.139,Gross Value Added
2014.0,France,Arts & Other Services,130.058,Gross Value Added
2014.25,France,Arts & Other Services,130.87,Gross Value Added
2014.5,France,Arts & Other Services,130.482,Gross Value Added
2014.75,France,Arts & Other Services,129.875,Gross Value Added
2015.0,France,Arts & Other Services,129.304,Gross Value Added
2015.25,France,Arts & Other Services,128.667,Gross Value Added
2015.5,France,Arts & Other Services,128.977,Gross Value Added
2015.75,France,Arts & Other Services,128.998,Gross Value Added
2016.0,France,Arts & Other Services,130.046,Gross Value Added
2016.25,France,Arts & Other Services,129.608,Gross Value Added
2016.5,France,Arts & Other Services,128.814,Gross Value Added
2016.75,France,Arts & Other Services,129.631,Gross Value Added
2017.0,France,Arts & Other Services,131.047,Gross Value Added
2017.25,France,Arts & Other Services,131.719,Gross Value Added
2017.5,France,Arts & Other Services,132.604,Gross Value Added
2017.75,France,Arts & Other Services,133.542,Gross Value Added
2018.0,France,Arts & Other Services,132.9,Gross Value Added
2018.25,France,Arts & Other Services,132.565,Gross Value Added
2018.5,France,Arts & Other Services,133.905,Gross Value Added
2018.75,France,Arts & Other Services,136.096,Gross Value Added
2019.0,France,Arts & Other Services,138.82,Gross Value Added
2019.25,France,Arts & Other Services,139.553,Gross Value Added
2019.5,France,Arts & Other Services,137.599,Gross Value Added
2019.75,France,Arts & Other Services,131.877,Gross Value Added
2020.0,France,Arts & Other Services,115.161,Gross Value Added
2020.25,France,Arts & Other Services,82.272,Gross Value Added
2020.5,France,Arts & Other Services,105.358,Gross Value Added
2020.75,France,Arts & Other Services,97.209,Gross Value Added
2021.0,France,Arts & Other Services,97.501,Gross Value Added
2021.25,France,Arts & Other Services,102.197,Gross Value Added
2021.5,France,Arts & Other Services,123.072,Gross Value Added
2021.75,France,Arts & Other Services,132.162,Gross Value Added
2022.0,France,Arts & Other Services,137.372,Gross Value Added
2022.25,France,Arts & Other Services,145.406,Gross Value Added
2022.5,France,Arts & Other Services,149.581,Gross Value Added
2022.75,France,Arts & Other Services,150.919,Gross Value Added
2023.0,France,Arts & Other Services,151.671,Gross Value Added
2023.25,France,Arts & Other Services,152.54,Gross Value Added
2023.5,France,Arts & Other Services,152.452,Gross Value Added
2023.75,France,Arts & Other Services,152.913,Gross Value Added
2024.0,France,Arts & Other Services,154.524,Gross Value Added
2024.25,France,Arts & Other Services,156.112,Gross Value Added
2024.5,France,Arts & Other Services,163.458,Gross Value Added
2024.75,France,Arts & Other Services,157.52,Gross Value Added
2025.0,France,Arts & Other Services,158.018,Gross Value Added
2025.25,France,Arts & Other Services,158.465,Gross Value Added
2012.0,Ireland,Arts & Other Services,86.374,Gross Value Added
2012.25,Ireland,Arts & Other Services,87.066,Gross Value Added
2012.5,Ireland,Arts & Other Services,88.138,Gross Value Added
2012.75,Ireland,Arts & Other Services,86.005,Gross Value Added
2013.0,Ireland,Arts & Other Services,86.302,Gross Value Added
2013.25,Ireland,Arts & Other Services,87.874,Gross Value Added
2013.5,Ireland,Arts & Other Services,86.35,Gross Value Added
2013.75,Ireland,Arts & Other Services,86.997,Gross Value Added
2014.0,Ireland,Arts & Other Services,88.45,Gross Value Added
2014.25,Ireland,Arts & Other Services,91.348,Gross Value Added
2014.5,Ireland,Arts & Other Services,91.599,Gross Value Added
2014.75,Ireland,Arts & Other Services,91.136,Gross Value Added
2015.0,Ireland,Arts & Other Services,97.707,Gross Value Added
2015.25,Ireland,Arts & Other Services,97.248,Gross Value Added
2015.5,Ireland,Arts & Other Services,101.428,Gross Value Added
2015.75,Ireland,Arts & Other Services,105.815,Gross Value Added
2016.0,Ireland,Arts & Other Services,106.93,Gross Value Added
2016.25,Ireland,Arts & Other Services,109.058,Gross Value Added
2016.5,Ireland,Arts & Other Services,112.284,Gross Value Added
2016.75,Ireland,Arts & Other Services,118.157,Gross Value Added
2017.0,Ireland,Arts & Other Services,117.456,Gross Value Added
2017.25,Ireland,Arts & Other Services,124.151,Gross Value Added
2017.5,Ireland,Arts & Other Services,119.618,Gross Value Added
2017.75,Ireland,Arts & Other Services,124.869,Gross Value Added
2018.0,Ireland,Arts & Other Services,124.154,Gross Value Added
2018.25,Ireland,Arts & Other Services,120.857,Gross Value Added
2018.5,Ireland,Arts & Other Services,127.576,Gross Value Added
2018.75,Ireland,Arts & Other Services,125.444,Gross Value Added
2019.0,Ireland,Arts & Other Services,128.258,Gross Value Added
2019.25,Ireland,Arts & Other Services,128.145,Gross Value Added
2019.5,Ireland,Arts & Other Services,127.22,Gross Value Added
2019.75,Ireland,Arts & Other Services,121.526,Gross Value Added
2020.0,Ireland,Arts & Other Services,136.364,Gross Value Added
2020.25,Ireland,Arts & Other Services,85.152,Gross Value Added
2020.5,Ireland,Arts & Other Services,88.351,Gross Value Added
2020.75,Ireland,Arts & Other Services,90.133,Gross Value Added
2021.0,Ireland,Arts & Other Services,93.698,Gross Value Added
2021.25,Ireland,Arts & Other Services,99.58,Gross Value Added
2021.5,Ireland,Arts & Other Services,109.243,Gross Value Added
2021.75,Ireland,Arts & Other Services,128.493,Gross Value Added
2022.0,Ireland,Arts & Other Services,116.874,Gross Value Added
2022.25,Ireland,Arts & Other Services,131.792,Gross Value Added
2022.5,Ireland,Arts & Other Services,135.84,Gross Value Added
2022.75,Ireland,Arts & Other Services,148.115,Gross Value Added
2023.0,Ireland,Arts & Other Services,137.277,Gross Value Added
2023.25,Ireland,Arts & Other Services,144.477,Gross Value Added
2023.5,Ireland,Arts & Other Services,141.209,Gross Value Added
2023.75,Ireland,Arts & Other Services,140.114,Gross Value Added
2024.0,Ireland,Arts & Other Services,140.456,Gross Value Added
2024.25,Ireland,Arts & Other Services,129.702,Gross Value Added
2024.5,Ireland,Arts & Other Services,129.318,Gross Value Added
2024.75,Ireland,Arts & Other Services,131.255,Gross Value Added
2025.0,Ireland,Arts & Other Services,130.382,Gross Value Added
2012.0,Italy,Arts & Other Services,122.337,Gross Value Added
2012.25,Italy,Arts & Other Services,120.427,Gross Value Added
2012.5,Italy,Arts & Other Services,118.956,Gross Value Added
2012.75,Italy,Arts & Other Services,117.662,Gross Value Added
2013.0,Italy,Arts & Other Services,116.762,Gross Value Added
2013.25,Italy,Arts & Other Services,116.41,Gross Value Added
2013.5,Italy,Arts & Other Services,116.22,Gross Value Added
2013.75,Italy,Arts & Other Services,116.914,Gross Value Added
2014.0,Italy,Arts & Other Services,117.887,Gross Value Added
2014.25,Italy,Arts & Other Services,118.262,Gross Value Added
2014.5,Italy,Arts & Other Services,118.222,Gross Value Added
2014.75,Italy,Arts & Other Services,118.333,Gross Value Added
2015.0,Italy,Arts & Other Services,119.219,Gross Value Added
2015.25,Italy,Arts & Other Services,118.993,Gross Value Added
2015.5,Italy,Arts & Other Services,118.242,Gross Value Added
2015.75,Italy,Arts & Other Services,117.818,Gross Value Added
2016.0,Italy,Arts & Other Services,119.772,Gross Value Added
2016.25,Italy,Arts & Other Services,119.67,Gross Value Added
2016.5,Italy,Arts & Other Services,120.267,Gross Value Added
2016.75,Italy,Arts & Other Services,120.828,Gross Value Added
2017.0,Italy,Arts & Other Services,121.43,Gross Value Added
2017.25,Italy,Arts & Other Services,121.868,Gross Value Added
2017.5,Italy,Arts & Other Services,121.968,Gross Value Added
2017.75,Italy,Arts & Other Services,121.769,Gross Value Added
2018.0,Italy,Arts & Other Services,120.68,Gross Value Added
2018.25,Italy,Arts & Other Services,120.336,Gross Value Added
2018.5,Italy,Arts & Other Services,121.007,Gross Value Added
2018.75,Italy,Arts & Other Services,121.828,Gross Value Added
2019.0,Italy,Arts & Other Services,122.356,Gross Value Added
2019.25,Italy,Arts & Other Services,122.39,Gross Value Added
2019.5,Italy,Arts & Other Services,120.086,Gross Value Added
2019.75,Italy,Arts & Other Services,116.932,Gross Value Added
2020.0,Italy,Arts & Other Services,106.514,Gross Value Added
2020.25,Italy,Arts & Other Services,95.356,Gross Value Added
2020.5,Italy,Arts & Other Services,101.056,Gross Value Added
2020.75,Italy,Arts & Other Services,97.074,Gross Value Added
2021.0,Italy,Arts & Other Services,97.005,Gross Value Added
2021.25,Italy,Arts & Other Services,104.417,Gross Value Added
2021.5,Italy,Arts & Other Services,105.921,Gross Value Added
2021.75,Italy,Arts & Other Services,107.492,Gross Value Added
2022.0,Italy,Arts & Other Services,110.234,Gross Value Added
2022.25,Italy,Arts & Other Services,116.343,Gross Value Added
2022.5,Italy,Arts & Other Services,117.7,Gross Value Added
2022.75,Italy,Arts & Other Services,117.749,Gross Value Added
2023.0,Italy,Arts & Other Services,121.811,Gross Value Added
2023.25,Italy,Arts & Other Services,124.279,Gross Value Added
2023.5,Italy,Arts & Other Services,121.293,Gross Value Added
2023.75,Italy,Arts & Other Services,119.163,Gross Value Added
2024.0,Italy,Arts & Other Services,121.225,Gross Value Added
2024.25,Italy,Arts & Other Services,122.505,Gross Value Added
2024.5,Italy,Arts & Other Services,121.6,Gross Value Added
2024.75,Italy,Arts & Other Services,121.071,Gross Value Added
2025.0,Italy,Arts & Other Services,123.819,Gross Value Added
2012.0,Netherlands,Arts & Other Services,113.977,Gross Value Added
2012.25,Netherlands,Arts & Other Services,114.187,Gross Value Added
2012.5,Netherlands,Arts & Other Services,114.022,Gross Value Added
2012.75,Netherlands,Arts & Other Services,113.511,Gross Value Added
2013.0,Netherlands,Arts & Other Services,111.696,Gross Value Added
2013.25,Netherlands,Arts & Other Services,111.834,Gross Value Added
2013.5,Netherlands,Arts & Other Services,111.296,Gross Value Added
2013.75,Netherlands,Arts & Other Services,110.347,Gross Value Added
2014.0,Netherlands,Arts & Other Services,111.043,Gross Value Added
2014.25,Netherlands,Arts & Other Services,110.635,Gross Value Added
2014.5,Netherlands,Arts & Other Services,110.693,Gross Value Added
2014.75,Netherlands,Arts & Other Services,111.156,Gross Value Added
2015.0,Netherlands,Arts & Other Services,113.352,Gross Value Added
2015.25,Netherlands,Arts & Other Services,111.173,Gross Value Added
2015.5,Netherlands,Arts & Other Services,113.167,Gross Value Added
2015.75,Netherlands,Arts & Other Services,114.255,Gross Value Added
2016.0,Netherlands,Arts & Other Services,114.233,Gross Value Added
2016.25,Netherlands,Arts & Other Services,115.018,Gross Value Added
2016.5,Netherlands,Arts & Other Services,115.205,Gross Value Added
2016.75,Netherlands,Arts & Other Services,115.962,Gross Value Added
2017.0,Netherlands,Arts & Other Services,116.695,Gross Value Added
2017.25,Netherlands,Arts & Other Services,117.66,Gross Value Added
2017.5,Netherlands,Arts & Other Services,118.445,Gross Value Added
2017.75,Netherlands,Arts & Other Services,119.074,Gross Value Added
2018.0,Netherlands,Arts & Other Services,120.604,Gross Value Added
2018.25,Netherlands,Arts & Other Services,121.242,Gross Value Added
2018.5,Netherlands,Arts & Other Services,122.0,Gross Value Added
2018.75,Netherlands,Arts & Other Services,122.809,Gross Value Added
2019.0,Netherlands,Arts & Other Services,123.764,Gross Value Added
2019.25,Netherlands,Arts & Other Services,127.086,Gross Value Added
2019.5,Netherlands,Arts & Other Services,126.169,Gross Value Added
2019.75,Netherlands,Arts & Other Services,127.394,Gross Value Added
2020.0,Netherlands,Arts & Other Services,116.516,Gross Value Added
2020.25,Netherlands,Arts & Other Services,85.095,Gross Value Added
2020.5,Netherlands,Arts & Other Services,100.78,Gross Value Added
2020.75,Netherlands,Arts & Other Services,97.609,Gross Value Added
2021.0,Netherlands,Arts & Other Services,80.034,Gross Value Added
2021.25,Netherlands,Arts & Other Services,104.746,Gross Value Added
2021.5,Netherlands,Arts & Other Services,120.501,Gross Value Added
2021.75,Netherlands,Arts & Other Services,112.09,Gross Value Added
2022.0,Netherlands,Arts & Other Services,106.483,Gross Value Added
2022.25,Netherlands,Arts & Other Services,134.184,Gross Value Added
2022.5,Netherlands,Arts & Other Services,143.066,Gross Value Added
2022.75,Netherlands,Arts & Other Services,143.109,Gross Value Added
2023.0,Netherlands,Arts & Other Services,134.261,Gross Value Added
2023.25,Netherlands,Arts & Other Services,140.379,Gross Value Added
2023.5,Netherlands,Arts & Other Services,141.127,Gross Value Added
2023.75,Netherlands,Arts & Other Services,143.384,Gross Value Added
2024.0,Netherlands,Arts & Other Services,141.388,Gross Value Added
2024.25,Netherlands,Arts & Other Services,142.976,Gross Value Added
2024.5,Netherlands,Arts & Other Services,144.387,Gross Value Added
2024.75,Netherlands,Arts & Other Services,143.392,Gross Value Added
2025.0,Netherlands,Arts & Other Services,143.791,Gross Value Added
2025.25,Netherlands,Arts & Other Services,144.954,Gross Value Added
2012.0,Norway,Arts & Other Services,112.626,Gross Value Added
2012.25,Norway,Arts & Other Services,112.288,Gross Value Added
2012.5,Norway,Arts & Other Services,111.963,Gross Value Added
2012.75,Norway,Arts & Other Services,113.374,Gross Value Added
2013.0,Norway,Arts & Other Services,113.302,Gross Value Added
2013.25,Norway,Arts & Other Services,114.732,Gross Value Added
2013.5,Norway,Arts & Other Services,115.315,Gross Value Added
2013.75,Norway,Arts & Other Services,116.859,Gross Value Added
2014.0,Norway,Arts & Other Services,119.058,Gross Value Added
2014.25,Norway,Arts & Other Services,117.064,Gross Value Added
2014.5,Norway,Arts & Other Services,118.747,Gross Value Added
2014.75,Norway,Arts & Other Services,120.091,Gross Value Added
2015.0,Norway,Arts & Other Services,119.899,Gross Value Added
2015.25,Norway,Arts & Other Services,119.548,Gross Value Added
2015.5,Norway,Arts & Other Services,118.515,Gross Value Added
2015.75,Norway,Arts & Other Services,122.635,Gross Value Added
2016.0,Norway,Arts & Other Services,114.812,Gross Value Added
2016.25,Norway,Arts & Other Services,114.958,Gross Value Added
2016.5,Norway,Arts & Other Services,114.269,Gross Value Added
2016.75,Norway,Arts & Other Services,114.54,Gross Value Added
2017.0,Norway,Arts & Other Services,115.017,Gross Value Added
2017.25,Norway,Arts & Other Services,115.216,Gross Value Added
2017.5,Norway,Arts & Other Services,114.871,Gross Value Added
2017.75,Norway,Arts & Other Services,115.587,Gross Value Added
2018.0,Norway,Arts & Other Services,117.236,Gross Value Added
2018.25,Norway,Arts & Other Services,118.707,Gross Value Added
2018.5,Norway,Arts & Other Services,118.608,Gross Value Added
2018.75,Norway,Arts & Other Services,118.694,Gross Value Added
2019.0,Norway,Arts & Other Services,119.164,Gross Value Added
2019.25,Norway,Arts & Other Services,118.495,Gross Value Added
2019.5,Norway,Arts & Other Services,120.224,Gross Value Added
2019.75,Norway,Arts & Other Services,121.443,Gross Value Added
2020.0,Norway,Arts & Other Services,113.653,Gross Value Added
2020.25,Norway,Arts & Other Services,76.802,Gross Value Added
2020.5,Norway,Arts & Other Services,107.128,Gross Value Added
2020.75,Norway,Arts & Other Services,102.418,Gross Value Added
2021.0,Norway,Arts & Other Services,83.625,Gross Value Added
2021.25,Norway,Arts & Other Services,99.841,Gross Value Added
2021.5,Norway,Arts & Other Services,126.365,Gross Value Added
2021.75,Norway,Arts & Other Services,126.689,Gross Value Added
2022.0,Norway,Arts & Other Services,114.971,Gross Value Added
2022.25,Norway,Arts & Other Services,122.277,Gross Value Added
2022.5,Norway,Arts & Other Services,121.926,Gross Value Added
2022.75,Norway,Arts & Other Services,123.033,Gross Value Added
2023.0,Norway,Arts & Other Services,124.265,Gross Value Added
2023.25,Norway,Arts & Other Services,125.444,Gross Value Added
2023.5,Norway,Arts & Other Services,126.683,Gross Value Added
2023.75,Norway,Arts & Other Services,126.908,Gross Value Added
2024.0,Norway,Arts & Other Services,126.815,Gross Value Added
2024.25,Norway,Arts & Other Services,127.365,Gross Value Added
2024.5,Norway,Arts & Other Services,129.644,Gross Value Added
2024.75,Norway,Arts & Other Services,128.696,Gross Value Added
2025.0,Norway,Arts & Other Services,129.134,Gross Value Added
2012.0,Poland,Arts & Other Services,78.522,Gross Value Added
2012.25,Poland,Arts & Other Services,79.995,Gross Value Added
2012.5,Poland,Arts & Other Services,80.601,Gross Value Added
2012.75,Poland,Arts & Other Services,83.053,Gross Value Added
2013.0,Poland,Arts & Other Services,81.885,Gross Value Added
2013.25,Poland,Arts & Other Services,81.485,Gross Value Added
2013.5,Poland,Arts & Other Services,83.183,Gross Value Added
2013.75,Poland,Arts & Other Services,82.702,Gross Value Added
2014.0,Poland,Arts & Other Services,83.115,Gross Value Added
2014.25,Poland,Arts & Other Services,84.494,Gross Value Added
2014.5,Poland,Arts & Other Services,85.259,Gross Value Added
2014.75,Poland,Arts & Other Services,85.76,Gross Value Added
2015.0,Poland,Arts & Other Services,87.162,Gross Value Added
2015.25,Poland,Arts & Other Services,87.462,Gross Value Added
2015.5,Poland,Arts & Other Services,87.703,Gross Value Added
2015.75,Poland,Arts & Other Services,87.424,Gross Value Added
2016.0,Poland,Arts & Other Services,86.612,Gross Value Added
2016.25,Poland,Arts & Other Services,87.204,Gross Value Added
2016.5,Poland,Arts & Other Services,87.505,Gross Value Added
2016.75,Poland,Arts & Other Services,88.664,Gross Value Added
2017.0,Poland,Arts & Other Services,89.839,Gross Value Added
2017.25,Poland,Arts & Other Services,90.668,Gross Value Added
2017.5,Poland,Arts & Other Services,91.809,Gross Value Added
2017.75,Poland,Arts & Other Services,93.309,Gross Value Added
2018.0,Poland,Arts & Other Services,95.424,Gross Value Added
2018.25,Poland,Arts & Other Services,96.413,Gross Value Added
2018.5,Poland,Arts & Other Services,98.635,Gross Value Added
2018.75,Poland,Arts & Other Services,97.942,Gross Value Added
2019.0,Poland,Arts & Other Services,94.36,Gross Value Added
2019.25,Poland,Arts & Other Services,98.284,Gross Value Added
2019.5,Poland,Arts & Other Services,98.445,Gross Value Added
2019.75,Poland,Arts & Other Services,101.71,Gross Value Added
2020.0,Poland,Arts & Other Services,105.691,Gross Value Added
2020.25,Poland,Arts & Other Services,99.248,Gross Value Added
2020.5,Poland,Arts & Other Services,99.054,Gross Value Added
2020.75,Poland,Arts & Other Services,96.007,Gross Value Added
2021.0,Poland,Arts & Other Services,89.083,Gross Value Added
2021.25,Poland,Arts & Other Services,89.3,Gross Value Added
2021.5,Poland,Arts & Other Services,87.43,Gross Value Added
2021.75,Poland,Arts & Other Services,85.924,Gross Value Added
2022.0,Poland,Arts & Other Services,90.848,Gross Value Added
2022.25,Poland,Arts & Other Services,92.628,Gross Value Added
2022.5,Poland,Arts & Other Services,92.678,Gross Value Added
2022.75,Poland,Arts & Other Services,94.791,Gross Value Added
2023.0,Poland,Arts & Other Services,98.601,Gross Value Added
2023.25,Poland,Arts & Other Services,99.85,Gross Value Added
2023.5,Poland,Arts & Other Services,101.519,Gross Value Added
2023.75,Poland,Arts & Other Services,103.956,Gross Value Added
2024.0,Poland,Arts & Other Services,102.903,Gross Value Added
2024.25,Poland,Arts & Other Services,103.97,Gross Value Added
2024.5,Poland,Arts & Other Services,105.034,Gross Value Added
2024.75,Poland,Arts & Other Services,105.734,Gross Value Added
2025.0,Poland,Arts & Other Services,107.866,Gross Value Added
2012.0,Romania,Arts & Other Services,122.893,Gross Value Added
2012.25,Romania,Arts & Other Services,118.099,Gross Value Added
2012.5,Romania,Arts & Other Services,124.633,Gross Value Added
2012.75,Romania,Arts & Other Services,133.036,Gross Value Added
2013.0,Romania,Arts & Other Services,110.601,Gross Value Added
2013.25,Romania,Arts & Other Services,104.012,Gross Value Added
2013.5,Romania,Arts & Other Services,99.971,Gross Value Added
2013.75,Romania,Arts & Other Services,93.439,Gross Value Added
2014.0,Romania,Arts & Other Services,102.833,Gross Value Added
2014.25,Romania,Arts & Other Services,105.823,Gross Value Added
2014.5,Romania,Arts & Other Services,100.672,Gross Value Added
2014.75,Romania,Arts & Other Services,103.336,Gross Value Added
2015.0,Romania,Arts & Other Services,106.604,Gross Value Added
2015.25,Romania,Arts & Other Services,109.885,Gross Value Added
2015.5,Romania,Arts & Other Services,115.093,Gross Value Added
2015.75,Romania,Arts & Other Services,114.75,Gross Value Added
2016.0,Romania,Arts & Other Services,100.865,Gross Value Added
2016.25,Romania,Arts & Other Services,97.585,Gross Value Added
2016.5,Romania,Arts & Other Services,98.625,Gross Value Added
2016.75,Romania,Arts & Other Services,105.048,Gross Value Added
2017.0,Romania,Arts & Other Services,114.985,Gross Value Added
2017.25,Romania,Arts & Other Services,113.337,Gross Value Added
2017.5,Romania,Arts & Other Services,117.734,Gross Value Added
2017.75,Romania,Arts & Other Services,118.971,Gross Value Added
2018.0,Romania,Arts & Other Services,122.49,Gross Value Added
2018.25,Romania,Arts & Other Services,119.556,Gross Value Added
2018.5,Romania,Arts & Other Services,122.011,Gross Value Added
2018.75,Romania,Arts & Other Services,127.196,Gross Value Added
2019.0,Romania,Arts & Other Services,133.569,Gross Value Added
2019.25,Romania,Arts & Other Services,117.364,Gross Value Added
2019.5,Romania,Arts & Other Services,127.35,Gross Value Added
2019.75,Romania,Arts & Other Services,126.433,Gross Value Added
2020.0,Romania,Arts & Other Services,124.369,Gross Value Added
2020.25,Romania,Arts & Other Services,80.616,Gross Value Added
2020.5,Romania,Arts & Other Services,93.278,Gross Value Added
2020.75,Romania,Arts & Other Services,101.737,Gross Value Added
2021.0,Romania,Arts & Other Services,94.999,Gross Value Added
2021.25,Romania,Arts & Other Services,115.665,Gross Value Added
2021.5,Romania,Arts & Other Services,98.687,Gross Value Added
2021.75,Romania,Arts & Other Services,99.365,Gross Value Added
2022.0,Romania,Arts & Other Services,109.93,Gross Value Added
2022.25,Romania,Arts & Other Services,124.956,Gross Value Added
2022.5,Romania,Arts & Other Services,98.184,Gross Value Added
2022.75,Romania,Arts & Other Services,111.043,Gross Value Added
2023.0,Romania,Arts & Other Services,117.716,Gross Value Added
2023.25,Romania,Arts & Other Services,120.947,Gross Value Added
2023.5,Romania,Arts & Other Services,114.276,Gross Value Added
2023.75,Romania,Arts & Other Services,115.128,Gross Value Added
2024.0,Romania,Arts & Other Services,122.755,Gross Value Added
2024.25,Romania,Arts & Other Services,124.958,Gross Value Added
2024.5,Romania,Arts & Other Services,126.024,Gross Value Added
2024.75,Romania,Arts & Other Services,126.174,Gross Value Added
2025.0,Romania,Arts & Other Services,123.337,Gross Value Added
2012.0,Germany,Total,93.616,Gross Value Added
2012.25,Germany,Total,93.796,Gross Value Added
2012.5,Germany,Total,93.977,Gross Value Added
2012.75,Germany,Total,93.596,Gross Value Added
2013.0,Germany,Total,93.25,Gross Value Added
2013.25,Germany,Total,94.172,Gross Value Added
2013.5,Germany,Total,94.693,Gross Value Added
2013.75,Germany,Total,95.124,Gross Value Added
2014.0,Germany,Total,96.192,Gross Value Added
2014.25,Germany,Total,95.851,Gross Value Added
2014.5,Germany,Total,96.462,Gross Value Added
2014.75,Germany,Total,97.174,Gross Value Added
2015.0,Germany,Total,96.793,Gross Value Added
2015.25,Germany,Total,97.454,Gross Value Added
2015.5,Germany,Total,97.835,Gross Value Added
2015.75,Germany,Total,98.086,Gross Value Added
2016.0,Germany,Total,99.188,Gross Value Added
2016.25,Germany,Total,99.609,Gross Value Added
2016.5,Germany,Total,99.8,Gross Value Added
2016.75,Germany,Total,100.21,Gross Value Added
2017.0,Germany,Total,101.436,Gross Value Added
2017.25,Germany,Total,102.418,Gross Value Added
2017.5,Germany,Total,103.49,Gross Value Added
2017.75,Germany,Total,104.362,Gross Value Added
2018.0,Germany,Total,103.891,Gross Value Added
2018.25,Germany,Total,104.442,Gross Value Added
2018.5,Germany,Total,103.881,Gross Value Added
2018.75,Germany,Total,104.573,Gross Value Added
2019.0,Germany,Total,104.873,Gross Value Added
2019.25,Germany,Total,104.773,Gross Value Added
2019.5,Germany,Total,105.164,Gross Value Added
2019.75,Germany,Total,104.993,Gross Value Added
2020.0,Germany,Total,103.177,Gross Value Added
2020.25,Germany,Total,93.265,Gross Value Added
2020.5,Germany,Total,101.333,Gross Value Added
2020.75,Germany,Total,102.225,Gross Value Added
2021.0,Germany,Total,101.764,Gross Value Added
2021.25,Germany,Total,103.718,Gross Value Added
2021.5,Germany,Total,105.021,Gross Value Added
2021.75,Germany,Total,105.532,Gross Value Added
2022.0,Germany,Total,106.156,Gross Value Added
2022.25,Germany,Total,105.986,Gross Value Added
2022.5,Germany,Total,106.597,Gross Value Added
2022.75,Germany,Total,106.677,Gross Value Added
2023.0,Germany,Total,106.264,Gross Value Added
2023.25,Germany,Total,105.492,Gross Value Added
2023.5,Germany,Total,105.683,Gross Value Added
2023.75,Germany,Total,106.645,Gross Value Added
2024.0,Germany,Total,105.835,Gross Value Added
2024.25,Germany,Total,105.665,Gross Value Added
2024.5,Germany,Total,105.274,Gross Value Added
2024.75,Germany,Total,104.983,Gross Value Added
2025.0,Germany,Total,105.575,Gross Value Added
2025.25,Germany,Total,105.364,Gross Value Added
2012.0,Denmark,Total,89.149,Gross Value Added
2012.25,Denmark,Total,89.173,Gross Value Added
2012.5,Denmark,Total,89.343,Gross Value Added
2012.75,Denmark,Total,89.206,Gross Value Added
2013.0,Denmark,Total,89.935,Gross Value Added
2013.25,Denmark,Total,90.215,Gross Value Added
2013.5,Denmark,Total,90.96,Gross Value Added
2013.75,Denmark,Total,90.901,Gross Value Added
2014.0,Denmark,Total,90.906,Gross Value Added
2014.25,Denmark,Total,90.857,Gross Value Added
2014.5,Denmark,Total,92.243,Gross Value Added
2014.75,Denmark,Total,92.101,Gross Value Added
2015.0,Denmark,Total,92.764,Gross Value Added
2015.25,Denmark,Total,93.47,Gross Value Added
2015.5,Denmark,Total,93.361,Gross Value Added
2015.75,Denmark,Total,93.666,Gross Value Added
2016.0,Denmark,Total,94.698,Gross Value Added
2016.25,Denmark,Total,95.772,Gross Value Added
2016.5,Denmark,Total,96.699,Gross Value Added
2016.75,Denmark,Total,97.218,Gross Value Added
2017.0,Denmark,Total,98.315,Gross Value Added
2017.25,Denmark,Total,99.414,Gross Value Added
2017.5,Denmark,Total,99.178,Gross Value Added
2017.75,Denmark,Total,99.825,Gross Value Added
2018.0,Denmark,Total,100.51,Gross Value Added
2018.25,Denmark,Total,100.377,Gross Value Added
2018.5,Denmark,Total,100.9,Gross Value Added
2018.75,Denmark,Total,101.14,Gross Value Added
2019.0,Denmark,Total,101.468,Gross Value Added
2019.25,Denmark,Total,102.52,Gross Value Added
2019.5,Denmark,Total,102.813,Gross Value Added
2019.75,Denmark,Total,102.903,Gross Value Added
2020.0,Denmark,Total,102.188,Gross Value Added
2020.25,Denmark,Total,95.587,Gross Value Added
2020.5,Denmark,Total,101.197,Gross Value Added
2020.75,Denmark,Total,101.027,Gross Value Added
2021.0,Denmark,Total,102.107,Gross Value Added
2021.25,Denmark,Total,105.51,Gross Value Added
2021.5,Denmark,Total,107.834,Gross Value Added
2021.75,Denmark,Total,111.722,Gross Value Added
2022.0,Denmark,Total,106.351,Gross Value Added
2022.25,Denmark,Total,108.283,Gross Value Added
2022.5,Denmark,Total,109.861,Gross Value Added
2022.75,Denmark,Total,108.532,Gross Value Added
2023.0,Denmark,Total,110.486,Gross Value Added
2023.25,Denmark,Total,108.978,Gross Value Added
2023.5,Denmark,Total,108.815,Gross Value Added
2023.75,Denmark,Total,110.998,Gross Value Added
2024.0,Denmark,Total,111.358,Gross Value Added
2024.25,Denmark,Total,113.671,Gross Value Added
2024.5,Denmark,Total,114.784,Gross Value Added
2024.75,Denmark,Total,116.254,Gross Value Added
2025.0,Denmark,Total,114.714,Gross Value Added
2025.25,Denmark,Total,116.212,Gross Value Added
2012.0,Euro Area,Total,95.533,Gross Value Added
2012.25,Euro Area,Total,95.305,Gross Value Added
2012.5,Euro Area,Total,95.178,Gross Value Added
2012.75,Euro Area,Total,94.781,Gross Value Added
2013.0,Euro Area,Total,94.55,Gross Value Added
2013.25,Euro Area,Total,95.139,Gross Value Added
2013.5,Euro Area,Total,95.41,Gross Value Added
2013.75,Euro Area,Total,95.699,Gross Value Added
2014.0,Euro Area,Total,96.146,Gross Value Added
2014.25,Euro Area,Total,96.265,Gross Value Added
2014.5,Euro Area,Total,96.762,Gross Value Added
2014.75,Euro Area,Total,97.107,Gross Value Added
2015.0,Euro Area,Total,97.716,Gross Value Added
2015.25,Euro Area,Total,98.12,Gross Value Added
2015.5,Euro Area,Total,98.483,Gross Value Added
2015.75,Euro Area,Total,98.92,Gross Value Added
2016.0,Euro Area,Total,99.392,Gross Value Added
2016.25,Euro Area,Total,99.63,Gross Value Added
2016.5,Euro Area,Total,100.062,Gross Value Added
2016.75,Euro Area,Total,100.837,Gross Value Added
2017.0,Euro Area,Total,101.637,Gross Value Added
2017.25,Euro Area,Total,102.387,Gross Value Added
2017.5,Euro Area,Total,103.23,Gross Value Added
2017.75,Euro Area,Total,104.055,Gross Value Added
2018.0,Euro Area,Total,104.115,Gross Value Added
2018.25,Euro Area,Total,104.566,Gross Value Added
2018.5,Euro Area,Total,104.679,Gross Value Added
2018.75,Euro Area,Total,105.338,Gross Value Added
2019.0,Euro Area,Total,106.011,Gross Value Added
2019.25,Euro Area,Total,106.362,Gross Value Added
2019.5,Euro Area,Total,106.578,Gross Value Added
2019.75,Euro Area,Total,106.58,Gross Value Added
2020.0,Euro Area,Total,103.404,Gross Value Added
2020.25,Euro Area,Total,91.804,Gross Value Added
2020.5,Euro Area,Total,102.225,Gross Value Added
2020.75,Euro Area,Total,102.567,Gross Value Added
2021.0,Euro Area,Total,103.326,Gross Value Added
2021.25,Euro Area,Total,105.397,Gross Value Added
2021.5,Euro Area,Total,107.559,Gross Value Added
2021.75,Euro Area,Total,108.375,Gross Value Added
2022.0,Euro Area,Total,109.168,Gross Value Added
2022.25,Euro Area,Total,110.152,Gross Value Added
2022.5,Euro Area,Total,110.885,Gross Value Added
2022.75,Euro Area,Total,111.026,Gross Value Added
2023.0,Euro Area,Total,111.122,Gross Value Added
2023.25,Euro Area,Total,111.382,Gross Value Added
2023.5,Euro Area,Total,111.348,Gross Value Added
2023.75,Euro Area,Total,111.861,Gross Value Added
2024.0,Euro Area,Total,112.035,Gross Value Added
2024.25,Euro Area,Total,112.262,Gross Value Added
2024.5,Euro Area,Total,112.58,Gross Value Added
2024.75,Euro Area,Total,112.92,Gross Value Added
2025.0,Euro Area,Total,113.654,Gross Value Added
2012.0,Spain,Total,99.275,Gross Value Added
2012.25,Spain,Total,98.35,Gross Value Added
2012.5,Spain,Total,97.917,Gross Value Added
2012.75,Spain,Total,97.158,Gross Value Added
2013.0,Spain,Total,96.967,Gross Value Added
2013.25,Spain,Total,96.928,Gross Value Added
2013.5,Spain,Total,96.843,Gross Value Added
2013.75,Spain,Total,96.95,Gross Value Added
2014.0,Spain,Total,97.169,Gross Value Added
2014.25,Spain,Total,97.548,Gross Value Added
2014.5,Spain,Total,98.178,Gross Value Added
2014.75,Spain,Total,98.985,Gross Value Added
2015.0,Spain,Total,100.057,Gross Value Added
2015.25,Spain,Total,101.07,Gross Value Added
2015.5,Spain,Total,101.874,Gross Value Added
2015.75,Spain,Total,102.739,Gross Value Added
2016.0,Spain,Total,103.381,Gross Value Added
2016.25,Spain,Total,103.656,Gross Value Added
2016.5,Spain,Total,104.461,Gross Value Added
2016.75,Spain,Total,105.017,Gross Value Added
2017.0,Spain,Total,105.871,Gross Value Added
2017.25,Spain,Total,107.038,Gross Value Added
2017.5,Spain,Total,107.76,Gross Value Added
2017.75,Spain,Total,108.446,Gross Value Added
2018.0,Spain,Total,108.872,Gross Value Added
2018.25,Spain,Total,109.594,Gross Value Added
2018.5,Spain,Total,110.248,Gross Value Added
2018.75,Spain,Total,110.93,Gross Value Added
2019.0,Spain,Total,111.615,Gross Value Added
2019.25,Spain,Total,111.986,Gross Value Added
2019.5,Spain,Total,112.229,Gross Value Added
2019.75,Spain,Total,112.924,Gross Value Added
2020.0,Spain,Total,107.304,Gross Value Added
2020.25,Spain,Total,87.946,Gross Value Added
2020.5,Spain,Total,102.009,Gross Value Added
2020.75,Spain,Total,102.741,Gross Value Added
2021.0,Spain,Total,103.858,Gross Value Added
2021.25,Spain,Total,104.985,Gross Value Added
2021.5,Spain,Total,107.048,Gross Value Added
2021.75,Spain,Total,109.24,Gross Value Added
2022.0,Spain,Total,111.108,Gross Value Added
2022.25,Spain,Total,113.148,Gross Value Added
2022.5,Spain,Total,114.259,Gross Value Added
2022.75,Spain,Total,115.098,Gross Value Added
2023.0,Spain,Total,115.575,Gross Value Added
2023.25,Spain,Total,116.038,Gross Value Added
2023.5,Spain,Total,116.965,Gross Value Added
2023.75,Spain,Total,118.119,Gross Value Added
2024.0,Spain,Total,119.335,Gross Value Added
2024.25,Spain,Total,120.453,Gross Value Added
2024.5,Spain,Total,121.225,Gross Value Added
2024.75,Spain,Total,122.244,Gross Value Added
2025.0,Spain,Total,122.98,Gross Value Added
2025.25,Spain,Total,123.997,Gross Value Added
2012.0,European Union,Total,93.733,Gross Value Added
2012.25,European Union,Total,93.55,Gross Value Added
2012.5,European Union,Total,93.433,Gross Value Added
2012.75,European Union,Total,93.037,Gross Value Added
2013.0,European Union,Total,92.871,Gross Value Added
2013.25,European Union,Total,93.457,Gross Value Added
2013.5,European Union,Total,93.788,Gross Value Added
2013.75,European Union,Total,94.105,Gross Value Added
2014.0,European Union,Total,94.599,Gross Value Added
2014.25,European Union,Total,94.758,Gross Value Added
2014.5,European Union,Total,95.315,Gross Value Added
2014.75,European Union,Total,95.693,Gross Value Added
2015.0,European Union,Total,96.388,Gross Value Added
2015.25,European Union,Total,96.918,Gross Value Added
2015.5,European Union,Total,97.289,Gross Value Added
2015.75,European Union,Total,97.764,Gross Value Added
2016.0,European Union,Total,98.166,Gross Value Added
2016.25,European Union,Total,98.506,Gross Value Added
2016.5,European Union,Total,98.963,Gross Value Added
2016.75,European Union,Total,99.744,Gross Value Added
2017.0,European Union,Total,100.637,Gross Value Added
2017.25,European Union,Total,101.41,Gross Value Added
2017.5,European Union,Total,102.255,Gross Value Added
2017.75,European Union,Total,103.048,Gross Value Added
2018.0,European Union,Total,103.28,Gross Value Added
2018.25,European Union,Total,103.781,Gross Value Added
2018.5,European Union,Total,104.019,Gross Value Added
2018.75,European Union,Total,104.708,Gross Value Added
2019.0,European Union,Total,105.405,Gross Value Added
2019.25,European Union,Total,105.869,Gross Value Added
2019.5,European Union,Total,106.109,Gross Value Added
2019.75,European Union,Total,106.238,Gross Value Added
2020.0,European Union,Total,103.446,Gross Value Added
2020.25,European Union,Total,92.163,Gross Value Added
2020.5,European Union,Total,101.958,Gross Value Added
2020.75,European Union,Total,102.434,Gross Value Added
2021.0,European Union,Total,103.43,Gross Value Added
2021.25,European Union,Total,105.376,Gross Value Added
2021.5,European Union,Total,107.393,Gross Value Added
2021.75,European Union,Total,108.397,Gross Value Added
2022.0,European Union,Total,109.18,Gross Value Added
2022.25,European Union,Total,110.078,Gross Value Added
2022.5,European Union,Total,110.765,Gross Value Added
2022.75,European Union,Total,110.776,Gross Value Added
2023.0,European Union,Total,110.998,Gross Value Added
2023.25,European Union,Total,111.15,Gross Value Added
2023.5,European Union,Total,111.277,Gross Value Added
2023.75,European Union,Total,111.74,Gross Value Added
2024.0,European Union,Total,111.938,Gross Value Added
2024.25,European Union,Total,112.263,Gross Value Added
2024.5,European Union,Total,112.527,Gross Value Added
2024.75,European Union,Total,112.967,Gross Value Added
2025.0,European Union,Total,113.611,Gross Value Added
2012.0,Finland,Total,96.327,Gross Value Added
2012.25,Finland,Total,95.541,Gross Value Added
2012.5,Finland,Total,94.941,Gross Value Added
2012.75,Finland,Total,95.024,Gross Value Added
2013.0,Finland,Total,93.958,Gross Value Added
2013.25,Finland,Total,94.334,Gross Value Added
2013.5,Finland,Total,94.685,Gross Value Added
2013.75,Finland,Total,94.483,Gross Value Added
2014.0,Finland,Total,93.636,Gross Value Added
2014.25,Finland,Total,93.925,Gross Value Added
2014.5,Finland,Total,94.22,Gross Value Added
2014.75,Finland,Total,94.028,Gross Value Added
2015.0,Finland,Total,93.299,Gross Value Added
2015.25,Finland,Total,94.407,Gross Value Added
2015.5,Finland,Total,94.392,Gross Value Added
2015.75,Finland,Total,94.86,Gross Value Added
2016.0,Finland,Total,95.674,Gross Value Added
2016.25,Finland,Total,95.888,Gross Value Added
2016.5,Finland,Total,96.815,Gross Value Added
2016.75,Finland,Total,97.361,Gross Value Added
2017.0,Finland,Total,98.592,Gross Value Added
2017.25,Finland,Total,99.946,Gross Value Added
2017.5,Finland,Total,100.501,Gross Value Added
2017.75,Finland,Total,101.181,Gross Value Added
2018.0,Finland,Total,100.967,Gross Value Added
2018.25,Finland,Total,100.836,Gross Value Added
2018.5,Finland,Total,100.771,Gross Value Added
2018.75,Finland,Total,100.832,Gross Value Added
2019.0,Finland,Total,101.837,Gross Value Added
2019.25,Finland,Total,102.729,Gross Value Added
2019.5,Finland,Total,102.691,Gross Value Added
2019.75,Finland,Total,102.689,Gross Value Added
2020.0,Finland,Total,102.521,Gross Value Added
2020.25,Finland,Total,95.913,Gross Value Added
2020.5,Finland,Total,100.202,Gross Value Added
2020.75,Finland,Total,101.364,Gross Value Added
2021.0,Finland,Total,100.782,Gross Value Added
2021.25,Finland,Total,102.307,Gross Value Added
2021.5,Finland,Total,103.564,Gross Value Added
2021.75,Finland,Total,104.36,Gross Value Added
2022.0,Finland,Total,103.67,Gross Value Added
2022.25,Finland,Total,104.186,Gross Value Added
2022.5,Finland,Total,104.082,Gross Value Added
2022.75,Finland,Total,103.492,Gross Value Added
2023.0,Finland,Total,104.491,Gross Value Added
2023.25,Finland,Total,104.78,Gross Value Added
2023.5,Finland,Total,102.966,Gross Value Added
2023.75,Finland,Total,102.488,Gross Value Added
2024.0,Finland,Total,103.161,Gross Value Added
2024.25,Finland,Total,103.782,Gross Value Added
2024.5,Finland,Total,104.628,Gross Value Added
2024.75,Finland,Total,104.531,Gross Value Added
2025.0,Finland,Total,104.578,Gross Value Added
2012.0,France,Total,98.473,Gross Value Added
2012.25,France,Total,98.25,Gross Value Added
2012.5,France,Total,98.593,Gross Value Added
2012.75,France,Total,98.59,Gross Value Added
2013.0,France,Total,98.762,Gross Value Added
2013.25,France,Total,99.58,Gross Value Added
2013.5,France,Total,99.372,Gross Value Added
2013.75,France,Total,100.002,Gross Value Added
2014.0,France,Total,100.149,Gross Value Added
2014.25,France,Total,100.404,Gross Value Added
2014.5,France,Total,101.119,Gross Value Added
2014.75,France,Total,100.795,Gross Value Added
2015.0,France,Total,101.263,Gross Value Added
2015.25,France,Total,101.275,Gross Value Added
2015.5,France,Total,101.413,Gross Value Added
2015.75,France,Total,101.58,Gross Value Added
2016.0,France,Total,101.91,Gross Value Added
2016.25,France,Total,101.713,Gross Value Added
2016.5,France,Total,101.783,Gross Value Added
2016.75,France,Total,102.402,Gross Value Added
2017.0,France,Total,103.06,Gross Value Added
2017.25,France,Total,103.808,Gross Value Added
2017.5,France,Total,104.451,Gross Value Added
2017.75,France,Total,105.185,Gross Value Added
2018.0,France,Total,105.081,Gross Value Added
2018.25,France,Total,105.352,Gross Value Added
2018.5,France,Total,105.91,Gross Value Added
2018.75,France,Total,106.676,Gross Value Added
2019.0,France,Total,107.76,Gross Value Added
2019.25,France,Total,108.37,Gross Value Added
2019.5,France,Total,108.322,Gross Value Added
2019.75,France,Total,107.758,Gross Value Added
2020.0,France,Total,102.524,Gross Value Added
2020.25,France,Total,90.341,Gross Value Added
2020.5,France,Total,103.489,Gross Value Added
2020.75,France,Total,103.646,Gross Value Added
2021.0,France,Total,103.934,Gross Value Added
2021.25,France,Total,105.152,Gross Value Added
2021.5,France,Total,108.013,Gross Value Added
2021.75,France,Total,108.728,Gross Value Added
2022.0,France,Total,108.836,Gross Value Added
2022.25,France,Total,109.386,Gross Value Added
2022.5,France,Total,110.007,Gross Value Added
2022.75,France,Total,110.623,Gross Value Added
2023.0,France,Total,110.862,Gross Value Added
2023.25,France,Total,112.049,Gross Value Added
2023.5,France,Total,112.414,Gross Value Added
2023.75,France,Total,113.033,Gross Value Added
2024.0,France,Total,113.27,Gross Value Added
2024.25,France,Total,113.58,Gross Value Added
2024.5,France,Total,114.087,Gross Value Added
2024.75,France,Total,113.945,Gross Value Added
2025.0,France,Total,114.082,Gross Value Added
2025.25,France,Total,114.425,Gross Value Added
2012.0,Ireland,Total,54.753,Gross Value Added
2012.25,Ireland,Total,54.06,Gross Value Added
2012.5,Ireland,Total,53.903,Gross Value Added
2012.75,Ireland,Total,53.734,Gross Value Added
2013.0,Ireland,Total,53.426,Gross Value Added
2013.25,Ireland,Total,55.018,Gross Value Added
2013.5,Ireland,Total,56.439,Gross Value Added
2013.75,Ireland,Total,56.33,Gross Value Added
2014.0,Ireland,Total,57.573,Gross Value Added
2014.25,Ireland,Total,61.254,Gross Value Added
2014.5,Ireland,Total,60.469,Gross Value Added
2014.75,Ireland,Total,61.286,Gross Value Added
2015.0,Ireland,Total,74.342,Gross Value Added
2015.25,Ireland,Total,71.766,Gross Value Added
2015.5,Ireland,Total,73.633,Gross Value Added
2015.75,Ireland,Total,76.477,Gross Value Added
2016.0,Ireland,Total,73.257,Gross Value Added
2016.25,Ireland,Total,72.983,Gross Value Added
2016.5,Ireland,Total,70.759,Gross Value Added
2016.75,Ireland,Total,78.23,Gross Value Added
2017.0,Ireland,Total,77.67,Gross Value Added
2017.25,Ireland,Total,77.665,Gross Value Added
2017.5,Ireland,Total,80.895,Gross Value Added
2017.75,Ireland,Total,83.609,Gross Value Added
2018.0,Ireland,Total,84.986,Gross Value Added
2018.25,Ireland,Total,87.811,Gross Value Added
2018.5,Ireland,Total,88.783,Gross Value Added
2018.75,Ireland,Total,89.046,Gross Value Added
2019.0,Ireland,Total,87.239,Gross Value Added
2019.25,Ireland,Total,92.561,Gross Value Added
2019.5,Ireland,Total,93.909,Gross Value Added
2019.75,Ireland,Total,95.188,Gross Value Added
2020.0,Ireland,Total,98.766,Gross Value Added
2020.25,Ireland,Total,93.827,Gross Value Added
2020.5,Ireland,Total,102.532,Gross Value Added
2020.75,Ireland,Total,104.874,Gross Value Added
2021.0,Ireland,Total,111.478,Gross Value Added
2021.25,Ireland,Total,114.079,Gross Value Added
2021.5,Ireland,Total,118.174,Gross Value Added
2021.75,Ireland,Total,119.86,Gross Value Added
2022.0,Ireland,Total,122.618,Gross Value Added
2022.25,Ireland,Total,123.806,Gross Value Added
2022.5,Ireland,Total,127.618,Gross Value Added
2022.75,Ireland,Total,128.5,Gross Value Added
2023.0,Ireland,Total,123.576,Gross Value Added
2023.25,Ireland,Total,126.777,Gross Value Added
2023.5,Ireland,Total,121.876,Gross Value Added
2023.75,Ireland,Total,120.829,Gross Value Added
2024.0,Ireland,Total,119.226,Gross Value Added
2024.25,Ireland,Total,122.113,Gross Value Added
2024.5,Ireland,Total,130.357,Gross Value Added
2024.75,Ireland,Total,132.601,Gross Value Added
2025.0,Ireland,Total,140.803,Gross Value Added
2012.0,Italy,Total,105.791,Gross Value Added
2012.25,Italy,Total,105.053,Gross Value Added
2012.5,Italy,Total,104.335,Gross Value Added
2012.75,Italy,Total,103.588,Gross Value Added
2013.0,Italy,Total,102.94,Gross Value Added
2013.25,Italy,Total,102.969,Gross Value Added
2013.5,Italy,Total,103.303,Gross Value Added
2013.75,Italy,Total,103.212,Gross Value Added
2014.0,Italy,Total,103.145,Gross Value Added
2014.25,Italy,Total,103.195,Gross Value Added
2014.5,Italy,Total,103.138,Gross Value Added
2014.75,Italy,Total,103.017,Gross Value Added
2015.0,Italy,Total,103.447,Gross Value Added
2015.25,Italy,Total,103.827,Gross Value Added
2015.5,Italy,Total,103.889,Gross Value Added
2015.75,Italy,Total,104.525,Gross Value Added
2016.0,Italy,Total,104.698,Gross Value Added
2016.25,Italy,Total,105.018,Gross Value Added
2016.5,Italy,Total,105.869,Gross Value Added
2016.75,Italy,Total,106.337,Gross Value Added
2017.0,Italy,Total,106.882,Gross Value Added
2017.25,Italy,Total,107.338,Gross Value Added
2017.5,Italy,Total,107.584,Gross Value Added
2017.75,Italy,Total,108.301,Gross Value Added
2018.0,Italy,Total,108.114,Gross Value Added
2018.25,Italy,Total,108.411,Gross Value Added
2018.5,Italy,Total,108.414,Gross Value Added
2018.75,Italy,Total,108.72,Gross Value Added
2019.0,Italy,Total,109.013,Gross Value Added
2019.25,Italy,Total,109.436,Gross Value Added
2019.5,Italy,Total,109.168,Gross Value Added
2019.75,Italy,Total,109.029,Gross Value Added
2020.0,Italy,Total,102.957,Gross Value Added
2020.25,Italy,Total,90.344,Gross Value Added
2020.5,Italy,Total,103.457,Gross Value Added
2020.75,Italy,Total,103.242,Gross Value Added
2021.0,Italy,Total,105.202,Gross Value Added
2021.25,Italy,Total,107.693,Gross Value Added
2021.5,Italy,Total,110.365,Gross Value Added
2021.75,Italy,Total,112.053,Gross Value Added
2022.0,Italy,Total,112.858,Gross Value Added
2022.25,Italy,Total,114.749,Gross Value Added
2022.5,Italy,Total,114.964,Gross Value Added
2022.75,Italy,Total,114.995,Gross Value Added
2023.0,Italy,Total,115.428,Gross Value Added
2023.25,Italy,Total,115.261,Gross Value Added
2023.5,Italy,Total,115.278,Gross Value Added
2023.75,Italy,Total,115.439,Gross Value Added
2024.0,Italy,Total,115.57,Gross Value Added
2024.25,Italy,Total,115.738,Gross Value Added
2024.5,Italy,Total,115.643,Gross Value Added
2024.75,Italy,Total,115.926,Gross Value Added
2025.0,Italy,Total,116.239,Gross Value Added
2012.0,Netherlands,Total,91.208,Gross Value Added
2012.25,Netherlands,Total,91.284,Gross Value Added
2012.5,Netherlands,Total,90.964,Gross Value Added
2012.75,Netherlands,Total,90.551,Gross Value Added
2013.0,Netherlands,Total,90.857,Gross Value Added
2013.25,Netherlands,Total,91.216,Gross Value Added
2013.5,Netherlands,Total,91.53,Gross Value Added
2013.75,Netherlands,Total,92.053,Gross Value Added
2014.0,Netherlands,Total,92.118,Gross Value Added
2014.25,Netherlands,Total,92.584,Gross Value Added
2014.5,Netherlands,Total,92.654,Gross Value Added
2014.75,Netherlands,Total,94.379,Gross Value Added
2015.0,Netherlands,Total,93.817,Gross Value Added
2015.25,Netherlands,Total,94.343,Gross Value Added
2015.5,Netherlands,Total,95.038,Gross Value Added
2015.75,Netherlands,Total,95.634,Gross Value Added
2016.0,Netherlands,Total,95.768,Gross Value Added
2016.25,Netherlands,Total,96.469,Gross Value Added
2016.5,Netherlands,Total,97.144,Gross Value Added
2016.75,Netherlands,Total,97.951,Gross Value Added
2017.0,Netherlands,Total,98.622,Gross Value Added
2017.25,Netherlands,Total,99.152,Gross Value Added
2017.5,Netherlands,Total,99.897,Gross Value Added
2017.75,Netherlands,Total,100.46,Gross Value Added
2018.0,Netherlands,Total,101.085,Gross Value Added
2018.25,Netherlands,Total,101.678,Gross Value Added
2018.5,Netherlands,Total,101.905,Gross Value Added
2018.75,Netherlands,Total,102.247,Gross Value Added
2019.0,Netherlands,Total,103.585,Gross Value Added
2019.25,Netherlands,Total,103.943,Gross Value Added
2019.5,Netherlands,Total,104.556,Gross Value Added
2019.75,Netherlands,Total,104.574,Gross Value Added
2020.0,Netherlands,Total,103.38,Gross Value Added
2020.25,Netherlands,Total,94.648,Gross Value Added
2020.5,Netherlands,Total,100.634,Gross Value Added
2020.75,Netherlands,Total,101.338,Gross Value Added
2021.0,Netherlands,Total,102.266,Gross Value Added
2021.25,Netherlands,Total,106.591,Gross Value Added
2021.5,Netherlands,Total,108.752,Gross Value Added
2021.75,Netherlands,Total,108.792,Gross Value Added
2022.0,Netherlands,Total,110.483,Gross Value Added
2022.25,Netherlands,Total,113.26,Gross Value Added
2022.5,Netherlands,Total,113.52,Gross Value Added
2022.75,Netherlands,Total,113.368,Gross Value Added
2023.0,Netherlands,Total,112.457,Gross Value Added
2023.25,Netherlands,Total,112.171,Gross Value Added
2023.5,Netherlands,Total,111.734,Gross Value Added
2023.75,Netherlands,Total,111.959,Gross Value Added
2024.0,Netherlands,Total,112.039,Gross Value Added
2024.25,Netherlands,Total,113.036,Gross Value Added
2024.5,Netherlands,Total,113.752,Gross Value Added
2024.75,Netherlands,Total,114.363,Gross Value Added
2025.0,Netherlands,Total,114.673,Gross Value Added
2025.25,Netherlands,Total,114.945,Gross Value Added
2012.0,Norway,Total,92.019,Gross Value Added
2012.25,Norway,Total,92.068,Gross Value Added
2012.5,Norway,Total,91.066,Gross Value Added
2012.75,Norway,Total,91.628,Gross Value Added
2013.0,Norway,Total,91.99,Gross Value Added
2013.25,Norway,Total,92.48,Gross Value Added
2013.5,Norway,Total,92.947,Gross Value Added
2013.75,Norway,Total,92.837,Gross Value Added
2014.0,Norway,Total,93.82,Gross Value Added
2014.25,Norway,Total,94.227,Gross Value Added
2014.5,Norway,Total,94.553,Gross Value Added
2014.75,Norway,Total,95.259,Gross Value Added
2015.0,Norway,Total,95.7,Gross Value Added
2015.25,Norway,Total,96.06,Gross Value Added
2015.5,Norway,Total,96.8,Gross Value Added
2015.75,Norway,Total,96.133,Gross Value Added
2016.0,Norway,Total,96.542,Gross Value Added
2016.25,Norway,Total,96.68,Gross Value Added
2016.5,Norway,Total,96.279,Gross Value Added
2016.75,Norway,Total,97.878,Gross Value Added
2017.0,Norway,Total,98.533,Gross Value Added
2017.25,Norway,Total,99.73,Gross Value Added
2017.5,Norway,Total,100.357,Gross Value Added
2017.75,Norway,Total,99.907,Gross Value Added
2018.0,Norway,Total,100.036,Gross Value Added
2018.25,Norway,Total,100.305,Gross Value Added
2018.5,Norway,Total,101.058,Gross Value Added
2018.75,Norway,Total,101.021,Gross Value Added
2019.0,Norway,Total,100.607,Gross Value Added
2019.25,Norway,Total,101.513,Gross Value Added
2019.5,Norway,Total,102.138,Gross Value Added
2019.75,Norway,Total,103.091,Gross Value Added
2020.0,Norway,Total,102.266,Gross Value Added
2020.25,Norway,Total,96.91,Gross Value Added
2020.5,Norway,Total,100.053,Gross Value Added
2020.75,Norway,Total,100.771,Gross Value Added
2021.0,Norway,Total,102.746,Gross Value Added
2021.25,Norway,Total,101.233,Gross Value Added
2021.5,Norway,Total,106.08,Gross Value Added
2021.75,Norway,Total,105.704,Gross Value Added
2022.0,Norway,Total,105.547,Gross Value Added
2022.25,Norway,Total,107.053,Gross Value Added
2022.5,Norway,Total,110.137,Gross Value Added
2022.75,Norway,Total,108.031,Gross Value Added
2023.0,Norway,Total,108.434,Gross Value Added
2023.25,Norway,Total,107.466,Gross Value Added
2023.5,Norway,Total,106.602,Gross Value Added
2023.75,Norway,Total,109.737,Gross Value Added
2024.0,Norway,Total,110.254,Gross Value Added
2024.25,Norway,Total,112.323,Gross Value Added
2024.5,Norway,Total,110.397,Gross Value Added
2024.75,Norway,Total,109.526,Gross Value Added
2025.0,Norway,Total,109.317,Gross Value Added
2012.0,Poland,Total,78.073,Gross Value Added
2012.25,Poland,Total,77.822,Gross Value Added
2012.5,Poland,Total,77.966,Gross Value Added
2012.75,Poland,Total,78.03,Gross Value Added
2013.0,Poland,Total,77.595,Gross Value Added
2013.25,Poland,Total,78.436,Gross Value Added
2013.5,Poland,Total,78.779,Gross Value Added
2013.75,Poland,Total,79.225,Gross Value Added
2014.0,Poland,Total,80.507,Gross Value Added
2014.25,Poland,Total,80.953,Gross Value Added
2014.5,Poland,Total,81.725,Gross Value Added
2014.75,Poland,Total,82.327,Gross Value Added
2015.0,Poland,Total,83.626,Gross Value Added
2015.25,Poland,Total,84.31,Gross Value Added
2015.5,Poland,Total,85.535,Gross Value Added
2015.75,Poland,Total,86.38,Gross Value Added
2016.0,Poland,Total,86.056,Gross Value Added
2016.25,Poland,Total,87.533,Gross Value Added
2016.5,Poland,Total,87.822,Gross Value Added
2016.75,Poland,Total,89.47,Gross Value Added
2017.0,Poland,Total,90.65,Gross Value Added
2017.25,Poland,Total,91.327,Gross Value Added
2017.5,Poland,Total,92.817,Gross Value Added
2017.75,Poland,Total,93.838,Gross Value Added
2018.0,Poland,Total,95.753,Gross Value Added
2018.25,Poland,Total,97.103,Gross Value Added
2018.5,Poland,Total,98.452,Gross Value Added
2018.75,Poland,Total,99.662,Gross Value Added
2019.0,Poland,Total,100.775,Gross Value Added
2019.25,Poland,Total,101.859,Gross Value Added
2019.5,Poland,Total,102.604,Gross Value Added
2019.75,Poland,Total,103.09,Gross Value Added
2020.0,Poland,Total,103.712,Gross Value Added
2020.25,Poland,Total,94.441,Gross Value Added
2020.5,Poland,Total,100.923,Gross Value Added
2020.75,Poland,Total,100.924,Gross Value Added
2021.0,Poland,Total,103.422,Gross Value Added
2021.25,Poland,Total,105.658,Gross Value Added
2021.5,Poland,Total,107.488,Gross Value Added
2021.75,Poland,Total,109.708,Gross Value Added
2022.0,Poland,Total,112.663,Gross Value Added
2022.25,Poland,Total,112.562,Gross Value Added
2022.5,Poland,Total,113.669,Gross Value Added
2022.75,Poland,Total,111.178,Gross Value Added
2023.0,Poland,Total,112.929,Gross Value Added
2023.25,Poland,Total,112.627,Gross Value Added
2023.5,Poland,Total,114.949,Gross Value Added
2023.75,Poland,Total,114.725,Gross Value Added
2024.0,Poland,Total,115.134,Gross Value Added
2024.25,Poland,Total,116.583,Gross Value Added
2024.5,Poland,Total,116.183,Gross Value Added
2024.75,Poland,Total,117.628,Gross Value Added
2025.0,Poland,Total,118.124,Gross Value Added
2012.0,Romania,Total,79.753,Gross Value Added
2012.25,Romania,Total,80.112,Gross Value Added
2012.5,Romania,Total,78.352,Gross Value Added
2012.75,Romania,Total,77.337,Gross Value Added
2013.0,Romania,Total,77.542,Gross Value Added
2013.25,Romania,Total,78.704,Gross Value Added
2013.5,Romania,Total,80.134,Gross Value Added
2013.75,Romania,Total,80.45,Gross Value Added
2014.0,Romania,Total,81.199,Gross Value Added
2014.25,Romania,Total,81.041,Gross Value Added
2014.5,Romania,Total,83.651,Gross Value Added
2014.75,Romania,Total,84.141,Gross Value Added
2015.0,Romania,Total,83.859,Gross Value Added
2015.25,Romania,Total,85.18,Gross Value Added
2015.5,Romania,Total,84.666,Gross Value Added
2015.75,Romania,Total,85.144,Gross Value Added
2016.0,Romania,Total,86.482,Gross Value Added
2016.25,Romania,Total,86.891,Gross Value Added
2016.5,Romania,Total,87.73,Gross Value Added
2016.75,Romania,Total,87.284,Gross Value Added
2017.0,Romania,Total,91.913,Gross Value Added
2017.25,Romania,Total,94.119,Gross Value Added
2017.5,Romania,Total,95.867,Gross Value Added
2017.75,Romania,Total,95.768,Gross Value Added
2018.0,Romania,Total,97.062,Gross Value Added
2018.25,Romania,Total,99.472,Gross Value Added
2018.5,Romania,Total,101.512,Gross Value Added
2018.75,Romania,Total,101.318,Gross Value Added
2019.0,Romania,Total,100.993,Gross Value Added
2019.25,Romania,Total,103.727,Gross Value Added
2019.5,Romania,Total,103.824,Gross Value Added
2019.75,Romania,Total,106.007,Gross Value Added
2020.0,Romania,Total,103.184,Gross Value Added
2020.25,Romania,Total,95.038,Gross Value Added
2020.5,Romania,Total,98.652,Gross Value Added
2020.75,Romania,Total,103.126,Gross Value Added
2021.0,Romania,Total,105.06,Gross Value Added
2021.25,Romania,Total,105.032,Gross Value Added
2021.5,Romania,Total,105.362,Gross Value Added
2021.75,Romania,Total,105.162,Gross Value Added
2022.0,Romania,Total,107.497,Gross Value Added
2022.25,Romania,Total,108.09,Gross Value Added
2022.5,Romania,Total,108.29,Gross Value Added
2022.75,Romania,Total,109.877,Gross Value Added
2023.0,Romania,Total,108.139,Gross Value Added
2023.25,Romania,Total,110.51,Gross Value Added
2023.5,Romania,Total,112.274,Gross Value Added
2023.75,Romania,Total,112.055,Gross Value Added
2024.0,Romania,Total,110.69,Gross Value Added
2024.25,Romania,Total,111.9,Gross Value Added
2024.5,Romania,Total,110.303,Gross Value Added
2024.75,Romania,Total,110.406,Gross Value Added
2025.0,Romania,Total,111.212,Gross Value Added
1997.0,Germany,Total,78.046,Output Per Hour
1997.25,Germany,Total,78.339,Output Per Hour
1997.5,Germany,Total,78.555,Output Per Hour
1997.75,Germany,Total,79.377,Output Per Hour
1998.0,Germany,Total,80.133,Output Per Hour
1998.25,Germany,Total,79.443,Output Per Hour
1998.5,Germany,Total,79.368,Output Per Hour
1998.75,Germany,Total,79.376,Output Per Hour
1999.0,Germany,Total,80.29,Output Per Hour
1999.25,Germany,Total,80.173,Output Per Hour
1999.5,Germany,Total,81.087,Output Per Hour
1999.75,Germany,Total,81.305,Output Per Hour
2000.0,Germany,Total,82.085,Output Per Hour
2000.25,Germany,Total,82.666,Output Per Hour
2000.5,Germany,Total,82.755,Output Per Hour
2000.75,Germany,Total,82.478,Output Per Hour
2001.0,Germany,Total,84.436,Output Per Hour
2001.25,Germany,Total,84.377,Output Per Hour
2001.5,Germany,Total,84.604,Output Per Hour
2001.75,Germany,Total,84.535,Output Per Hour
2002.0,Germany,Total,84.337,Output Per Hour
2002.25,Germany,Total,84.828,Output Per Hour
2002.5,Germany,Total,85.782,Output Per Hour
2002.75,Germany,Total,86.038,Output Per Hour
2003.0,Germany,Total,85.25,Output Per Hour
2003.25,Germany,Total,85.702,Output Per Hour
2003.5,Germany,Total,86.405,Output Per Hour
2003.75,Germany,Total,86.921,Output Per Hour
2004.0,Germany,Total,86.427,Output Per Hour
2004.25,Germany,Total,87.324,Output Per Hour
2004.5,Germany,Total,87.028,Output Per Hour
2004.75,Germany,Total,87.255,Output Per Hour
2005.0,Germany,Total,88.282,Output Per Hour
2005.25,Germany,Total,88.333,Output Per Hour
2005.5,Germany,Total,88.583,Output Per Hour
2005.75,Germany,Total,88.372,Output Per Hour
2006.0,Germany,Total,89.013,Output Per Hour
2006.25,Germany,Total,89.687,Output Per Hour
2006.5,Germany,Total,89.925,Output Per Hour
2006.75,Germany,Total,90.427,Output Per Hour
2007.0,Germany,Total,90.35,Output Per Hour
2007.25,Germany,Total,90.498,Output Per Hour
2007.5,Germany,Total,90.944,Output Per Hour
2007.75,Germany,Total,91.063,Output Per Hour
2008.0,Germany,Total,91.159,Output Per Hour
2008.25,Germany,Total,91.121,Output Per Hour
2008.5,Germany,Total,90.817,Output Per Hour
2008.75,Germany,Total,89.905,Output Per Hour
2009.0,Germany,Total,86.596,Output Per Hour
2009.25,Germany,Total,87.896,Output Per Hour
2009.5,Germany,Total,88.557,Output Per Hour
2009.75,Germany,Total,89.471,Output Per Hour
2010.0,Germany,Total,89.157,Output Per Hour
2010.25,Germany,Total,90.322,Output Per Hour
2010.5,Germany,Total,90.712,Output Per Hour
2010.75,Germany,Total,90.641,Output Per Hour
2011.0,Germany,Total,91.948,Output Per Hour
2011.25,Germany,Total,92.237,Output Per Hour
2011.5,Germany,Total,92.563,Output Per Hour
2011.75,Germany,Total,92.527,Output Per Hour
2012.0,Germany,Total,92.769,Output Per Hour
2012.25,Germany,Total,93.027,Output Per Hour
2012.5,Germany,Total,93.196,Output Per Hour
2012.75,Germany,Total,92.804,Output Per Hour
2013.0,Germany,Total,93.031,Output Per Hour
2013.25,Germany,Total,93.475,Output Per Hour
2013.5,Germany,Total,93.331,Output Per Hour
2013.75,Germany,Total,93.382,Output Per Hour
2014.0,Germany,Total,93.768,Output Per Hour
2014.25,Germany,Total,93.867,Output Per Hour
2014.5,Germany,Total,94.437,Output Per Hour
2014.75,Germany,Total,94.907,Output Per Hour
2015.0,Germany,Total,94.444,Output Per Hour
2015.25,Germany,Total,94.504,Output Per Hour
2015.5,Germany,Total,95.237,Output Per Hour
2015.75,Germany,Total,95.6,Output Per Hour
2016.0,Germany,Total,96.039,Output Per Hour
2016.25,Germany,Total,96.04,Output Per Hour
2016.5,Germany,Total,96.018,Output Per Hour
2016.75,Germany,Total,96.476,Output Per Hour
2017.0,Germany,Total,97.49,Output Per Hour
2017.25,Germany,Total,97.619,Output Per Hour
2017.5,Germany,Total,97.992,Output Per Hour
2017.75,Germany,Total,98.672,Output Per Hour
2018.0,Germany,Total,98.855,Output Per Hour
2018.25,Germany,Total,98.466,Output Per Hour
2018.5,Germany,Total,97.978,Output Per Hour
2018.75,Germany,Total,97.832,Output Per Hour
2019.0,Germany,Total,98.699,Output Per Hour
2019.25,Germany,Total,99.277,Output Per Hour
2019.5,Germany,Total,98.869,Output Per Hour
2019.75,Germany,Total,99.165,Output Per Hour
2020.0,Germany,Total,99.0,Output Per Hour
2020.25,Germany,Total,96.234,Output Per Hour
2020.5,Germany,Total,103.012,Output Per Hour
2020.75,Germany,Total,101.754,Output Per Hour
2021.0,Germany,Total,100.773,Output Per Hour
2021.25,Germany,Total,100.942,Output Per Hour
2021.5,Germany,Total,103.105,Output Per Hour
2021.75,Germany,Total,101.851,Output Per Hour
2022.0,Germany,Total,101.73,Output Per Hour
2022.25,Germany,Total,101.913,Output Per Hour
2022.5,Germany,Total,101.747,Output Per Hour
2022.75,Germany,Total,102.146,Output Per Hour
2023.0,Germany,Total,100.584,Output Per Hour
2023.25,Germany,Total,100.356,Output Per Hour
2023.5,Germany,Total,100.309,Output Per Hour
2023.75,Germany,Total,100.916,Output Per Hour
2024.0,Germany,Total,100.658,Output Per Hour
2024.25,Germany,Total,100.091,Output Per Hour
2024.5,Germany,Total,100.345,Output Per Hour
2024.75,Germany,Total,100.158,Output Per Hour
2025.0,Germany,Total,100.474,Output Per Hour
2025.25,Germany,Total,100.264,Output Per Hour
1997.0,Denmark,Total,75.362,Output Per Hour
1997.25,Denmark,Total,78.744,Output Per Hour
1997.5,Denmark,Total,76.837,Output Per Hour
1997.75,Denmark,Total,76.91,Output Per Hour
1998.0,Denmark,Total,78.731,Output Per Hour
1998.25,Denmark,Total,78.623,Output Per Hour
1998.5,Denmark,Total,76.901,Output Per Hour
1998.75,Denmark,Total,73.793,Output Per Hour
1999.0,Denmark,Total,78.506,Output Per Hour
1999.25,Denmark,Total,76.324,Output Per Hour
1999.5,Denmark,Total,76.944,Output Per Hour
1999.75,Denmark,Total,79.238,Output Per Hour
2000.0,Denmark,Total,76.934,Output Per Hour
2000.25,Denmark,Total,80.904,Output Per Hour
2000.5,Denmark,Total,79.688,Output Per Hour
2000.75,Denmark,Total,80.651,Output Per Hour
2001.0,Denmark,Total,78.359,Output Per Hour
2001.25,Denmark,Total,78.536,Output Per Hour
2001.5,Denmark,Total,79.888,Output Per Hour
2001.75,Denmark,Total,80.612,Output Per Hour
2002.0,Denmark,Total,80.188,Output Per Hour
2002.25,Denmark,Total,79.123,Output Per Hour
2002.5,Denmark,Total,80.502,Output Per Hour
2002.75,Denmark,Total,80.152,Output Per Hour
2003.0,Denmark,Total,81.422,Output Per Hour
2003.25,Denmark,Total,80.8,Output Per Hour
2003.5,Denmark,Total,81.163,Output Per Hour
2003.75,Denmark,Total,82.01,Output Per Hour
2004.0,Denmark,Total,84.135,Output Per Hour
2004.25,Denmark,Total,83.93,Output Per Hour
2004.5,Denmark,Total,83.017,Output Per Hour
2004.75,Denmark,Total,85.076,Output Per Hour
2005.0,Denmark,Total,84.378,Output Per Hour
2005.25,Denmark,Total,85.13,Output Per Hour
2005.5,Denmark,Total,85.164,Output Per Hour
2005.75,Denmark,Total,86.147,Output Per Hour
2006.0,Denmark,Total,84.413,Output Per Hour
2006.25,Denmark,Total,88.208,Output Per Hour
2006.5,Denmark,Total,87.498,Output Per Hour
2006.75,Denmark,Total,84.939,Output Per Hour
2007.0,Denmark,Total,85.412,Output Per Hour
2007.25,Denmark,Total,85.106,Output Per Hour
2007.5,Denmark,Total,87.558,Output Per Hour
2007.75,Denmark,Total,87.846,Output Per Hour
2008.0,Denmark,Total,86.088,Output Per Hour
2008.25,Denmark,Total,85.503,Output Per Hour
2008.5,Denmark,Total,85.284,Output Per Hour
2008.75,Denmark,Total,83.977,Output Per Hour
2009.0,Denmark,Total,83.377,Output Per Hour
2009.25,Denmark,Total,83.681,Output Per Hour
2009.5,Denmark,Total,84.716,Output Per Hour
2009.75,Denmark,Total,85.771,Output Per Hour
2010.0,Denmark,Total,86.851,Output Per Hour
2010.25,Denmark,Total,87.03,Output Per Hour
2010.5,Denmark,Total,88.187,Output Per Hour
2010.75,Denmark,Total,87.594,Output Per Hour
2011.0,Denmark,Total,87.654,Output Per Hour
2011.25,Denmark,Total,88.34,Output Per Hour
2011.5,Denmark,Total,87.163,Output Per Hour
2011.75,Denmark,Total,87.909,Output Per Hour
2012.0,Denmark,Total,88.663,Output Per Hour
2012.25,Denmark,Total,89.268,Output Per Hour
2012.5,Denmark,Total,89.517,Output Per Hour
2012.75,Denmark,Total,89.445,Output Per Hour
2013.0,Denmark,Total,89.73,Output Per Hour
2013.25,Denmark,Total,90.312,Output Per Hour
2013.5,Denmark,Total,90.388,Output Per Hour
2013.75,Denmark,Total,90.656,Output Per Hour
2014.0,Denmark,Total,90.863,Output Per Hour
2014.25,Denmark,Total,91.056,Output Per Hour
2014.5,Denmark,Total,92.272,Output Per Hour
2014.75,Denmark,Total,92.26,Output Per Hour
2015.0,Denmark,Total,92.569,Output Per Hour
2015.25,Denmark,Total,92.82,Output Per Hour
2015.5,Denmark,Total,92.678,Output Per Hour
2015.75,Denmark,Total,92.452,Output Per Hour
2016.0,Denmark,Total,92.889,Output Per Hour
2016.25,Denmark,Total,93.325,Output Per Hour
2016.5,Denmark,Total,94.049,Output Per Hour
2016.75,Denmark,Total,94.121,Output Per Hour
2017.0,Denmark,Total,94.833,Output Per Hour
2017.25,Denmark,Total,95.838,Output Per Hour
2017.5,Denmark,Total,95.549,Output Per Hour
2017.75,Denmark,Total,96.044,Output Per Hour
2018.0,Denmark,Total,97.577,Output Per Hour
2018.25,Denmark,Total,97.322,Output Per Hour
2018.5,Denmark,Total,97.618,Output Per Hour
2018.75,Denmark,Total,97.39,Output Per Hour
2019.0,Denmark,Total,97.751,Output Per Hour
2019.25,Denmark,Total,98.417,Output Per Hour
2019.5,Denmark,Total,98.455,Output Per Hour
2019.75,Denmark,Total,98.751,Output Per Hour
2020.0,Denmark,Total,99.4,Output Per Hour
2020.25,Denmark,Total,100.31,Output Per Hour
2020.5,Denmark,Total,100.214,Output Per Hour
2020.75,Denmark,Total,100.077,Output Per Hour
2021.0,Denmark,Total,99.656,Output Per Hour
2021.25,Denmark,Total,99.799,Output Per Hour
2021.5,Denmark,Total,100.091,Output Per Hour
2021.75,Denmark,Total,102.454,Output Per Hour
2022.0,Denmark,Total,96.907,Output Per Hour
2022.25,Denmark,Total,97.075,Output Per Hour
2022.5,Denmark,Total,98.319,Output Per Hour
2022.75,Denmark,Total,96.765,Output Per Hour
2023.0,Denmark,Total,97.989,Output Per Hour
2023.25,Denmark,Total,97.849,Output Per Hour
2023.5,Denmark,Total,96.207,Output Per Hour
2023.75,Denmark,Total,98.267,Output Per Hour
2024.0,Denmark,Total,98.423,Output Per Hour
2024.25,Denmark,Total,100.446,Output Per Hour
2024.5,Denmark,Total,101.213,Output Per Hour
2024.75,Denmark,Total,101.935,Output Per Hour
2025.0,Denmark,Total,100.222,Output Per Hour
2025.25,Denmark,Total,101.228,Output Per Hour
1997.0,Euro Area,Total,79.623,Output Per Hour
1997.25,Euro Area,Total,80.111,Output Per Hour
1997.5,Euro Area,Total,80.498,Output Per Hour
1997.75,Euro Area,Total,81.062,Output Per Hour
1998.0,Euro Area,Total,81.458,Output Per Hour
1998.25,Euro Area,Total,81.238,Output Per Hour
1998.5,Euro Area,Total,80.998,Output Per Hour
1998.75,Euro Area,Total,81.268,Output Per Hour
1999.0,Euro Area,Total,81.893,Output Per Hour
1999.25,Euro Area,Total,81.359,Output Per Hour
1999.5,Euro Area,Total,82.501,Output Per Hour
1999.75,Euro Area,Total,82.787,Output Per Hour
2000.0,Euro Area,Total,83.316,Output Per Hour
2000.25,Euro Area,Total,83.753,Output Per Hour
2000.5,Euro Area,Total,83.983,Output Per Hour
2000.75,Euro Area,Total,84.087,Output Per Hour
2001.0,Euro Area,Total,84.887,Output Per Hour
2001.25,Euro Area,Total,85.095,Output Per Hour
2001.5,Euro Area,Total,85.189,Output Per Hour
2001.75,Euro Area,Total,85.044,Output Per Hour
2002.0,Euro Area,Total,85.274,Output Per Hour
2002.25,Euro Area,Total,85.553,Output Per Hour
2002.5,Euro Area,Total,85.957,Output Per Hour
2002.75,Euro Area,Total,86.121,Output Per Hour
2003.0,Euro Area,Total,85.759,Output Per Hour
2003.25,Euro Area,Total,85.884,Output Per Hour
2003.5,Euro Area,Total,86.295,Output Per Hour
2003.75,Euro Area,Total,86.624,Output Per Hour
2004.0,Euro Area,Total,87.168,Output Per Hour
2004.25,Euro Area,Total,87.409,Output Per Hour
2004.5,Euro Area,Total,87.548,Output Per Hour
2004.75,Euro Area,Total,87.706,Output Per Hour
2005.0,Euro Area,Total,87.94,Output Per Hour
2005.25,Euro Area,Total,87.767,Output Per Hour
2005.5,Euro Area,Total,88.473,Output Per Hour
2005.75,Euro Area,Total,88.35,Output Per Hour
2006.0,Euro Area,Total,88.736,Output Per Hour
2006.25,Euro Area,Total,89.302,Output Per Hour
2006.5,Euro Area,Total,89.219,Output Per Hour
2006.75,Euro Area,Total,89.737,Output Per Hour
2007.0,Euro Area,Total,89.921,Output Per Hour
2007.25,Euro Area,Total,90.168,Output Per Hour
2007.5,Euro Area,Total,90.033,Output Per Hour
2007.75,Euro Area,Total,90.187,Output Per Hour
2008.0,Euro Area,Total,90.508,Output Per Hour
2008.25,Euro Area,Total,90.267,Output Per Hour
2008.5,Euro Area,Total,90.218,Output Per Hour
2008.75,Euro Area,Total,89.034,Output Per Hour
2009.0,Euro Area,Total,87.743,Output Per Hour
2009.25,Euro Area,Total,88.504,Output Per Hour
2009.5,Euro Area,Total,89.166,Output Per Hour
2009.75,Euro Area,Total,89.75,Output Per Hour
2010.0,Euro Area,Total,90.133,Output Per Hour
2010.25,Euro Area,Total,90.719,Output Per Hour
2010.5,Euro Area,Total,91.208,Output Per Hour
2010.75,Euro Area,Total,91.734,Output Per Hour
2011.0,Euro Area,Total,92.02,Output Per Hour
2011.25,Euro Area,Total,92.28,Output Per Hour
2011.5,Euro Area,Total,92.405,Output Per Hour
2011.75,Euro Area,Total,92.434,Output Per Hour
2012.0,Euro Area,Total,92.513,Output Per Hour
2012.25,Euro Area,Total,92.76,Output Per Hour
2012.5,Euro Area,Total,92.903,Output Per Hour
2012.75,Euro Area,Total,93.035,Output Per Hour
2013.0,Euro Area,Total,93.255,Output Per Hour
2013.25,Euro Area,Total,93.645,Output Per Hour
2013.5,Euro Area,Total,93.774,Output Per Hour
2013.75,Euro Area,Total,93.756,Output Per Hour
2014.0,Euro Area,Total,94.012,Output Per Hour
2014.25,Euro Area,Total,94.221,Output Per Hour
2014.5,Euro Area,Total,94.494,Output Per Hour
2014.75,Euro Area,Total,94.461,Output Per Hour
2015.0,Euro Area,Total,95.429,Output Per Hour
2015.25,Euro Area,Total,95.335,Output Per Hour
2015.5,Euro Area,Total,95.444,Output Per Hour
2015.75,Euro Area,Total,95.669,Output Per Hour
2016.0,Euro Area,Total,95.317,Output Per Hour
2016.25,Euro Area,Total,95.358,Output Per Hour
2016.5,Euro Area,Total,95.683,Output Per Hour
2016.75,Euro Area,Total,96.202,Output Per Hour
2017.0,Euro Area,Total,96.452,Output Per Hour
2017.25,Euro Area,Total,96.729,Output Per Hour
2017.5,Euro Area,Total,97.058,Output Per Hour
2017.75,Euro Area,Total,97.386,Output Per Hour
2018.0,Euro Area,Total,97.419,Output Per Hour
2018.25,Euro Area,Total,97.007,Output Per Hour
2018.5,Euro Area,Total,96.738,Output Per Hour
2018.75,Euro Area,Total,97.131,Output Per Hour
2019.0,Euro Area,Total,97.225,Output Per Hour
2019.25,Euro Area,Total,97.909,Output Per Hour
2019.5,Euro Area,Total,97.726,Output Per Hour
2019.75,Euro Area,Total,97.782,Output Per Hour
2020.0,Euro Area,Total,98.69,Output Per Hour
2020.25,Euro Area,Total,101.773,Output Per Hour
2020.5,Euro Area,Total,99.353,Output Per Hour
2020.75,Euro Area,Total,100.184,Output Per Hour
2021.0,Euro Area,Total,100.603,Output Per Hour
2021.25,Euro Area,Total,99.713,Output Per Hour
2021.5,Euro Area,Total,100.046,Output Per Hour
2021.75,Euro Area,Total,100.095,Output Per Hour
2022.0,Euro Area,Total,99.59,Output Per Hour
2022.25,Euro Area,Total,99.94,Output Per Hour
2022.5,Euro Area,Total,100.165,Output Per Hour
2022.75,Euro Area,Total,99.684,Output Per Hour
2023.0,Euro Area,Total,99.057,Output Per Hour
2023.25,Euro Area,Total,99.185,Output Per Hour
2023.5,Euro Area,Total,98.808,Output Per Hour
2023.75,Euro Area,Total,98.686,Output Per Hour
2024.0,Euro Area,Total,98.755,Output Per Hour
2024.25,Euro Area,Total,98.871,Output Per Hour
2024.5,Euro Area,Total,99.244,Output Per Hour
2024.75,Euro Area,Total,99.04,Output Per Hour
2025.0,Euro Area,Total,99.817,Output Per Hour
1997.0,Spain,Total,85.676,Output Per Hour
1997.25,Spain,Total,86.69,Output Per Hour
1997.5,Spain,Total,86.244,Output Per Hour
1997.75,Spain,Total,86.167,Output Per Hour
1998.0,Spain,Total,86.886,Output Per Hour
1998.25,Spain,Total,85.918,Output Per Hour
1998.5,Spain,Total,84.338,Output Per Hour
1998.75,Spain,Total,85.628,Output Per Hour
1999.0,Spain,Total,85.509,Output Per Hour
1999.25,Spain,Total,83.885,Output Per Hour
1999.5,Spain,Total,86.161,Output Per Hour
1999.75,Spain,Total,85.54,Output Per Hour
2000.0,Spain,Total,85.062,Output Per Hour
2000.25,Spain,Total,85.616,Output Per Hour
2000.5,Spain,Total,86.001,Output Per Hour
2000.75,Spain,Total,85.729,Output Per Hour
2001.0,Spain,Total,85.33,Output Per Hour
2001.25,Spain,Total,85.775,Output Per Hour
2001.5,Spain,Total,85.596,Output Per Hour
2001.75,Spain,Total,85.785,Output Per Hour
2002.0,Spain,Total,85.412,Output Per Hour
2002.25,Spain,Total,85.977,Output Per Hour
2002.5,Spain,Total,86.172,Output Per Hour
2002.75,Spain,Total,85.593,Output Per Hour
2003.0,Spain,Total,86.224,Output Per Hour
2003.25,Spain,Total,86.282,Output Per Hour
2003.5,Spain,Total,86.233,Output Per Hour
2003.75,Spain,Total,85.431,Output Per Hour
2004.0,Spain,Total,86.038,Output Per Hour
2004.25,Spain,Total,86.134,Output Per Hour
2004.5,Spain,Total,86.711,Output Per Hour
2004.75,Spain,Total,86.382,Output Per Hour
2005.0,Spain,Total,87.052,Output Per Hour
2005.25,Spain,Total,85.927,Output Per Hour
2005.5,Spain,Total,86.7,Output Per Hour
2005.75,Spain,Total,86.673,Output Per Hour
2006.0,Spain,Total,86.337,Output Per Hour
2006.25,Spain,Total,87.178,Output Per Hour
2006.5,Spain,Total,86.881,Output Per Hour
2006.75,Spain,Total,87.852,Output Per Hour
2007.0,Spain,Total,87.59,Output Per Hour
2007.25,Spain,Total,87.889,Output Per Hour
2007.5,Spain,Total,87.9,Output Per Hour
2007.75,Spain,Total,88.35,Output Per Hour
2008.0,Spain,Total,87.873,Output Per Hour
2008.25,Spain,Total,87.832,Output Per Hour
2008.5,Spain,Total,88.78,Output Per Hour
2008.75,Spain,Total,87.574,Output Per Hour
2009.0,Spain,Total,88.729,Output Per Hour
2009.25,Spain,Total,89.951,Output Per Hour
2009.5,Spain,Total,90.609,Output Per Hour
2009.75,Spain,Total,91.055,Output Per Hour
2010.0,Spain,Total,92.131,Output Per Hour
2010.25,Spain,Total,91.23,Output Per Hour
2010.5,Spain,Total,92.254,Output Per Hour
2010.75,Spain,Total,93.436,Output Per Hour
2011.0,Spain,Total,92.629,Output Per Hour
2011.25,Spain,Total,93.803,Output Per Hour
2011.5,Spain,Total,93.805,Output Per Hour
2011.75,Spain,Total,94.389,Output Per Hour
2012.0,Spain,Total,94.826,Output Per Hour
2012.25,Spain,Total,95.384,Output Per Hour
2012.5,Spain,Total,95.686,Output Per Hour
2012.75,Spain,Total,96.407,Output Per Hour
2013.0,Spain,Total,96.595,Output Per Hour
2013.25,Spain,Total,97.09,Output Per Hour
2013.5,Spain,Total,97.206,Output Per Hour
2013.75,Spain,Total,96.934,Output Per Hour
2014.0,Spain,Total,97.357,Output Per Hour
2014.25,Spain,Total,97.156,Output Per Hour
2014.5,Spain,Total,97.694,Output Per Hour
2014.75,Spain,Total,97.46,Output Per Hour
2015.0,Spain,Total,98.604,Output Per Hour
2015.25,Spain,Total,98.318,Output Per Hour
2015.5,Spain,Total,98.276,Output Per Hour
2015.75,Spain,Total,98.5,Output Per Hour
2016.0,Spain,Total,98.392,Output Per Hour
2016.25,Spain,Total,98.666,Output Per Hour
2016.5,Spain,Total,98.789,Output Per Hour
2016.75,Spain,Total,99.233,Output Per Hour
2017.0,Spain,Total,99.015,Output Per Hour
2017.25,Spain,Total,99.592,Output Per Hour
2017.5,Spain,Total,99.523,Output Per Hour
2017.75,Spain,Total,99.868,Output Per Hour
2018.0,Spain,Total,99.677,Output Per Hour
2018.25,Spain,Total,99.317,Output Per Hour
2018.5,Spain,Total,99.032,Output Per Hour
2018.75,Spain,Total,99.698,Output Per Hour
2019.0,Spain,Total,98.866,Output Per Hour
2019.25,Spain,Total,99.915,Output Per Hour
2019.5,Spain,Total,99.706,Output Per Hour
2019.75,Spain,Total,100.155,Output Per Hour
2020.0,Spain,Total,100.395,Output Per Hour
2020.25,Spain,Total,105.411,Output Per Hour
2020.5,Spain,Total,97.199,Output Per Hour
2020.75,Spain,Total,96.995,Output Per Hour
2021.0,Spain,Total,100.56,Output Per Hour
2021.25,Spain,Total,97.196,Output Per Hour
2021.5,Spain,Total,98.835,Output Per Hour
2021.75,Spain,Total,100.247,Output Per Hour
2022.0,Spain,Total,99.537,Output Per Hour
2022.25,Spain,Total,100.266,Output Per Hour
2022.5,Spain,Total,100.789,Output Per Hour
2022.75,Spain,Total,101.562,Output Per Hour
2023.0,Spain,Total,100.985,Output Per Hour
2023.25,Spain,Total,101.731,Output Per Hour
2023.5,Spain,Total,100.8,Output Per Hour
2023.75,Spain,Total,101.127,Output Per Hour
2024.0,Spain,Total,102.334,Output Per Hour
2024.25,Spain,Total,102.248,Output Per Hour
2024.5,Spain,Total,102.85,Output Per Hour
2024.75,Spain,Total,102.018,Output Per Hour
2025.0,Spain,Total,103.301,Output Per Hour
2025.25,Spain,Total,103.792,Output Per Hour
1997.0,European Union,Total,73.801,Output Per Hour
1997.25,European Union,Total,74.582,Output Per Hour
1997.5,European Union,Total,74.864,Output Per Hour
1997.75,European Union,Total,75.493,Output Per Hour
1998.0,European Union,Total,75.946,Output Per Hour
1998.25,European Union,Total,75.877,Output Per Hour
1998.5,European Union,Total,76.03,Output Per Hour
1998.75,European Union,Total,76.269,Output Per Hour
1999.0,European Union,Total,77.021,Output Per Hour
1999.25,European Union,Total,76.963,Output Per Hour
1999.5,European Union,Total,78.058,Output Per Hour
1999.75,European Union,Total,78.654,Output Per Hour
2000.0,European Union,Total,79.223,Output Per Hour
2000.25,European Union,Total,80.077,Output Per Hour
2000.5,European Union,Total,80.431,Output Per Hour
2000.75,European Union,Total,80.474,Output Per Hour
2001.0,European Union,Total,81.146,Output Per Hour
2001.25,European Union,Total,81.762,Output Per Hour
2001.5,European Union,Total,81.977,Output Per Hour
2001.75,European Union,Total,82.004,Output Per Hour
2002.0,European Union,Total,82.925,Output Per Hour
2002.25,European Union,Total,82.94,Output Per Hour
2002.5,European Union,Total,83.563,Output Per Hour
2002.75,European Union,Total,83.849,Output Per Hour
2003.0,European Union,Total,83.875,Output Per Hour
2003.25,European Union,Total,83.736,Output Per Hour
2003.5,European Union,Total,84.229,Output Per Hour
2003.75,European Union,Total,84.721,Output Per Hour
2004.0,European Union,Total,85.567,Output Per Hour
2004.25,European Union,Total,85.566,Output Per Hour
2004.5,European Union,Total,85.768,Output Per Hour
2004.75,European Union,Total,85.939,Output Per Hour
2005.0,European Union,Total,86.312,Output Per Hour
2005.25,European Union,Total,86.197,Output Per Hour
2005.5,European Union,Total,86.993,Output Per Hour
2005.75,European Union,Total,86.991,Output Per Hour
2006.0,European Union,Total,87.515,Output Per Hour
2006.25,European Union,Total,88.085,Output Per Hour
2006.5,European Union,Total,87.909,Output Per Hour
2006.75,European Union,Total,88.443,Output Per Hour
2007.0,European Union,Total,88.496,Output Per Hour
2007.25,European Union,Total,88.823,Output Per Hour
2007.5,European Union,Total,88.88,Output Per Hour
2007.75,European Union,Total,89.187,Output Per Hour
2008.0,European Union,Total,89.196,Output Per Hour
2008.25,European Union,Total,88.969,Output Per Hour
2008.5,European Union,Total,88.925,Output Per Hour
2008.75,European Union,Total,87.698,Output Per Hour
2009.0,European Union,Total,86.545,Output Per Hour
2009.25,European Union,Total,87.267,Output Per Hour
2009.5,European Union,Total,88.093,Output Per Hour
2009.75,European Union,Total,88.871,Output Per Hour
2010.0,European Union,Total,89.354,Output Per Hour
2010.25,European Union,Total,90.003,Output Per Hour
2010.5,European Union,Total,90.475,Output Per Hour
2010.75,European Union,Total,91.183,Output Per Hour
2011.0,European Union,Total,91.503,Output Per Hour
2011.25,European Union,Total,91.915,Output Per Hour
2011.5,European Union,Total,92.217,Output Per Hour
2011.75,European Union,Total,92.069,Output Per Hour
2012.0,European Union,Total,92.169,Output Per Hour
2012.25,European Union,Total,92.364,Output Per Hour
2012.5,European Union,Total,92.482,Output Per Hour
2012.75,European Union,Total,92.463,Output Per Hour
2013.0,European Union,Total,92.809,Output Per Hour
2013.25,European Union,Total,93.105,Output Per Hour
2013.5,European Union,Total,93.347,Output Per Hour
2013.75,European Union,Total,93.224,Output Per Hour
2014.0,European Union,Total,93.455,Output Per Hour
2014.25,European Union,Total,93.738,Output Per Hour
2014.5,European Union,Total,93.95,Output Per Hour
2014.75,European Union,Total,93.994,Output Per Hour
2015.0,European Union,Total,95.15,Output Per Hour
2015.25,European Union,Total,95.07,Output Per Hour
2015.5,European Union,Total,95.074,Output Per Hour
2015.75,European Union,Total,95.506,Output Per Hour
2016.0,European Union,Total,95.186,Output Per Hour
2016.25,European Union,Total,95.143,Output Per Hour
2016.5,European Union,Total,95.713,Output Per Hour
2016.75,European Union,Total,96.161,Output Per Hour
2017.0,European Union,Total,96.439,Output Per Hour
2017.25,European Union,Total,96.828,Output Per Hour
2017.5,European Union,Total,97.288,Output Per Hour
2017.75,European Union,Total,97.788,Output Per Hour
2018.0,European Union,Total,97.978,Output Per Hour
2018.25,European Union,Total,97.688,Output Per Hour
2018.5,European Union,Total,97.613,Output Per Hour
2018.75,European Union,Total,98.192,Output Per Hour
2019.0,European Union,Total,98.091,Output Per Hour
2019.25,European Union,Total,98.759,Output Per Hour
2019.5,European Union,Total,98.609,Output Per Hour
2019.75,European Union,Total,98.888,Output Per Hour
2020.0,European Union,Total,99.486,Output Per Hour
2020.25,European Union,Total,100.541,Output Per Hour
2020.5,European Union,Total,99.509,Output Per Hour
2020.75,European Union,Total,100.464,Output Per Hour
2021.0,European Union,Total,100.718,Output Per Hour
2021.25,European Union,Total,100.121,Output Per Hour
2021.5,European Union,Total,100.585,Output Per Hour
2021.75,European Union,Total,100.902,Output Per Hour
2022.0,European Union,Total,100.652,Output Per Hour
2022.25,European Union,Total,100.883,Output Per Hour
2022.5,European Union,Total,101.295,Output Per Hour
2022.75,European Union,Total,100.711,Output Per Hour
2023.0,European Union,Total,100.064,Output Per Hour
2023.25,European Union,Total,100.353,Output Per Hour
2023.5,European Union,Total,100.176,Output Per Hour
2023.75,European Union,Total,100.025,Output Per Hour
2024.0,European Union,Total,100.143,Output Per Hour
2024.25,European Union,Total,100.429,Output Per Hour
2024.5,European Union,Total,101.021,Output Per Hour
2024.75,European Union,Total,100.97,Output Per Hour
2025.0,European Union,Total,101.752,Output Per Hour
1997.0,Finland,Total,73.289,Output Per Hour
1997.25,Finland,Total,73.548,Output Per Hour
1997.5,Finland,Total,74.912,Output Per Hour
1997.75,Finland,Total,76.176,Output Per Hour
1998.0,Finland,Total,75.567,Output Per Hour
1998.25,Finland,Total,78.022,Output Per Hour
1998.5,Finland,Total,77.827,Output Per Hour
1998.75,Finland,Total,78.507,Output Per Hour
1999.0,Finland,Total,79.215,Output Per Hour
1999.25,Finland,Total,78.636,Output Per Hour
1999.5,Finland,Total,80.362,Output Per Hour
1999.75,Finland,Total,78.868,Output Per Hour
2000.0,Finland,Total,82.136,Output Per Hour
2000.25,Finland,Total,82.479,Output Per Hour
2000.5,Finland,Total,82.039,Output Per Hour
2000.75,Finland,Total,84.069,Output Per Hour
2001.0,Finland,Total,84.653,Output Per Hour
2001.25,Finland,Total,83.595,Output Per Hour
2001.5,Finland,Total,84.765,Output Per Hour
2001.75,Finland,Total,84.191,Output Per Hour
2002.0,Finland,Total,84.502,Output Per Hour
2002.25,Finland,Total,84.826,Output Per Hour
2002.5,Finland,Total,85.037,Output Per Hour
2002.75,Finland,Total,85.822,Output Per Hour
2003.0,Finland,Total,86.074,Output Per Hour
2003.25,Finland,Total,86.352,Output Per Hour
2003.5,Finland,Total,87.32,Output Per Hour
2003.75,Finland,Total,87.713,Output Per Hour
2004.0,Finland,Total,88.733,Output Per Hour
2004.25,Finland,Total,88.709,Output Per Hour
2004.5,Finland,Total,90.284,Output Per Hour
2004.75,Finland,Total,91.492,Output Per Hour
2005.0,Finland,Total,92.294,Output Per Hour
2005.25,Finland,Total,91.409,Output Per Hour
2005.5,Finland,Total,91.167,Output Per Hour
2005.75,Finland,Total,91.101,Output Per Hour
2006.0,Finland,Total,92.855,Output Per Hour
2006.25,Finland,Total,93.427,Output Per Hour
2006.5,Finland,Total,93.264,Output Per Hour
2006.75,Finland,Total,95.3,Output Per Hour
2007.0,Finland,Total,96.083,Output Per Hour
2007.25,Finland,Total,96.129,Output Per Hour
2007.5,Finland,Total,97.855,Output Per Hour
2007.75,Finland,Total,96.998,Output Per Hour
2008.0,Finland,Total,97.016,Output Per Hour
2008.25,Finland,Total,96.14,Output Per Hour
2008.5,Finland,Total,95.582,Output Per Hour
2008.75,Finland,Total,93.844,Output Per Hour
2009.0,Finland,Total,90.834,Output Per Hour
2009.25,Finland,Total,90.738,Output Per Hour
2009.5,Finland,Total,91.745,Output Per Hour
2009.75,Finland,Total,92.225,Output Per Hour
2010.0,Finland,Total,92.041,Output Per Hour
2010.25,Finland,Total,94.913,Output Per Hour
2010.5,Finland,Total,95.38,Output Per Hour
2010.75,Finland,Total,96.249,Output Per Hour
2011.0,Finland,Total,97.129,Output Per Hour
2011.25,Finland,Total,95.081,Output Per Hour
2011.5,Finland,Total,96.114,Output Per Hour
2011.75,Finland,Total,95.478,Output Per Hour
2012.0,Finland,Total,94.904,Output Per Hour
2012.25,Finland,Total,95.049,Output Per Hour
2012.5,Finland,Total,94.227,Output Per Hour
2012.75,Finland,Total,94.257,Output Per Hour
2013.0,Finland,Total,93.937,Output Per Hour
2013.25,Finland,Total,94.298,Output Per Hour
2013.5,Finland,Total,95.918,Output Per Hour
2013.75,Finland,Total,95.433,Output Per Hour
2014.0,Finland,Total,95.35,Output Per Hour
2014.25,Finland,Total,95.318,Output Per Hour
2014.5,Finland,Total,95.267,Output Per Hour
2014.75,Finland,Total,94.871,Output Per Hour
2015.0,Finland,Total,94.788,Output Per Hour
2015.25,Finland,Total,95.972,Output Per Hour
2015.5,Finland,Total,94.97,Output Per Hour
2015.75,Finland,Total,96.028,Output Per Hour
2016.0,Finland,Total,96.731,Output Per Hour
2016.25,Finland,Total,96.348,Output Per Hour
2016.5,Finland,Total,97.249,Output Per Hour
2016.75,Finland,Total,99.159,Output Per Hour
2017.0,Finland,Total,99.053,Output Per Hour
2017.25,Finland,Total,100.605,Output Per Hour
2017.5,Finland,Total,100.868,Output Per Hour
2017.75,Finland,Total,100.995,Output Per Hour
2018.0,Finland,Total,100.217,Output Per Hour
2018.25,Finland,Total,99.392,Output Per Hour
2018.5,Finland,Total,98.712,Output Per Hour
2018.75,Finland,Total,98.167,Output Per Hour
2019.0,Finland,Total,99.046,Output Per Hour
2019.25,Finland,Total,99.395,Output Per Hour
2019.5,Finland,Total,100.374,Output Per Hour
2019.75,Finland,Total,99.806,Output Per Hour
2020.0,Finland,Total,99.704,Output Per Hour
2020.25,Finland,Total,99.637,Output Per Hour
2020.5,Finland,Total,99.78,Output Per Hour
2020.75,Finland,Total,100.879,Output Per Hour
2021.0,Finland,Total,100.414,Output Per Hour
2021.25,Finland,Total,100.64,Output Per Hour
2021.5,Finland,Total,100.583,Output Per Hour
2021.75,Finland,Total,100.354,Output Per Hour
2022.0,Finland,Total,99.457,Output Per Hour
2022.25,Finland,Total,99.431,Output Per Hour
2022.5,Finland,Total,98.085,Output Per Hour
2022.75,Finland,Total,98.021,Output Per Hour
2023.0,Finland,Total,97.212,Output Per Hour
2023.25,Finland,Total,97.866,Output Per Hour
2023.5,Finland,Total,97.545,Output Per Hour
2023.75,Finland,Total,98.273,Output Per Hour
2024.0,Finland,Total,97.302,Output Per Hour
2024.25,Finland,Total,98.715,Output Per Hour
2024.5,Finland,Total,99.971,Output Per Hour
2024.75,Finland,Total,100.084,Output Per Hour
2025.0,Finland,Total,101.427,Output Per Hour
2025.25,Finland,Total,100.81,Output Per Hour
1997.0,France,Total,77.991,Output Per Hour
1997.25,France,Total,78.664,Output Per Hour
1997.5,France,Total,79.31,Output Per Hour
1997.75,France,Total,79.934,Output Per Hour
1998.0,France,Total,80.488,Output Per Hour
1998.25,France,Total,80.77,Output Per Hour
1998.5,France,Total,80.728,Output Per Hour
1998.75,France,Total,81.052,Output Per Hour
1999.0,France,Total,81.229,Output Per Hour
1999.25,France,Total,81.027,Output Per Hour
1999.5,France,Total,81.743,Output Per Hour
1999.75,France,Total,82.53,Output Per Hour
2000.0,France,Total,83.192,Output Per Hour
2000.25,France,Total,83.832,Output Per Hour
2000.5,France,Total,83.945,Output Per Hour
2000.75,France,Total,84.033,Output Per Hour
2001.0,France,Total,84.79,Output Per Hour
2001.25,France,Total,85.19,Output Per Hour
2001.5,France,Total,85.993,Output Per Hour
2001.75,France,Total,85.772,Output Per Hour
2002.0,France,Total,86.82,Output Per Hour
2002.25,France,Total,87.659,Output Per Hour
2002.5,France,Total,88.075,Output Per Hour
2002.75,France,Total,88.016,Output Per Hour
2003.0,France,Total,88.057,Output Per Hour
2003.25,France,Total,87.613,Output Per Hour
2003.5,France,Total,88.491,Output Per Hour
2003.75,France,Total,88.743,Output Per Hour
2004.0,France,Total,89.688,Output Per Hour
2004.25,France,Total,89.947,Output Per Hour
2004.5,France,Total,90.034,Output Per Hour
2004.75,France,Total,90.556,Output Per Hour
2005.0,France,Total,90.028,Output Per Hour
2005.25,France,Total,89.976,Output Per Hour
2005.5,France,Total,90.437,Output Per Hour
2005.75,France,Total,90.951,Output Per Hour
2006.0,France,Total,91.839,Output Per Hour
2006.25,France,Total,92.692,Output Per Hour
2006.5,France,Total,92.319,Output Per Hour
2006.75,France,Total,92.227,Output Per Hour
2007.0,France,Total,92.346,Output Per Hour
2007.25,France,Total,92.353,Output Per Hour
2007.5,France,Total,92.188,Output Per Hour
2007.75,France,Total,92.119,Output Per Hour
2008.0,France,Total,92.969,Output Per Hour
2008.25,France,Total,92.377,Output Per Hour
2008.5,France,Total,92.253,Output Per Hour
2008.75,France,Total,91.386,Output Per Hour
2009.0,France,Total,90.205,Output Per Hour
2009.25,France,Total,90.788,Output Per Hour
2009.5,France,Total,91.118,Output Per Hour
2009.75,France,Total,91.772,Output Per Hour
2010.0,France,Total,92.224,Output Per Hour
2010.25,France,Total,92.259,Output Per Hour
2010.5,France,Total,92.766,Output Per Hour
2010.75,France,Total,92.874,Output Per Hour
2011.0,France,Total,93.651,Output Per Hour
2011.25,France,Total,93.407,Output Per Hour
2011.5,France,Total,93.654,Output Per Hour
2011.75,France,Total,93.968,Output Per Hour
2012.0,France,Total,93.843,Output Per Hour
2012.25,France,Total,93.656,Output Per Hour
2012.5,France,Total,94.028,Output Per Hour
2012.75,France,Total,94.123,Output Per Hour
2013.0,France,Total,94.252,Output Per Hour
2013.25,France,Total,95.134,Output Per Hour
2013.5,France,Total,94.752,Output Per Hour
2013.75,France,Total,95.257,Output Per Hour
2014.0,France,Total,95.273,Output Per Hour
2014.25,France,Total,95.57,Output Per Hour
2014.5,France,Total,96.192,Output Per Hour
2014.75,France,Total,96.075,Output Per Hour
2015.0,France,Total,96.634,Output Per Hour
2015.25,France,Total,96.747,Output Per Hour
2015.5,France,Total,96.829,Output Per Hour
2015.75,France,Total,97.013,Output Per Hour
2016.0,France,Total,97.315,Output Per Hour
2016.25,France,Total,96.925,Output Per Hour
2016.5,France,Total,96.954,Output Per Hour
2016.75,France,Total,97.473,Output Per Hour
2017.0,France,Total,97.682,Output Per Hour
2017.25,France,Total,98.083,Output Per Hour
2017.5,France,Total,98.659,Output Per Hour
2017.75,France,Total,98.916,Output Per Hour
2018.0,France,Total,98.56,Output Per Hour
2018.25,France,Total,98.646,Output Per Hour
2018.5,France,Total,98.75,Output Per Hour
2018.75,France,Total,99.209,Output Per Hour
2019.0,France,Total,99.357,Output Per Hour
2019.25,France,Total,99.399,Output Per Hour
2019.5,France,Total,99.081,Output Per Hour
2019.75,France,Total,98.416,Output Per Hour
2020.0,France,Total,96.974,Output Per Hour
2020.25,France,Total,104.1,Output Per Hour
2020.5,France,Total,98.472,Output Per Hour
2020.75,France,Total,100.454,Output Per Hour
2021.0,France,Total,99.816,Output Per Hour
2021.25,France,Total,99.483,Output Per Hour
2021.5,France,Total,97.616,Output Per Hour
2021.75,France,Total,97.163,Output Per Hour
2022.0,France,Total,97.476,Output Per Hour
2022.25,France,Total,96.66,Output Per Hour
2022.5,France,Total,96.828,Output Per Hour
2022.75,France,Total,96.584,Output Per Hour
2023.0,France,Total,95.915,Output Per Hour
2023.25,France,Total,96.337,Output Per Hour
2023.5,France,Total,96.375,Output Per Hour
2023.75,France,Total,96.474,Output Per Hour
2024.0,France,Total,96.399,Output Per Hour
2024.25,France,Total,96.448,Output Per Hour
2024.5,France,Total,96.734,Output Per Hour
2024.75,France,Total,96.868,Output Per Hour
2025.0,France,Total,97.429,Output Per Hour
1997.0,Ireland,Total,35.447,Output Per Hour
1997.25,Ireland,Total,37.118,Output Per Hour
1997.5,Ireland,Total,37.401,Output Per Hour
1997.75,Ireland,Total,38.244,Output Per Hour
1998.0,Ireland,Total,38.988,Output Per Hour
1998.25,Ireland,Total,39.536,Output Per Hour
1998.5,Ireland,Total,40.071,Output Per Hour
1998.75,Ireland,Total,39.22,Output Per Hour
1999.0,Ireland,Total,40.255,Output Per Hour
1999.25,Ireland,Total,40.334,Output Per Hour
1999.5,Ireland,Total,41.47,Output Per Hour
1999.75,Ireland,Total,42.353,Output Per Hour
2000.0,Ireland,Total,42.851,Output Per Hour
2000.25,Ireland,Total,42.898,Output Per Hour
2000.5,Ireland,Total,43.58,Output Per Hour
2000.75,Ireland,Total,43.854,Output Per Hour
2001.0,Ireland,Total,45.343,Output Per Hour
2001.25,Ireland,Total,44.997,Output Per Hour
2001.5,Ireland,Total,44.59,Output Per Hour
2001.75,Ireland,Total,45.051,Output Per Hour
2002.0,Ireland,Total,47.076,Output Per Hour
2002.25,Ireland,Total,46.72,Output Per Hour
2002.5,Ireland,Total,47.612,Output Per Hour
2002.75,Ireland,Total,48.325,Output Per Hour
2003.0,Ireland,Total,48.146,Output Per Hour
2003.25,Ireland,Total,48.285,Output Per Hour
2003.5,Ireland,Total,48.44,Output Per Hour
2003.75,Ireland,Total,50.688,Output Per Hour
2004.0,Ireland,Total,50.979,Output Per Hour
2004.25,Ireland,Total,51.479,Output Per Hour
2004.5,Ireland,Total,49.94,Output Per Hour
2004.75,Ireland,Total,51.53,Output Per Hour
2005.0,Ireland,Total,51.47,Output Per Hour
2005.25,Ireland,Total,51.341,Output Per Hour
2005.5,Ireland,Total,50.965,Output Per Hour
2005.75,Ireland,Total,51.973,Output Per Hour
2006.0,Ireland,Total,52.454,Output Per Hour
2006.25,Ireland,Total,52.583,Output Per Hour
2006.5,Ireland,Total,52.289,Output Per Hour
2006.75,Ireland,Total,51.59,Output Per Hour
2007.0,Ireland,Total,54.632,Output Per Hour
2007.25,Ireland,Total,53.803,Output Per Hour
2007.5,Ireland,Total,52.245,Output Per Hour
2007.75,Ireland,Total,53.072,Output Per Hour
2008.0,Ireland,Total,54.169,Output Per Hour
2008.25,Ireland,Total,51.998,Output Per Hour
2008.5,Ireland,Total,53.483,Output Per Hour
2008.75,Ireland,Total,51.132,Output Per Hour
2009.0,Ireland,Total,54.949,Output Per Hour
2009.25,Ireland,Total,56.404,Output Per Hour
2009.5,Ireland,Total,56.683,Output Per Hour
2009.75,Ireland,Total,57.998,Output Per Hour
2010.0,Ireland,Total,57.164,Output Per Hour
2010.25,Ireland,Total,59.344,Output Per Hour
2010.5,Ireland,Total,60.932,Output Per Hour
2010.75,Ireland,Total,62.621,Output Per Hour
2011.0,Ireland,Total,61.161,Output Per Hour
2011.25,Ireland,Total,62.318,Output Per Hour
2011.5,Ireland,Total,62.783,Output Per Hour
2011.75,Ireland,Total,61.765,Output Per Hour
2012.0,Ireland,Total,61.12,Output Per Hour
2012.25,Ireland,Total,64.116,Output Per Hour
2012.5,Ireland,Total,62.344,Output Per Hour
2012.75,Ireland,Total,61.171,Output Per Hour
2013.0,Ireland,Total,60.519,Output Per Hour
2013.25,Ireland,Total,61.095,Output Per Hour
2013.5,Ireland,Total,62.523,Output Per Hour
2013.75,Ireland,Total,60.278,Output Per Hour
2014.0,Ireland,Total,63.887,Output Per Hour
2014.25,Ireland,Total,65.439,Output Per Hour
2014.5,Ireland,Total,65.814,Output Per Hour
2014.75,Ireland,Total,63.88,Output Per Hour
2015.0,Ireland,Total,79.11,Output Per Hour
2015.25,Ireland,Total,76.398,Output Per Hour
2015.5,Ireland,Total,78.58,Output Per Hour
2015.75,Ireland,Total,79.815,Output Per Hour
2016.0,Ireland,Total,74.201,Output Per Hour
2016.25,Ireland,Total,72.606,Output Per Hour
2016.5,Ireland,Total,73.148,Output Per Hour
2016.75,Ireland,Total,79.894,Output Per Hour
2017.0,Ireland,Total,76.878,Output Per Hour
2017.25,Ireland,Total,78.236,Output Per Hour
2017.5,Ireland,Total,79.478,Output Per Hour
2017.75,Ireland,Total,82.263,Output Per Hour
2018.0,Ireland,Total,83.276,Output Per Hour
2018.25,Ireland,Total,81.079,Output Per Hour
2018.5,Ireland,Total,82.718,Output Per Hour
2018.75,Ireland,Total,82.412,Output Per Hour
2019.0,Ireland,Total,81.499,Output Per Hour
2019.25,Ireland,Total,83.298,Output Per Hour
2019.5,Ireland,Total,84.561,Output Per Hour
2019.75,Ireland,Total,85.339,Output Per Hour
2020.0,Ireland,Total,90.156,Output Per Hour
2020.25,Ireland,Total,110.13,Output Per Hour
2020.5,Ireland,Total,99.941,Output Per Hour
2020.75,Ireland,Total,99.773,Output Per Hour
2021.0,Ireland,Total,112.994,Output Per Hour
2021.25,Ireland,Total,108.207,Output Per Hour
2021.5,Ireland,Total,105.29,Output Per Hour
2021.75,Ireland,Total,102.576,Output Per Hour
2022.0,Ireland,Total,103.149,Output Per Hour
2022.25,Ireland,Total,105.14,Output Per Hour
2022.5,Ireland,Total,107.954,Output Per Hour
2022.75,Ireland,Total,105.807,Output Per Hour
2023.0,Ireland,Total,101.431,Output Per Hour
2023.25,Ireland,Total,103.55,Output Per Hour
2023.5,Ireland,Total,100.352,Output Per Hour
2023.75,Ireland,Total,99.017,Output Per Hour
2024.0,Ireland,Total,98.116,Output Per Hour
2024.25,Ireland,Total,98.95,Output Per Hour
2024.5,Ireland,Total,102.252,Output Per Hour
2024.75,Ireland,Total,106.992,Output Per Hour
2025.0,Ireland,Total,115.482,Output Per Hour
1997.0,Italy,Total,91.429,Output Per Hour
1997.25,Italy,Total,91.227,Output Per Hour
1997.5,Italy,Total,91.839,Output Per Hour
1997.75,Italy,Total,92.988,Output Per Hour
1998.0,Italy,Total,92.318,Output Per Hour
1998.25,Italy,Total,92.118,Output Per Hour
1998.5,Italy,Total,92.259,Output Per Hour
1998.75,Italy,Total,91.69,Output Per Hour
1999.0,Italy,Total,93.01,Output Per Hour
1999.25,Italy,Total,91.688,Output Per Hour
1999.5,Italy,Total,92.889,Output Per Hour
1999.75,Italy,Total,93.677,Output Per Hour
2000.0,Italy,Total,94.39,Output Per Hour
2000.25,Italy,Total,94.783,Output Per Hour
2000.5,Italy,Total,95.036,Output Per Hour
2000.75,Italy,Total,96.017,Output Per Hour
2001.0,Italy,Total,95.609,Output Per Hour
2001.25,Italy,Total,96.512,Output Per Hour
2001.5,Italy,Total,96.104,Output Per Hour
2001.75,Italy,Total,95.244,Output Per Hour
2002.0,Italy,Total,95.234,Output Per Hour
2002.25,Italy,Total,95.096,Output Per Hour
2002.5,Italy,Total,95.166,Output Per Hour
2002.75,Italy,Total,95.627,Output Per Hour
2003.0,Italy,Total,94.524,Output Per Hour
2003.25,Italy,Total,94.366,Output Per Hour
2003.5,Italy,Total,94.365,Output Per Hour
2003.75,Italy,Total,94.691,Output Per Hour
2004.0,Italy,Total,95.567,Output Per Hour
2004.25,Italy,Total,96.158,Output Per Hour
2004.5,Italy,Total,95.834,Output Per Hour
2004.75,Italy,Total,95.87,Output Per Hour
2005.0,Italy,Total,95.508,Output Per Hour
2005.25,Italy,Total,95.773,Output Per Hour
2005.5,Italy,Total,97.038,Output Per Hour
2005.75,Italy,Total,96.308,Output Per Hour
2006.0,Italy,Total,96.019,Output Per Hour
2006.25,Italy,Total,95.426,Output Per Hour
2006.5,Italy,Total,95.463,Output Per Hour
2006.75,Italy,Total,95.962,Output Per Hour
2007.0,Italy,Total,96.226,Output Per Hour
2007.25,Italy,Total,96.39,Output Per Hour
2007.5,Italy,Total,95.476,Output Per Hour
2007.75,Italy,Total,95.549,Output Per Hour
2008.0,Italy,Total,96.037,Output Per Hour
2008.25,Italy,Total,96.001,Output Per Hour
2008.5,Italy,Total,94.889,Output Per Hour
2008.75,Italy,Total,93.756,Output Per Hour
2009.0,Italy,Total,93.046,Output Per Hour
2009.25,Italy,Total,93.062,Output Per Hour
2009.5,Italy,Total,93.9,Output Per Hour
2009.75,Italy,Total,94.161,Output Per Hour
2010.0,Italy,Total,94.062,Output Per Hour
2010.25,Italy,Total,95.607,Output Per Hour
2010.5,Italy,Total,96.086,Output Per Hour
2010.75,Italy,Total,96.648,Output Per Hour
2011.0,Italy,Total,96.285,Output Per Hour
2011.25,Italy,Total,96.165,Output Per Hour
2011.5,Italy,Total,95.97,Output Per Hour
2011.75,Italy,Total,95.583,Output Per Hour
2012.0,Italy,Total,95.761,Output Per Hour
2012.25,Italy,Total,95.191,Output Per Hour
2012.5,Italy,Total,94.879,Output Per Hour
2012.75,Italy,Total,95.598,Output Per Hour
2013.0,Italy,Total,95.922,Output Per Hour
2013.25,Italy,Total,96.102,Output Per Hour
2013.5,Italy,Total,96.208,Output Per Hour
2013.75,Italy,Total,96.363,Output Per Hour
2014.0,Italy,Total,96.089,Output Per Hour
2014.25,Italy,Total,96.262,Output Per Hour
2014.5,Italy,Total,96.125,Output Per Hour
2014.75,Italy,Total,95.719,Output Per Hour
2015.0,Italy,Total,96.451,Output Per Hour
2015.25,Italy,Total,96.477,Output Per Hour
2015.5,Italy,Total,96.287,Output Per Hour
2015.75,Italy,Total,96.505,Output Per Hour
2016.0,Italy,Total,95.008,Output Per Hour
2016.25,Italy,Total,95.564,Output Per Hour
2016.5,Italy,Total,96.42,Output Per Hour
2016.75,Italy,Total,96.234,Output Per Hour
2017.0,Italy,Total,96.453,Output Per Hour
2017.25,Italy,Total,96.022,Output Per Hour
2017.5,Italy,Total,96.234,Output Per Hour
2017.75,Italy,Total,95.918,Output Per Hour
2018.0,Italy,Total,96.791,Output Per Hour
2018.25,Italy,Total,95.914,Output Per Hour
2018.5,Italy,Total,95.97,Output Per Hour
2018.75,Italy,Total,96.566,Output Per Hour
2019.0,Italy,Total,96.02,Output Per Hour
2019.25,Italy,Total,97.133,Output Per Hour
2019.5,Italy,Total,96.647,Output Per Hour
2019.75,Italy,Total,96.888,Output Per Hour
2020.0,Italy,Total,99.277,Output Per Hour
2020.25,Italy,Total,103.485,Output Per Hour
2020.5,Italy,Total,98.21,Output Per Hour
2020.75,Italy,Total,99.028,Output Per Hour
2021.0,Italy,Total,99.358,Output Per Hour
2021.25,Italy,Total,98.977,Output Per Hour
2021.5,Italy,Total,97.711,Output Per Hour
2021.75,Italy,Total,98.83,Output Per Hour
2022.0,Italy,Total,98.886,Output Per Hour
2022.25,Italy,Total,99.169,Output Per Hour
2022.5,Italy,Total,99.535,Output Per Hour
2022.75,Italy,Total,98.188,Output Per Hour
2023.0,Italy,Total,97.647,Output Per Hour
2023.25,Italy,Total,97.525,Output Per Hour
2023.5,Italy,Total,96.94,Output Per Hour
2023.75,Italy,Total,95.95,Output Per Hour
2024.0,Italy,Total,95.715,Output Per Hour
2024.25,Italy,Total,96.314,Output Per Hour
2024.5,Italy,Total,96.038,Output Per Hour
2024.75,Italy,Total,95.97,Output Per Hour
2025.0,Italy,Total,95.353,Output Per Hour
1997.0,Netherlands,Total,79.647,Output Per Hour
1997.25,Netherlands,Total,79.737,Output Per Hour
1997.5,Netherlands,Total,81.106,Output Per Hour
1997.75,Netherlands,Total,81.735,Output Per Hour
1998.0,Netherlands,Total,81.984,Output Per Hour
1998.25,Netherlands,Total,82.415,Output Per Hour
1998.5,Netherlands,Total,82.663,Output Per Hour
1998.75,Netherlands,Total,83.725,Output Per Hour
1999.0,Netherlands,Total,84.169,Output Per Hour
1999.25,Netherlands,Total,84.414,Output Per Hour
1999.5,Netherlands,Total,85.114,Output Per Hour
1999.75,Netherlands,Total,85.136,Output Per Hour
2000.0,Netherlands,Total,86.078,Output Per Hour
2000.25,Netherlands,Total,85.853,Output Per Hour
2000.5,Netherlands,Total,88.111,Output Per Hour
2000.75,Netherlands,Total,88.502,Output Per Hour
2001.0,Netherlands,Total,88.081,Output Per Hour
2001.25,Netherlands,Total,88.045,Output Per Hour
2001.5,Netherlands,Total,88.075,Output Per Hour
2001.75,Netherlands,Total,87.938,Output Per Hour
2002.0,Netherlands,Total,88.454,Output Per Hour
2002.25,Netherlands,Total,88.56,Output Per Hour
2002.5,Netherlands,Total,88.624,Output Per Hour
2002.75,Netherlands,Total,89.091,Output Per Hour
2003.0,Netherlands,Total,89.431,Output Per Hour
2003.25,Netherlands,Total,89.451,Output Per Hour
2003.5,Netherlands,Total,89.764,Output Per Hour
2003.75,Netherlands,Total,90.88,Output Per Hour
2004.0,Netherlands,Total,91.37,Output Per Hour
2004.25,Netherlands,Total,91.858,Output Per Hour
2004.5,Netherlands,Total,91.922,Output Per Hour
2004.75,Netherlands,Total,92.432,Output Per Hour
2005.0,Netherlands,Total,93.032,Output Per Hour
2005.25,Netherlands,Total,93.466,Output Per Hour
2005.5,Netherlands,Total,94.239,Output Per Hour
2005.75,Netherlands,Total,94.569,Output Per Hour
2006.0,Netherlands,Total,94.207,Output Per Hour
2006.25,Netherlands,Total,96.022,Output Per Hour
2006.5,Netherlands,Total,95.52,Output Per Hour
2006.75,Netherlands,Total,95.278,Output Per Hour
2007.0,Netherlands,Total,95.297,Output Per Hour
2007.25,Netherlands,Total,95.136,Output Per Hour
2007.5,Netherlands,Total,96.165,Output Per Hour
2007.75,Netherlands,Total,97.279,Output Per Hour
2008.0,Netherlands,Total,97.107,Output Per Hour
2008.25,Netherlands,Total,97.017,Output Per Hour
2008.5,Netherlands,Total,97.02,Output Per Hour
2008.75,Netherlands,Total,95.798,Output Per Hour
2009.0,Netherlands,Total,93.998,Output Per Hour
2009.25,Netherlands,Total,94.075,Output Per Hour
2009.5,Netherlands,Total,95.071,Output Per Hour
2009.75,Netherlands,Total,95.378,Output Per Hour
2010.0,Netherlands,Total,96.594,Output Per Hour
2010.25,Netherlands,Total,96.92,Output Per Hour
2010.5,Netherlands,Total,95.862,Output Per Hour
2010.75,Netherlands,Total,96.77,Output Per Hour
2011.0,Netherlands,Total,98.07,Output Per Hour
2011.25,Netherlands,Total,98.836,Output Per Hour
2011.5,Netherlands,Total,97.151,Output Per Hour
2011.75,Netherlands,Total,96.341,Output Per Hour
2012.0,Netherlands,Total,96.951,Output Per Hour
2012.25,Netherlands,Total,97.089,Output Per Hour
2012.5,Netherlands,Total,97.507,Output Per Hour
2012.75,Netherlands,Total,97.456,Output Per Hour
2013.0,Netherlands,Total,97.634,Output Per Hour
2013.25,Netherlands,Total,97.275,Output Per Hour
2013.5,Netherlands,Total,98.052,Output Per Hour
2013.75,Netherlands,Total,98.545,Output Per Hour
2014.0,Netherlands,Total,98.474,Output Per Hour
2014.25,Netherlands,Total,99.918,Output Per Hour
2014.5,Netherlands,Total,98.285,Output Per Hour
2014.75,Netherlands,Total,99.594,Output Per Hour
2015.0,Netherlands,Total,100.362,Output Per Hour
2015.25,Netherlands,Total,100.517,Output Per Hour
2015.5,Netherlands,Total,100.082,Output Per Hour
2015.75,Netherlands,Total,99.522,Output Per Hour
2016.0,Netherlands,Total,99.885,Output Per Hour
2016.25,Netherlands,Total,99.694,Output Per Hour
2016.5,Netherlands,Total,101.194,Output Per Hour
2016.75,Netherlands,Total,100.486,Output Per Hour
2017.0,Netherlands,Total,100.893,Output Per Hour
2017.25,Netherlands,Total,99.892,Output Per Hour
2017.5,Netherlands,Total,100.325,Output Per Hour
2017.75,Netherlands,Total,100.903,Output Per Hour
2018.0,Netherlands,Total,100.678,Output Per Hour
2018.25,Netherlands,Total,100.74,Output Per Hour
2018.5,Netherlands,Total,99.604,Output Per Hour
2018.75,Netherlands,Total,99.326,Output Per Hour
2019.0,Netherlands,Total,99.697,Output Per Hour
2019.25,Netherlands,Total,100.199,Output Per Hour
2019.5,Netherlands,Total,100.399,Output Per Hour
2019.75,Netherlands,Total,99.627,Output Per Hour
2020.0,Netherlands,Total,103.781,Output Per Hour
2020.25,Netherlands,Total,94.883,Output Per Hour
2020.5,Netherlands,Total,100.85,Output Per Hour
2020.75,Netherlands,Total,100.487,Output Per Hour
2021.0,Netherlands,Total,99.058,Output Per Hour
2021.25,Netherlands,Total,101.186,Output Per Hour
2021.5,Netherlands,Total,105.361,Output Per Hour
2021.75,Netherlands,Total,103.615,Output Per Hour
2022.0,Netherlands,Total,103.084,Output Per Hour
2022.25,Netherlands,Total,104.806,Output Per Hour
2022.5,Netherlands,Total,102.388,Output Per Hour
2022.75,Netherlands,Total,102.372,Output Per Hour
2023.0,Netherlands,Total,102.096,Output Per Hour
2023.25,Netherlands,Total,101.312,Output Per Hour
2023.5,Netherlands,Total,99.633,Output Per Hour
2023.75,Netherlands,Total,100.611,Output Per Hour
2024.0,Netherlands,Total,99.912,Output Per Hour
2024.25,Netherlands,Total,100.718,Output Per Hour
2024.5,Netherlands,Total,101.756,Output Per Hour
2024.75,Netherlands,Total,102.215,Output Per Hour
2025.0,Netherlands,Total,102.428,Output Per Hour
2025.25,Netherlands,Total,102.869,Output Per Hour
1997.0,Norway,Total,83.414,Output Per Hour
1997.25,Norway,Total,84.187,Output Per Hour
1997.5,Norway,Total,83.819,Output Per Hour
1997.75,Norway,Total,84.38,Output Per Hour
1998.0,Norway,Total,84.468,Output Per Hour
1998.25,Norway,Total,84.782,Output Per Hour
1998.5,Norway,Total,83.593,Output Per Hour
1998.75,Norway,Total,83.669,Output Per Hour
1999.0,Norway,Total,84.515,Output Per Hour
1999.25,Norway,Total,84.239,Output Per Hour
1999.5,Norway,Total,85.456,Output Per Hour
1999.75,Norway,Total,86.308,Output Per Hour
2000.0,Norway,Total,88.93,Output Per Hour
2000.25,Norway,Total,87.782,Output Per Hour
2000.5,Norway,Total,88.543,Output Per Hour
2000.75,Norway,Total,88.672,Output Per Hour
2001.0,Norway,Total,91.211,Output Per Hour
2001.25,Norway,Total,90.996,Output Per Hour
2001.5,Norway,Total,92.053,Output Per Hour
2001.75,Norway,Total,92.572,Output Per Hour
2002.0,Norway,Total,93.374,Output Per Hour
2002.25,Norway,Total,94.507,Output Per Hour
2002.5,Norway,Total,92.914,Output Per Hour
2002.75,Norway,Total,93.819,Output Per Hour
2003.0,Norway,Total,96.961,Output Per Hour
2003.25,Norway,Total,96.421,Output Per Hour
2003.5,Norway,Total,96.567,Output Per Hour
2003.75,Norway,Total,96.827,Output Per Hour
2004.0,Norway,Total,99.45,Output Per Hour
2004.25,Norway,Total,99.215,Output Per Hour
2004.5,Norway,Total,97.873,Output Per Hour
2004.75,Norway,Total,98.371,Output Per Hour
2005.0,Norway,Total,99.954,Output Per Hour
2005.25,Norway,Total,99.806,Output Per Hour
2005.5,Norway,Total,99.856,Output Per Hour
2005.75,Norway,Total,99.641,Output Per Hour
2006.0,Norway,Total,99.147,Output Per Hour
2006.25,Norway,Total,98.876,Output Per Hour
2006.5,Norway,Total,98.947,Output Per Hour
2006.75,Norway,Total,99.766,Output Per Hour
2007.0,Norway,Total,97.426,Output Per Hour
2007.25,Norway,Total,97.206,Output Per Hour
2007.5,Norway,Total,97.461,Output Per Hour
2007.75,Norway,Total,97.819,Output Per Hour
2008.0,Norway,Total,95.763,Output Per Hour
2008.25,Norway,Total,94.247,Output Per Hour
2008.5,Norway,Total,94.137,Output Per Hour
2008.75,Norway,Total,94.225,Output Per Hour
2009.0,Norway,Total,95.234,Output Per Hour
2009.25,Norway,Total,94.585,Output Per Hour
2009.5,Norway,Total,94.313,Output Per Hour
2009.75,Norway,Total,93.829,Output Per Hour
2010.0,Norway,Total,95.808,Output Per Hour
2010.25,Norway,Total,95.252,Output Per Hour
2010.5,Norway,Total,93.725,Output Per Hour
2010.75,Norway,Total,94.992,Output Per Hour
2011.0,Norway,Total,94.979,Output Per Hour
2011.25,Norway,Total,94.111,Output Per Hour
2011.5,Norway,Total,94.17,Output Per Hour
2011.75,Norway,Total,93.799,Output Per Hour
2012.0,Norway,Total,95.599,Output Per Hour
2012.25,Norway,Total,95.643,Output Per Hour
2012.5,Norway,Total,94.447,Output Per Hour
2012.75,Norway,Total,94.743,Output Per Hour
2013.0,Norway,Total,96.358,Output Per Hour
2013.25,Norway,Total,95.58,Output Per Hour
2013.5,Norway,Total,95.28,Output Per Hour
2013.75,Norway,Total,95.37,Output Per Hour
2014.0,Norway,Total,96.222,Output Per Hour
2014.25,Norway,Total,96.377,Output Per Hour
2014.5,Norway,Total,96.337,Output Per Hour
2014.75,Norway,Total,96.496,Output Per Hour
2015.0,Norway,Total,96.787,Output Per Hour
2015.25,Norway,Total,97.218,Output Per Hour
2015.5,Norway,Total,98.358,Output Per Hour
2015.75,Norway,Total,98.308,Output Per Hour
2016.0,Norway,Total,98.486,Output Per Hour
2016.25,Norway,Total,98.969,Output Per Hour
2016.5,Norway,Total,97.646,Output Per Hour
2016.75,Norway,Total,99.056,Output Per Hour
2017.0,Norway,Total,99.357,Output Per Hour
2017.25,Norway,Total,100.211,Output Per Hour
2017.5,Norway,Total,100.898,Output Per Hour
2017.75,Norway,Total,99.812,Output Per Hour
2018.0,Norway,Total,100.403,Output Per Hour
2018.25,Norway,Total,98.592,Output Per Hour
2018.5,Norway,Total,99.512,Output Per Hour
2018.75,Norway,Total,99.148,Output Per Hour
2019.0,Norway,Total,98.512,Output Per Hour
2019.25,Norway,Total,99.063,Output Per Hour
2019.5,Norway,Total,98.938,Output Per Hour
2019.75,Norway,Total,98.977,Output Per Hour
2020.0,Norway,Total,99.395,Output Per Hour
2020.25,Norway,Total,98.746,Output Per Hour
2020.5,Norway,Total,101.155,Output Per Hour
2020.75,Norway,Total,100.704,Output Per Hour
2021.0,Norway,Total,102.401,Output Per Hour
2021.25,Norway,Total,100.616,Output Per Hour
2021.5,Norway,Total,102.948,Output Per Hour
2021.75,Norway,Total,101.079,Output Per Hour
2022.0,Norway,Total,101.094,Output Per Hour
2022.25,Norway,Total,101.308,Output Per Hour
2022.5,Norway,Total,103.232,Output Per Hour
2022.75,Norway,Total,101.059,Output Per Hour
2023.0,Norway,Total,101.041,Output Per Hour
2023.25,Norway,Total,100.274,Output Per Hour
2023.5,Norway,Total,99.481,Output Per Hour
2023.75,Norway,Total,101.777,Output Per Hour
2024.0,Norway,Total,102.195,Output Per Hour
2024.25,Norway,Total,104.386,Output Per Hour
2024.5,Norway,Total,102.656,Output Per Hour
2024.75,Norway,Total,101.731,Output Per Hour
2025.0,Norway,Total,101.273,Output Per Hour
1997.0,Poland,Total,45.828,Output Per Hour
1997.25,Poland,Total,46.395,Output Per Hour
1997.5,Poland,Total,46.403,Output Per Hour
1997.75,Poland,Total,47.038,Output Per Hour
1998.0,Poland,Total,47.401,Output Per Hour
1998.25,Poland,Total,47.461,Output Per Hour
1998.5,Poland,Total,48.156,Output Per Hour
1998.75,Poland,Total,48.548,Output Per Hour
1999.0,Poland,Total,49.117,Output Per Hour
1999.25,Poland,Total,50.995,Output Per Hour
1999.5,Poland,Total,52.011,Output Per Hour
1999.75,Poland,Total,53.202,Output Per Hour
2000.0,Poland,Total,54.581,Output Per Hour
2000.25,Poland,Total,55.299,Output Per Hour
2000.5,Poland,Total,55.624,Output Per Hour
2000.75,Poland,Total,56.721,Output Per Hour
2001.0,Poland,Total,56.827,Output Per Hour
2001.25,Poland,Total,57.268,Output Per Hour
2001.5,Poland,Total,57.787,Output Per Hour
2001.75,Poland,Total,58.73,Output Per Hour
2002.0,Poland,Total,59.485,Output Per Hour
2002.25,Poland,Total,59.917,Output Per Hour
2002.5,Poland,Total,61.337,Output Per Hour
2002.75,Poland,Total,61.984,Output Per Hour
2003.0,Poland,Total,62.196,Output Per Hour
2003.25,Poland,Total,63.005,Output Per Hour
2003.5,Poland,Total,64.248,Output Per Hour
2003.75,Poland,Total,64.236,Output Per Hour
2004.0,Poland,Total,65.681,Output Per Hour
2004.25,Poland,Total,66.092,Output Per Hour
2004.5,Poland,Total,65.725,Output Per Hour
2004.75,Poland,Total,65.701,Output Per Hour
2005.0,Poland,Total,66.546,Output Per Hour
2005.25,Poland,Total,65.921,Output Per Hour
2005.5,Poland,Total,66.794,Output Per Hour
2005.75,Poland,Total,67.355,Output Per Hour
2006.0,Poland,Total,68.587,Output Per Hour
2006.25,Poland,Total,69.71,Output Per Hour
2006.5,Poland,Total,68.971,Output Per Hour
2006.75,Poland,Total,67.064,Output Per Hour
2007.0,Poland,Total,69.124,Output Per Hour
2007.25,Poland,Total,69.733,Output Per Hour
2007.5,Poland,Total,70.537,Output Per Hour
2007.75,Poland,Total,71.1,Output Per Hour
2008.0,Poland,Total,70.75,Output Per Hour
2008.25,Poland,Total,70.56,Output Per Hour
2008.5,Poland,Total,71.107,Output Per Hour
2008.75,Poland,Total,70.797,Output Per Hour
2009.0,Poland,Total,71.475,Output Per Hour
2009.25,Poland,Total,72.055,Output Per Hour
2009.5,Poland,Total,72.859,Output Per Hour
2009.75,Poland,Total,74.843,Output Per Hour
2010.0,Poland,Total,75.947,Output Per Hour
2010.25,Poland,Total,76.98,Output Per Hour
2010.5,Poland,Total,77.658,Output Per Hour
2010.75,Poland,Total,78.858,Output Per Hour
2011.0,Poland,Total,79.653,Output Per Hour
2011.25,Poland,Total,80.502,Output Per Hour
2011.5,Poland,Total,82.062,Output Per Hour
2011.75,Poland,Total,82.656,Output Per Hour
2012.0,Poland,Total,82.663,Output Per Hour
2012.25,Poland,Total,82.932,Output Per Hour
2012.5,Poland,Total,82.571,Output Per Hour
2012.75,Poland,Total,82.614,Output Per Hour
2013.0,Poland,Total,82.86,Output Per Hour
2013.25,Poland,Total,83.505,Output Per Hour
2013.5,Poland,Total,83.633,Output Per Hour
2013.75,Poland,Total,83.812,Output Per Hour
2014.0,Poland,Total,84.212,Output Per Hour
2014.25,Poland,Total,84.954,Output Per Hour
2014.5,Poland,Total,85.063,Output Per Hour
2014.75,Poland,Total,85.275,Output Per Hour
2015.0,Poland,Total,86.854,Output Per Hour
2015.25,Poland,Total,86.194,Output Per Hour
2015.5,Poland,Total,86.784,Output Per Hour
2015.75,Poland,Total,87.669,Output Per Hour
2016.0,Poland,Total,87.82,Output Per Hour
2016.25,Poland,Total,87.703,Output Per Hour
2016.5,Poland,Total,89.484,Output Per Hour
2016.75,Poland,Total,90.193,Output Per Hour
2017.0,Poland,Total,90.484,Output Per Hour
2017.25,Poland,Total,92.42,Output Per Hour
2017.5,Poland,Total,94.246,Output Per Hour
2017.75,Poland,Total,95.959,Output Per Hour
2018.0,Poland,Total,97.922,Output Per Hour
2018.25,Poland,Total,99.047,Output Per Hour
2018.5,Poland,Total,99.851,Output Per Hour
2018.75,Poland,Total,102.38,Output Per Hour
2019.0,Poland,Total,100.557,Output Per Hour
2019.25,Poland,Total,101.544,Output Per Hour
2019.5,Poland,Total,101.085,Output Per Hour
2019.75,Poland,Total,102.325,Output Per Hour
2020.0,Poland,Total,104.222,Output Per Hour
2020.25,Poland,Total,96.424,Output Per Hour
2020.5,Poland,Total,99.561,Output Per Hour
2020.75,Poland,Total,99.793,Output Per Hour
2021.0,Poland,Total,99.895,Output Per Hour
2021.25,Poland,Total,99.657,Output Per Hour
2021.5,Poland,Total,101.531,Output Per Hour
2021.75,Poland,Total,103.279,Output Per Hour
2022.0,Poland,Total,106.844,Output Per Hour
2022.25,Poland,Total,105.552,Output Per Hour
2022.5,Poland,Total,107.386,Output Per Hour
2022.75,Poland,Total,104.609,Output Per Hour
2023.0,Poland,Total,105.168,Output Per Hour
2023.25,Poland,Total,105.853,Output Per Hour
2023.5,Poland,Total,108.26,Output Per Hour
2023.75,Poland,Total,107.98,Output Per Hour
2024.0,Poland,Total,109.555,Output Per Hour
2024.25,Poland,Total,111.605,Output Per Hour
2024.5,Poland,Total,112.235,Output Per Hour
2024.75,Poland,Total,114.559,Output Per Hour
2025.0,Poland,Total,115.676,Output Per Hour
1997.0,Romania,Total,35.355,Output Per Hour
1997.25,Romania,Total,33.985,Output Per Hour
1997.5,Romania,Total,34.385,Output Per Hour
1997.75,Romania,Total,33.794,Output Per Hour
1998.0,Romania,Total,32.982,Output Per Hour
1998.25,Romania,Total,33.859,Output Per Hour
1998.5,Romania,Total,35.902,Output Per Hour
1998.75,Romania,Total,36.298,Output Per Hour
1999.0,Romania,Total,35.689,Output Per Hour
1999.25,Romania,Total,35.519,Output Per Hour
1999.5,Romania,Total,35.149,Output Per Hour
1999.75,Romania,Total,34.625,Output Per Hour
2000.0,Romania,Total,34.708,Output Per Hour
2000.25,Romania,Total,38.398,Output Per Hour
2000.5,Romania,Total,36.186,Output Per Hour
2000.75,Romania,Total,36.046,Output Per Hour
2001.0,Romania,Total,36.915,Output Per Hour
2001.25,Romania,Total,38.557,Output Per Hour
2001.5,Romania,Total,39.5,Output Per Hour
2001.75,Romania,Total,39.54,Output Per Hour
2002.0,Romania,Total,46.262,Output Per Hour
2002.25,Romania,Total,44.484,Output Per Hour
2002.5,Romania,Total,44.622,Output Per Hour
2002.75,Romania,Total,45.57,Output Per Hour
2003.0,Romania,Total,47.636,Output Per Hour
2003.25,Romania,Total,46.401,Output Per Hour
2003.5,Romania,Total,46.494,Output Per Hour
2003.75,Romania,Total,47.766,Output Per Hour
2004.0,Romania,Total,52.995,Output Per Hour
2004.25,Romania,Total,50.759,Output Per Hour
2004.5,Romania,Total,53.152,Output Per Hour
2004.75,Romania,Total,53.694,Output Per Hour
2005.0,Romania,Total,53.974,Output Per Hour
2005.25,Romania,Total,54.12,Output Per Hour
2005.5,Romania,Total,56.48,Output Per Hour
2005.75,Romania,Total,57.351,Output Per Hour
2006.0,Romania,Total,59.317,Output Per Hour
2006.25,Romania,Total,58.635,Output Per Hour
2006.5,Romania,Total,60.061,Output Per Hour
2006.75,Romania,Total,62.102,Output Per Hour
2007.0,Romania,Total,60.907,Output Per Hour
2007.25,Romania,Total,62.386,Output Per Hour
2007.5,Romania,Total,63.384,Output Per Hour
2007.75,Romania,Total,66.429,Output Per Hour
2008.0,Romania,Total,67.03,Output Per Hour
2008.25,Romania,Total,69.817,Output Per Hour
2008.5,Romania,Total,72.036,Output Per Hour
2008.75,Romania,Total,72.253,Output Per Hour
2009.0,Romania,Total,66.587,Output Per Hour
2009.25,Romania,Total,67.509,Output Per Hour
2009.5,Romania,Total,71.33,Output Per Hour
2009.75,Romania,Total,73.763,Output Per Hour
2010.0,Romania,Total,69.113,Output Per Hour
2010.25,Romania,Total,68.059,Output Per Hour
2010.5,Romania,Total,66.398,Output Per Hour
2010.75,Romania,Total,69.907,Output Per Hour
2011.0,Romania,Total,70.658,Output Per Hour
2011.25,Romania,Total,73.279,Output Per Hour
2011.5,Romania,Total,75.278,Output Per Hour
2011.75,Romania,Total,71.517,Output Per Hour
2012.0,Romania,Total,76.065,Output Per Hour
2012.25,Romania,Total,75.145,Output Per Hour
2012.5,Romania,Total,73.816,Output Per Hour
2012.75,Romania,Total,73.316,Output Per Hour
2013.0,Romania,Total,74.282,Output Per Hour
2013.25,Romania,Total,75.026,Output Per Hour
2013.5,Romania,Total,76.489,Output Per Hour
2013.75,Romania,Total,76.662,Output Per Hour
2014.0,Romania,Total,77.054,Output Per Hour
2014.25,Romania,Total,78.09,Output Per Hour
2014.5,Romania,Total,79.483,Output Per Hour
2014.75,Romania,Total,80.203,Output Per Hour
2015.0,Romania,Total,83.074,Output Per Hour
2015.25,Romania,Total,82.636,Output Per Hour
2015.5,Romania,Total,82.085,Output Per Hour
2015.75,Romania,Total,82.731,Output Per Hour
2016.0,Romania,Total,84.566,Output Per Hour
2016.25,Romania,Total,85.14,Output Per Hour
2016.5,Romania,Total,84.516,Output Per Hour
2016.75,Romania,Total,85.138,Output Per Hour
2017.0,Romania,Total,89.108,Output Per Hour
2017.25,Romania,Total,89.84,Output Per Hour
2017.5,Romania,Total,91.582,Output Per Hour
2017.75,Romania,Total,92.881,Output Per Hour
2018.0,Romania,Total,94.837,Output Per Hour
2018.25,Romania,Total,95.019,Output Per Hour
2018.5,Romania,Total,97.322,Output Per Hour
2018.75,Romania,Total,97.762,Output Per Hour
2019.0,Romania,Total,97.497,Output Per Hour
2019.25,Romania,Total,98.129,Output Per Hour
2019.5,Romania,Total,98.975,Output Per Hour
2019.75,Romania,Total,101.277,Output Per Hour
2020.0,Romania,Total,100.097,Output Per Hour
2020.25,Romania,Total,104.131,Output Per Hour
2020.5,Romania,Total,95.909,Output Per Hour
2020.75,Romania,Total,99.863,Output Per Hour
2021.0,Romania,Total,100.173,Output Per Hour
2021.25,Romania,Total,100.639,Output Per Hour
2021.5,Romania,Total,101.43,Output Per Hour
2021.75,Romania,Total,101.024,Output Per Hour
2022.0,Romania,Total,104.891,Output Per Hour
2022.25,Romania,Total,103.203,Output Per Hour
2022.5,Romania,Total,105.359,Output Per Hour
2022.75,Romania,Total,107.702,Output Per Hour
2023.0,Romania,Total,106.886,Output Per Hour
2023.25,Romania,Total,108.804,Output Per Hour
2023.5,Romania,Total,109.019,Output Per Hour
2023.75,Romania,Total,107.487,Output Per Hour
2024.0,Romania,Total,104.632,Output Per Hour
2024.25,Romania,Total,105.349,Output Per Hour
2024.5,Romania,Total,109.295,Output Per Hour
2024.75,Romania,Total,107.948,Output Per Hour
2025.0,Romania,Total,110.154,Output Per Hour
1997.0,Germany,Total,89.677,Output Per Worker
1997.25,Germany,Total,90.505,Output Per Worker
1997.5,Germany,Total,90.693,Output Per Worker
1997.75,Germany,Total,91.344,Output Per Worker
1998.0,Germany,Total,92.042,Output Per Worker
1998.25,Germany,Total,91.099,Output Per Worker
1998.5,Germany,Total,90.976,Output Per Worker
1998.75,Germany,Total,90.573,Output Per Worker
1999.0,Germany,Total,91.419,Output Per Worker
1999.25,Germany,Total,91.257,Output Per Worker
1999.5,Germany,Total,91.697,Output Per Worker
1999.75,Germany,Total,91.608,Output Per Worker
2000.0,Germany,Total,92.129,Output Per Worker
2000.25,Germany,Total,92.555,Output Per Worker
2000.5,Germany,Total,92.509,Output Per Worker
2000.75,Germany,Total,92.122,Output Per Worker
2001.0,Germany,Total,94.318,Output Per Worker
2001.25,Germany,Total,94.138,Output Per Worker
2001.5,Germany,Total,94.365,Output Per Worker
2001.75,Germany,Total,94.049,Output Per Worker
2002.0,Germany,Total,93.562,Output Per Worker
2002.25,Germany,Total,94.101,Output Per Worker
2002.5,Germany,Total,95.096,Output Per Worker
2002.75,Germany,Total,95.178,Output Per Worker
2003.0,Germany,Total,94.157,Output Per Worker
2003.25,Germany,Total,94.701,Output Per Worker
2003.5,Germany,Total,95.51,Output Per Worker
2003.75,Germany,Total,95.624,Output Per Worker
2004.0,Germany,Total,95.201,Output Per Worker
2004.25,Germany,Total,95.549,Output Per Worker
2004.5,Germany,Total,95.325,Output Per Worker
2004.75,Germany,Total,95.363,Output Per Worker
2005.0,Germany,Total,95.729,Output Per Worker
2005.25,Germany,Total,96.349,Output Per Worker
2005.5,Germany,Total,96.88,Output Per Worker
2005.75,Germany,Total,96.98,Output Per Worker
2006.0,Germany,Total,98.427,Output Per Worker
2006.25,Germany,Total,99.525,Output Per Worker
2006.5,Germany,Total,99.765,Output Per Worker
2006.75,Germany,Total,100.885,Output Per Worker
2007.0,Germany,Total,100.496,Output Per Worker
2007.25,Germany,Total,100.795,Output Per Worker
2007.5,Germany,Total,100.999,Output Per Worker
2007.75,Germany,Total,101.383,Output Per Worker
2008.0,Germany,Total,101.318,Output Per Worker
2008.25,Germany,Total,100.839,Output Per Worker
2008.5,Germany,Total,100.066,Output Per Worker
2008.75,Germany,Total,98.315,Output Per Worker
2009.0,Germany,Total,93.613,Output Per Worker
2009.25,Germany,Total,94.103,Output Per Worker
2009.5,Germany,Total,94.812,Output Per Worker
2009.75,Germany,Total,95.489,Output Per Worker
2010.0,Germany,Total,96.092,Output Per Worker
2010.25,Germany,Total,97.808,Output Per Worker
2010.5,Germany,Total,98.488,Output Per Worker
2010.75,Germany,Total,98.896,Output Per Worker
2011.0,Germany,Total,100.416,Output Per Worker
2011.25,Germany,Total,100.356,Output Per Worker
2011.5,Germany,Total,100.611,Output Per Worker
2011.75,Germany,Total,100.294,Output Per Worker
2012.0,Germany,Total,100.147,Output Per Worker
2012.25,Germany,Total,100.004,Output Per Worker
2012.5,Germany,Total,99.97,Output Per Worker
2012.75,Germany,Total,99.413,Output Per Worker
2013.0,Germany,Total,98.737,Output Per Worker
2013.25,Germany,Total,99.806,Output Per Worker
2013.5,Germany,Total,100.078,Output Per Worker
2013.75,Germany,Total,100.0,Output Per Worker
2014.0,Germany,Total,100.722,Output Per Worker
2014.25,Germany,Total,100.48,Output Per Worker
2014.5,Germany,Total,100.897,Output Per Worker
2014.75,Germany,Total,101.566,Output Per Worker
2015.0,Germany,Total,101.163,Output Per Worker
2015.25,Germany,Total,101.322,Output Per Worker
2015.5,Germany,Total,101.543,Output Per Worker
2015.75,Germany,Total,101.746,Output Per Worker
2016.0,Germany,Total,102.381,Output Per Worker
2016.25,Germany,Total,102.237,Output Per Worker
2016.5,Germany,Total,102.268,Output Per Worker
2016.75,Germany,Total,102.349,Output Per Worker
2017.0,Germany,Total,103.371,Output Per Worker
2017.25,Germany,Total,103.719,Output Per Worker
2017.5,Germany,Total,104.168,Output Per Worker
2017.75,Germany,Total,104.907,Output Per Worker
2018.0,Germany,Total,103.91,Output Per Worker
2018.25,Germany,Total,104.395,Output Per Worker
2018.5,Germany,Total,103.453,Output Per Worker
2018.75,Germany,Total,103.679,Output Per Worker
2019.0,Germany,Total,104.075,Output Per Worker
2019.25,Germany,Total,103.882,Output Per Worker
2019.5,Germany,Total,104.185,Output Per Worker
2019.75,Germany,Total,103.668,Output Per Worker
2020.0,Germany,Total,101.506,Output Per Worker
2020.25,Germany,Total,93.747,Output Per Worker
2020.5,Germany,Total,101.958,Output Per Worker
2020.75,Germany,Total,102.79,Output Per Worker
2021.0,Germany,Total,102.232,Output Per Worker
2021.25,Germany,Total,104.393,Output Per Worker
2021.5,Germany,Total,103.972,Output Per Worker
2021.75,Germany,Total,104.198,Output Per Worker
2022.0,Germany,Total,104.469,Output Per Worker
2022.25,Germany,Total,104.35,Output Per Worker
2022.5,Germany,Total,104.477,Output Per Worker
2022.75,Germany,Total,103.883,Output Per Worker
2023.0,Germany,Total,103.156,Output Per Worker
2023.25,Germany,Total,102.939,Output Per Worker
2023.5,Germany,Total,102.912,Output Per Worker
2023.75,Germany,Total,102.598,Output Per Worker
2024.0,Germany,Total,102.473,Output Per Worker
2024.25,Germany,Total,102.152,Output Per Worker
2024.5,Germany,Total,102.207,Output Per Worker
2024.75,Germany,Total,102.367,Output Per Worker
2025.0,Germany,Total,102.643,Output Per Worker
2025.25,Germany,Total,102.374,Output Per Worker
1997.0,Denmark,Total,81.907,Output Per Worker
1997.25,Denmark,Total,82.414,Output Per Worker
1997.5,Denmark,Total,82.034,Output Per Worker
1997.75,Denmark,Total,81.603,Output Per Worker
1998.0,Denmark,Total,83.24,Output Per Worker
1998.25,Denmark,Total,81.924,Output Per Worker
1998.5,Denmark,Total,82.89,Output Per Worker
1998.75,Denmark,Total,82.867,Output Per Worker
1999.0,Denmark,Total,83.761,Output Per Worker
1999.25,Denmark,Total,84.258,Output Per Worker
1999.5,Denmark,Total,84.181,Output Per Worker
1999.75,Denmark,Total,85.716,Output Per Worker
2000.0,Denmark,Total,85.813,Output Per Worker
2000.25,Denmark,Total,86.977,Output Per Worker
2000.5,Denmark,Total,86.826,Output Per Worker
2000.75,Denmark,Total,88.292,Output Per Worker
2001.0,Denmark,Total,86.148,Output Per Worker
2001.25,Denmark,Total,86.549,Output Per Worker
2001.5,Denmark,Total,87.408,Output Per Worker
2001.75,Denmark,Total,87.662,Output Per Worker
2002.0,Denmark,Total,87.134,Output Per Worker
2002.25,Denmark,Total,86.983,Output Per Worker
2002.5,Denmark,Total,87.531,Output Per Worker
2002.75,Denmark,Total,87.49,Output Per Worker
2003.0,Denmark,Total,88.152,Output Per Worker
2003.25,Denmark,Total,87.736,Output Per Worker
2003.5,Denmark,Total,88.0,Output Per Worker
2003.75,Denmark,Total,90.045,Output Per Worker
2004.0,Denmark,Total,90.903,Output Per Worker
2004.25,Denmark,Total,91.077,Output Per Worker
2004.5,Denmark,Total,91.488,Output Per Worker
2004.75,Denmark,Total,92.203,Output Per Worker
2005.0,Denmark,Total,91.325,Output Per Worker
2005.25,Denmark,Total,92.655,Output Per Worker
2005.5,Denmark,Total,92.432,Output Per Worker
2005.75,Denmark,Total,92.633,Output Per Worker
2006.0,Denmark,Total,92.721,Output Per Worker
2006.25,Denmark,Total,94.972,Output Per Worker
2006.5,Denmark,Total,93.915,Output Per Worker
2006.75,Denmark,Total,93.082,Output Per Worker
2007.0,Denmark,Total,92.083,Output Per Worker
2007.25,Denmark,Total,91.134,Output Per Worker
2007.5,Denmark,Total,92.772,Output Per Worker
2007.75,Denmark,Total,93.763,Output Per Worker
2008.0,Denmark,Total,92.434,Output Per Worker
2008.25,Denmark,Total,91.57,Output Per Worker
2008.5,Denmark,Total,90.59,Output Per Worker
2008.75,Denmark,Total,89.069,Output Per Worker
2009.0,Denmark,Total,88.879,Output Per Worker
2009.25,Denmark,Total,88.522,Output Per Worker
2009.5,Denmark,Total,89.207,Output Per Worker
2009.75,Denmark,Total,90.171,Output Per Worker
2010.0,Denmark,Total,92.028,Output Per Worker
2010.25,Denmark,Total,92.397,Output Per Worker
2010.5,Denmark,Total,93.562,Output Per Worker
2010.75,Denmark,Total,93.056,Output Per Worker
2011.0,Denmark,Total,93.94,Output Per Worker
2011.25,Denmark,Total,94.694,Output Per Worker
2011.5,Denmark,Total,93.472,Output Per Worker
2011.75,Denmark,Total,94.235,Output Per Worker
2012.0,Denmark,Total,94.43,Output Per Worker
2012.25,Denmark,Total,94.674,Output Per Worker
2012.5,Denmark,Total,94.957,Output Per Worker
2012.75,Denmark,Total,94.912,Output Per Worker
2013.0,Denmark,Total,95.658,Output Per Worker
2013.25,Denmark,Total,95.782,Output Per Worker
2013.5,Denmark,Total,96.366,Output Per Worker
2013.75,Denmark,Total,96.288,Output Per Worker
2014.0,Denmark,Total,96.16,Output Per Worker
2014.25,Denmark,Total,96.077,Output Per Worker
2014.5,Denmark,Total,97.322,Output Per Worker
2014.75,Denmark,Total,96.937,Output Per Worker
2015.0,Denmark,Total,97.157,Output Per Worker
2015.25,Denmark,Total,97.42,Output Per Worker
2015.5,Denmark,Total,97.222,Output Per Worker
2015.75,Denmark,Total,97.117,Output Per Worker
2016.0,Denmark,Total,97.914,Output Per Worker
2016.25,Denmark,Total,98.548,Output Per Worker
2016.5,Denmark,Total,98.929,Output Per Worker
2016.75,Denmark,Total,99.017,Output Per Worker
2017.0,Denmark,Total,99.644,Output Per Worker
2017.25,Denmark,Total,100.49,Output Per Worker
2017.5,Denmark,Total,100.014,Output Per Worker
2017.75,Denmark,Total,100.295,Output Per Worker
2018.0,Denmark,Total,100.769,Output Per Worker
2018.25,Denmark,Total,100.336,Output Per Worker
2018.5,Denmark,Total,100.414,Output Per Worker
2018.75,Denmark,Total,100.157,Output Per Worker
2019.0,Denmark,Total,100.122,Output Per Worker
2019.25,Denmark,Total,100.772,Output Per Worker
2019.5,Denmark,Total,100.854,Output Per Worker
2019.75,Denmark,Total,101.032,Output Per Worker
2020.0,Denmark,Total,100.482,Output Per Worker
2020.25,Denmark,Total,97.164,Output Per Worker
2020.5,Denmark,Total,101.561,Output Per Worker
2020.75,Denmark,Total,100.794,Output Per Worker
2021.0,Denmark,Total,102.19,Output Per Worker
2021.25,Denmark,Total,104.018,Output Per Worker
2021.5,Denmark,Total,104.112,Output Per Worker
2021.75,Denmark,Total,106.201,Output Per Worker
2022.0,Denmark,Total,99.546,Output Per Worker
2022.25,Denmark,Total,100.819,Output Per Worker
2022.5,Denmark,Total,101.697,Output Per Worker
2022.75,Denmark,Total,100.117,Output Per Worker
2023.0,Denmark,Total,100.819,Output Per Worker
2023.25,Denmark,Total,99.436,Output Per Worker
2023.5,Denmark,Total,99.093,Output Per Worker
2023.75,Denmark,Total,100.862,Output Per Worker
2024.0,Denmark,Total,101.159,Output Per Worker
2024.25,Denmark,Total,102.711,Output Per Worker
2024.5,Denmark,Total,103.311,Output Per Worker
2024.75,Denmark,Total,104.181,Output Per Worker
2025.0,Denmark,Total,102.355,Output Per Worker
2025.25,Denmark,Total,103.429,Output Per Worker
1997.0,Euro Area,Total,91.182,Output Per Worker
1997.25,Euro Area,Total,91.96,Output Per Worker
1997.5,Euro Area,Total,92.34,Output Per Worker
1997.75,Euro Area,Total,92.982,Output Per Worker
1998.0,Euro Area,Total,93.199,Output Per Worker
1998.25,Euro Area,Total,93.05,Output Per Worker
1998.5,Euro Area,Total,92.942,Output Per Worker
1998.75,Euro Area,Total,92.778,Output Per Worker
1999.0,Euro Area,Total,93.248,Output Per Worker
1999.25,Euro Area,Total,93.218,Output Per Worker
1999.5,Euro Area,Total,93.84,Output Per Worker
1999.75,Euro Area,Total,94.334,Output Per Worker
2000.0,Euro Area,Total,94.794,Output Per Worker
2000.25,Euro Area,Total,95.025,Output Per Worker
2000.5,Euro Area,Total,95.125,Output Per Worker
2000.75,Euro Area,Total,95.147,Output Per Worker
2001.0,Euro Area,Total,96.261,Output Per Worker
2001.25,Euro Area,Total,96.158,Output Per Worker
2001.5,Euro Area,Total,96.12,Output Per Worker
2001.75,Euro Area,Total,95.869,Output Per Worker
2002.0,Euro Area,Total,95.769,Output Per Worker
2002.25,Euro Area,Total,96.071,Output Per Worker
2002.5,Euro Area,Total,96.379,Output Per Worker
2002.75,Euro Area,Total,96.522,Output Per Worker
2003.0,Euro Area,Total,96.154,Output Per Worker
2003.25,Euro Area,Total,96.043,Output Per Worker
2003.5,Euro Area,Total,96.537,Output Per Worker
2003.75,Euro Area,Total,96.939,Output Per Worker
2004.0,Euro Area,Total,97.276,Output Per Worker
2004.25,Euro Area,Total,97.622,Output Per Worker
2004.5,Euro Area,Total,97.569,Output Per Worker
2004.75,Euro Area,Total,97.741,Output Per Worker
2005.0,Euro Area,Total,97.848,Output Per Worker
2005.25,Euro Area,Total,98.13,Output Per Worker
2005.5,Euro Area,Total,98.587,Output Per Worker
2005.75,Euro Area,Total,98.82,Output Per Worker
2006.0,Euro Area,Total,99.294,Output Per Worker
2006.25,Euro Area,Total,99.819,Output Per Worker
2006.5,Euro Area,Total,99.917,Output Per Worker
2006.75,Euro Area,Total,100.605,Output Per Worker
2007.0,Euro Area,Total,100.757,Output Per Worker
2007.25,Euro Area,Total,100.926,Output Per Worker
2007.5,Euro Area,Total,100.869,Output Per Worker
2007.75,Euro Area,Total,101.005,Output Per Worker
2008.0,Euro Area,Total,101.207,Output Per Worker
2008.25,Euro Area,Total,100.751,Output Per Worker
2008.5,Euro Area,Total,100.371,Output Per Worker
2008.75,Euro Area,Total,99.03,Output Per Worker
2009.0,Euro Area,Total,96.62,Output Per Worker
2009.25,Euro Area,Total,97.264,Output Per Worker
2009.5,Euro Area,Total,97.951,Output Per Worker
2009.75,Euro Area,Total,98.527,Output Per Worker
2010.0,Euro Area,Total,98.929,Output Per Worker
2010.25,Euro Area,Total,99.924,Output Per Worker
2010.5,Euro Area,Total,100.329,Output Per Worker
2010.75,Euro Area,Total,100.783,Output Per Worker
2011.0,Euro Area,Total,101.641,Output Per Worker
2011.25,Euro Area,Total,101.525,Output Per Worker
2011.5,Euro Area,Total,101.694,Output Per Worker
2011.75,Euro Area,Total,101.527,Output Per Worker
2012.0,Euro Area,Total,101.276,Output Per Worker
2012.25,Euro Area,Total,101.022,Output Per Worker
2012.5,Euro Area,Total,101.098,Output Per Worker
2012.75,Euro Area,Total,100.902,Output Per Worker
2013.0,Euro Area,Total,100.778,Output Per Worker
2013.25,Euro Area,Total,101.52,Output Per Worker
2013.5,Euro Area,Total,101.717,Output Per Worker
2013.75,Euro Area,Total,101.733,Output Per Worker
2014.0,Euro Area,Total,101.993,Output Per Worker
2014.25,Euro Area,Total,101.971,Output Per Worker
2014.5,Euro Area,Total,102.211,Output Per Worker
2014.75,Euro Area,Total,102.418,Output Per Worker
2015.0,Euro Area,Total,102.984,Output Per Worker
2015.25,Euro Area,Total,103.126,Output Per Worker
2015.5,Euro Area,Total,103.143,Output Per Worker
2015.75,Euro Area,Total,103.308,Output Per Worker
2016.0,Euro Area,Total,103.465,Output Per Worker
2016.25,Euro Area,Total,103.24,Output Per Worker
2016.5,Euro Area,Total,103.375,Output Per Worker
2016.75,Euro Area,Total,103.784,Output Per Worker
2017.0,Euro Area,Total,104.163,Output Per Worker
2017.25,Euro Area,Total,104.482,Output Per Worker
2017.5,Euro Area,Total,104.755,Output Per Worker
2017.75,Euro Area,Total,105.24,Output Per Worker
2018.0,Euro Area,Total,104.803,Output Per Worker
2018.25,Euro Area,Total,104.791,Output Per Worker
2018.5,Euro Area,Total,104.559,Output Per Worker
2018.75,Euro Area,Total,104.888,Output Per Worker
2019.0,Euro Area,Total,105.082,Output Per Worker
2019.25,Euro Area,Total,105.084,Output Per Worker
2019.5,Euro Area,Total,105.126,Output Per Worker
2019.75,Euro Area,Total,104.915,Output Per Worker
2020.0,Euro Area,Total,101.62,Output Per Worker
2020.25,Euro Area,Total,93.081,Output Per Worker
2020.5,Euro Area,Total,102.777,Output Per Worker
2020.75,Euro Area,Total,102.523,Output Per Worker
2021.0,Euro Area,Total,103.207,Output Per Worker
2021.25,Euro Area,Total,104.619,Output Per Worker
2021.5,Euro Area,Total,105.259,Output Per Worker
2021.75,Euro Area,Total,105.482,Output Per Worker
2022.0,Euro Area,Total,105.575,Output Per Worker
2022.25,Euro Area,Total,105.985,Output Per Worker
2022.5,Euro Area,Total,106.259,Output Per Worker
2022.75,Euro Area,Total,105.738,Output Per Worker
2023.0,Euro Area,Total,105.454,Output Per Worker
2023.25,Euro Area,Total,105.338,Output Per Worker
2023.5,Euro Area,Total,105.093,Output Per Worker
2023.75,Euro Area,Total,104.711,Output Per Worker
2024.0,Euro Area,Total,104.848,Output Per Worker
2024.25,Euro Area,Total,104.931,Output Per Worker
2024.5,Euro Area,Total,105.115,Output Per Worker
2024.75,Euro Area,Total,105.299,Output Per Worker
2025.0,Euro Area,Total,105.704,Output Per Worker
2025.25,Euro Area,Total,105.729,Output Per Worker
1997.0,Spain,Total,96.264,Output Per Worker
1997.25,Spain,Total,96.451,Output Per Worker
1997.5,Spain,Total,96.572,Output Per Worker
1997.75,Spain,Total,96.845,Output Per Worker
1998.0,Spain,Total,96.544,Output Per Worker
1998.25,Spain,Total,96.664,Output Per Worker
1998.5,Spain,Total,96.244,Output Per Worker
1998.75,Spain,Total,96.408,Output Per Worker
1999.0,Spain,Total,96.267,Output Per Worker
1999.25,Spain,Total,96.183,Output Per Worker
1999.5,Spain,Total,96.36,Output Per Worker
1999.75,Spain,Total,96.513,Output Per Worker
2000.0,Spain,Total,96.342,Output Per Worker
2000.25,Spain,Total,96.344,Output Per Worker
2000.5,Spain,Total,96.468,Output Per Worker
2000.75,Spain,Total,96.517,Output Per Worker
2001.0,Spain,Total,96.609,Output Per Worker
2001.25,Spain,Total,96.85,Output Per Worker
2001.5,Spain,Total,97.266,Output Per Worker
2001.75,Spain,Total,97.129,Output Per Worker
2002.0,Spain,Total,97.11,Output Per Worker
2002.25,Spain,Total,97.097,Output Per Worker
2002.5,Spain,Total,97.111,Output Per Worker
2002.75,Spain,Total,97.196,Output Per Worker
2003.0,Spain,Total,97.327,Output Per Worker
2003.25,Spain,Total,96.675,Output Per Worker
2003.5,Spain,Total,96.64,Output Per Worker
2003.75,Spain,Total,96.599,Output Per Worker
2004.0,Spain,Total,96.115,Output Per Worker
2004.25,Spain,Total,96.409,Output Per Worker
2004.5,Spain,Total,96.334,Output Per Worker
2004.75,Spain,Total,96.028,Output Per Worker
2005.0,Spain,Total,96.06,Output Per Worker
2005.25,Spain,Total,95.713,Output Per Worker
2005.5,Spain,Total,95.18,Output Per Worker
2005.75,Spain,Total,95.343,Output Per Worker
2006.0,Spain,Total,95.454,Output Per Worker
2006.25,Spain,Total,95.466,Output Per Worker
2006.5,Spain,Total,95.46,Output Per Worker
2006.75,Spain,Total,95.567,Output Per Worker
2007.0,Spain,Total,95.37,Output Per Worker
2007.25,Spain,Total,95.709,Output Per Worker
2007.5,Spain,Total,95.895,Output Per Worker
2007.75,Spain,Total,96.032,Output Per Worker
2008.0,Spain,Total,95.257,Output Per Worker
2008.25,Spain,Total,96.196,Output Per Worker
2008.5,Spain,Total,97.046,Output Per Worker
2008.75,Spain,Total,97.21,Output Per Worker
2009.0,Spain,Total,97.122,Output Per Worker
2009.25,Spain,Total,98.721,Output Per Worker
2009.5,Spain,Total,99.927,Output Per Worker
2009.75,Spain,Total,100.415,Output Per Worker
2010.0,Spain,Total,100.348,Output Per Worker
2010.25,Spain,Total,100.921,Output Per Worker
2010.5,Spain,Total,101.09,Output Per Worker
2010.75,Spain,Total,101.465,Output Per Worker
2011.0,Spain,Total,102.296,Output Per Worker
2011.25,Spain,Total,102.489,Output Per Worker
2011.5,Spain,Total,103.074,Output Per Worker
2011.75,Spain,Total,103.367,Output Per Worker
2012.0,Spain,Total,103.941,Output Per Worker
2012.25,Spain,Total,104.033,Output Per Worker
2012.5,Spain,Total,104.645,Output Per Worker
2012.75,Spain,Total,104.727,Output Per Worker
2013.0,Spain,Total,104.966,Output Per Worker
2013.25,Spain,Total,105.181,Output Per Worker
2013.5,Spain,Total,105.123,Output Per Worker
2013.75,Spain,Total,105.354,Output Per Worker
2014.0,Spain,Total,105.723,Output Per Worker
2014.25,Spain,Total,105.398,Output Per Worker
2014.5,Spain,Total,105.662,Output Per Worker
2014.75,Spain,Total,105.851,Output Per Worker
2015.0,Spain,Total,106.456,Output Per Worker
2015.25,Spain,Total,106.655,Output Per Worker
2015.5,Spain,Total,106.981,Output Per Worker
2015.75,Spain,Total,107.359,Output Per Worker
2016.0,Spain,Total,107.711,Output Per Worker
2016.25,Spain,Total,107.537,Output Per Worker
2016.5,Spain,Total,107.695,Output Per Worker
2016.75,Spain,Total,107.772,Output Per Worker
2017.0,Spain,Total,107.742,Output Per Worker
2017.25,Spain,Total,108.055,Output Per Worker
2017.5,Spain,Total,107.928,Output Per Worker
2017.75,Spain,Total,108.114,Output Per Worker
2018.0,Spain,Total,108.329,Output Per Worker
2018.25,Spain,Total,108.226,Output Per Worker
2018.5,Spain,Total,108.14,Output Per Worker
2018.75,Spain,Total,108.044,Output Per Worker
2019.0,Spain,Total,107.661,Output Per Worker
2019.25,Spain,Total,107.262,Output Per Worker
2019.5,Spain,Total,107.435,Output Per Worker
2019.75,Spain,Total,107.468,Output Per Worker
2020.0,Spain,Total,103.414,Output Per Worker
2020.25,Spain,Total,91.232,Output Per Worker
2020.5,Spain,Total,102.939,Output Per Worker
2020.75,Spain,Total,102.415,Output Per Worker
2021.0,Spain,Total,102.953,Output Per Worker
2021.25,Spain,Total,104.112,Output Per Worker
2021.5,Spain,Total,104.027,Output Per Worker
2021.75,Spain,Total,105.286,Output Per Worker
2022.0,Spain,Total,105.739,Output Per Worker
2022.25,Spain,Total,107.066,Output Per Worker
2022.5,Spain,Total,107.091,Output Per Worker
2022.75,Spain,Total,107.313,Output Per Worker
2023.0,Spain,Total,107.194,Output Per Worker
2023.25,Spain,Total,106.374,Output Per Worker
2023.5,Spain,Total,106.143,Output Per Worker
2023.75,Spain,Total,106.135,Output Per Worker
2024.0,Spain,Total,106.956,Output Per Worker
2024.25,Spain,Total,107.665,Output Per Worker
2024.5,Spain,Total,107.645,Output Per Worker
2024.75,Spain,Total,107.449,Output Per Worker
2025.0,Spain,Total,107.341,Output Per Worker
2025.25,Spain,Total,107.375,Output Per Worker
1997.0,European Union,Total,83.332,Output Per Worker
1997.25,European Union,Total,84.184,Output Per Worker
1997.5,European Union,Total,84.617,Output Per Worker
1997.75,European Union,Total,85.243,Output Per Worker
1998.0,European Union,Total,85.596,Output Per Worker
1998.25,European Union,Total,85.625,Output Per Worker
1998.5,European Union,Total,85.761,Output Per Worker
1998.75,European Union,Total,85.821,Output Per Worker
1999.0,European Union,Total,86.472,Output Per Worker
1999.25,European Union,Total,86.726,Output Per Worker
1999.5,European Union,Total,87.609,Output Per Worker
1999.75,European Union,Total,88.337,Output Per Worker
2000.0,European Union,Total,88.937,Output Per Worker
2000.25,European Union,Total,89.466,Output Per Worker
2000.5,European Union,Total,89.701,Output Per Worker
2000.75,European Union,Total,89.873,Output Per Worker
2001.0,European Union,Total,90.653,Output Per Worker
2001.25,European Union,Total,90.74,Output Per Worker
2001.5,European Union,Total,90.828,Output Per Worker
2001.75,European Union,Total,90.785,Output Per Worker
2002.0,European Union,Total,91.415,Output Per Worker
2002.25,European Union,Total,91.704,Output Per Worker
2002.5,European Union,Total,92.083,Output Per Worker
2002.75,European Union,Total,92.253,Output Per Worker
2003.0,European Union,Total,92.124,Output Per Worker
2003.25,European Union,Total,91.977,Output Per Worker
2003.5,European Union,Total,92.52,Output Per Worker
2003.75,European Union,Total,92.986,Output Per Worker
2004.0,European Union,Total,93.748,Output Per Worker
2004.25,European Union,Total,94.084,Output Per Worker
2004.5,European Union,Total,94.142,Output Per Worker
2004.75,European Union,Total,94.328,Output Per Worker
2005.0,European Union,Total,94.48,Output Per Worker
2005.25,European Union,Total,94.796,Output Per Worker
2005.5,European Union,Total,95.368,Output Per Worker
2005.75,European Union,Total,95.553,Output Per Worker
2006.0,European Union,Total,96.06,Output Per Worker
2006.25,European Union,Total,96.583,Output Per Worker
2006.5,European Union,Total,96.681,Output Per Worker
2006.75,European Union,Total,97.364,Output Per Worker
2007.0,European Union,Total,97.489,Output Per Worker
2007.25,European Union,Total,97.641,Output Per Worker
2007.5,European Union,Total,97.574,Output Per Worker
2007.75,European Union,Total,97.966,Output Per Worker
2008.0,European Union,Total,98.08,Output Per Worker
2008.25,European Union,Total,97.705,Output Per Worker
2008.5,European Union,Total,97.283,Output Per Worker
2008.75,European Union,Total,95.881,Output Per Worker
2009.0,European Union,Total,93.741,Output Per Worker
2009.25,European Union,Total,94.342,Output Per Worker
2009.5,European Union,Total,95.269,Output Per Worker
2009.75,European Union,Total,95.989,Output Per Worker
2010.0,European Union,Total,96.615,Output Per Worker
2010.25,European Union,Total,97.543,Output Per Worker
2010.5,European Union,Total,98.034,Output Per Worker
2010.75,European Union,Total,98.538,Output Per Worker
2011.0,European Union,Total,99.45,Output Per Worker
2011.25,European Union,Total,99.567,Output Per Worker
2011.5,European Union,Total,99.79,Output Per Worker
2011.75,European Union,Total,99.502,Output Per Worker
2012.0,European Union,Total,99.344,Output Per Worker
2012.25,European Union,Total,99.063,Output Per Worker
2012.5,European Union,Total,99.11,Output Per Worker
2012.75,European Union,Total,98.887,Output Per Worker
2013.0,European Union,Total,98.867,Output Per Worker
2013.25,European Union,Total,99.462,Output Per Worker
2013.5,European Union,Total,99.778,Output Per Worker
2013.75,European Union,Total,99.795,Output Per Worker
2014.0,European Union,Total,99.977,Output Per Worker
2014.25,European Union,Total,100.043,Output Per Worker
2014.5,European Union,Total,100.273,Output Per Worker
2014.75,European Union,Total,100.511,Output Per Worker
2015.0,European Union,Total,101.271,Output Per Worker
2015.25,European Union,Total,101.484,Output Per Worker
2015.5,European Union,Total,101.509,Output Per Worker
2015.75,European Union,Total,101.673,Output Per Worker
2016.0,European Union,Total,101.944,Output Per Worker
2016.25,European Union,Total,101.86,Output Per Worker
2016.5,European Union,Total,102.047,Output Per Worker
2016.75,European Union,Total,102.435,Output Per Worker
2017.0,European Union,Total,102.893,Output Per Worker
2017.25,European Union,Total,103.085,Output Per Worker
2017.5,European Union,Total,103.497,Output Per Worker
2017.75,European Union,Total,104.091,Output Per Worker
2018.0,European Union,Total,103.85,Output Per Worker
2018.25,European Union,Total,103.874,Output Per Worker
2018.5,European Union,Total,103.84,Output Per Worker
2018.75,European Union,Total,104.345,Output Per Worker
2019.0,European Union,Total,104.57,Output Per Worker
2019.25,European Union,Total,104.582,Output Per Worker
2019.5,European Union,Total,104.701,Output Per Worker
2019.75,European Union,Total,104.691,Output Per Worker
2020.0,European Union,Total,101.797,Output Per Worker
2020.25,European Union,Total,93.382,Output Per Worker
2020.5,European Union,Total,102.466,Output Per Worker
2020.75,European Union,Total,102.356,Output Per Worker
2021.0,European Union,Total,103.158,Output Per Worker
2021.25,European Union,Total,104.465,Output Per Worker
2021.5,European Union,Total,105.128,Output Per Worker
2021.75,European Union,Total,105.56,Output Per Worker
2022.0,European Union,Total,105.711,Output Per Worker
2022.25,European Union,Total,105.994,Output Per Worker
2022.5,European Union,Total,106.357,Output Per Worker
2022.75,European Union,Total,105.74,Output Per Worker
2023.0,European Union,Total,105.614,Output Per Worker
2023.25,European Union,Total,105.502,Output Per Worker
2023.5,European Union,Total,105.412,Output Per Worker
2023.75,European Union,Total,105.07,Output Per Worker
2024.0,European Union,Total,105.235,Output Per Worker
2024.25,European Union,Total,105.464,Output Per Worker
2024.5,European Union,Total,105.817,Output Per Worker
2024.75,European Union,Total,106.046,Output Per Worker
2025.0,European Union,Total,106.53,Output Per Worker
2025.25,European Union,Total,106.592,Output Per Worker
1997.0,Finland,Total,80.168,Output Per Worker
1997.25,Finland,Total,80.038,Output Per Worker
1997.5,Finland,Total,82.336,Output Per Worker
1997.75,Finland,Total,83.588,Output Per Worker
1998.0,Finland,Total,82.303,Output Per Worker
1998.25,Finland,Total,84.274,Output Per Worker
1998.5,Finland,Total,84.951,Output Per Worker
1998.75,Finland,Total,85.697,Output Per Worker
1999.0,Finland,Total,85.98,Output Per Worker
1999.25,Finland,Total,85.865,Output Per Worker
1999.5,Finland,Total,86.546,Output Per Worker
1999.75,Finland,Total,86.531,Output Per Worker
2000.0,Finland,Total,88.769,Output Per Worker
2000.25,Finland,Total,89.002,Output Per Worker
2000.5,Finland,Total,89.406,Output Per Worker
2000.75,Finland,Total,90.199,Output Per Worker
2001.0,Finland,Total,90.414,Output Per Worker
2001.25,Finland,Total,90.35,Output Per Worker
2001.5,Finland,Total,90.603,Output Per Worker
2001.75,Finland,Total,89.859,Output Per Worker
2002.0,Finland,Total,90.417,Output Per Worker
2002.25,Finland,Total,90.77,Output Per Worker
2002.5,Finland,Total,90.201,Output Per Worker
2002.75,Finland,Total,91.44,Output Per Worker
2003.0,Finland,Total,90.83,Output Per Worker
2003.25,Finland,Total,91.655,Output Per Worker
2003.5,Finland,Total,92.561,Output Per Worker
2003.75,Finland,Total,94.224,Output Per Worker
2004.0,Finland,Total,94.566,Output Per Worker
2004.25,Finland,Total,94.878,Output Per Worker
2004.5,Finland,Total,95.786,Output Per Worker
2004.75,Finland,Total,96.786,Output Per Worker
2005.0,Finland,Total,97.465,Output Per Worker
2005.25,Finland,Total,96.083,Output Per Worker
2005.5,Finland,Total,96.958,Output Per Worker
2005.75,Finland,Total,96.231,Output Per Worker
2006.0,Finland,Total,98.341,Output Per Worker
2006.25,Finland,Total,98.683,Output Per Worker
2006.5,Finland,Total,98.321,Output Per Worker
2006.75,Finland,Total,99.501,Output Per Worker
2007.0,Finland,Total,100.867,Output Per Worker
2007.25,Finland,Total,101.745,Output Per Worker
2007.5,Finland,Total,101.927,Output Per Worker
2007.75,Finland,Total,102.267,Output Per Worker
2008.0,Finland,Total,101.719,Output Per Worker
2008.25,Finland,Total,100.186,Output Per Worker
2008.5,Finland,Total,100.884,Output Per Worker
2008.75,Finland,Total,98.296,Output Per Worker
2009.0,Finland,Total,92.948,Output Per Worker
2009.25,Finland,Total,93.974,Output Per Worker
2009.5,Finland,Total,95.845,Output Per Worker
2009.75,Finland,Total,95.56,Output Per Worker
2010.0,Finland,Total,96.294,Output Per Worker
2010.25,Finland,Total,98.816,Output Per Worker
2010.5,Finland,Total,98.121,Output Per Worker
2010.75,Finland,Total,99.957,Output Per Worker
2011.0,Finland,Total,100.005,Output Per Worker
2011.25,Finland,Total,99.223,Output Per Worker
2011.5,Finland,Total,98.979,Output Per Worker
2011.75,Finland,Total,98.404,Output Per Worker
2012.0,Finland,Total,97.958,Output Per Worker
2012.25,Finland,Total,97.231,Output Per Worker
2012.5,Finland,Total,96.483,Output Per Worker
2012.75,Finland,Total,96.506,Output Per Worker
2013.0,Finland,Total,95.984,Output Per Worker
2013.25,Finland,Total,96.619,Output Per Worker
2013.5,Finland,Total,97.598,Output Per Worker
2013.75,Finland,Total,97.295,Output Per Worker
2014.0,Finland,Total,96.654,Output Per Worker
2014.25,Finland,Total,96.658,Output Per Worker
2014.5,Finland,Total,97.275,Output Per Worker
2014.75,Finland,Total,97.168,Output Per Worker
2015.0,Finland,Total,96.143,Output Per Worker
2015.25,Finland,Total,97.381,Output Per Worker
2015.5,Finland,Total,96.98,Output Per Worker
2015.75,Finland,Total,97.819,Output Per Worker
2016.0,Finland,Total,98.507,Output Per Worker
2016.25,Finland,Total,98.421,Output Per Worker
2016.5,Finland,Total,99.099,Output Per Worker
2016.75,Finland,Total,100.083,Output Per Worker
2017.0,Finland,Total,100.715,Output Per Worker
2017.25,Finland,Total,101.88,Output Per Worker
2017.5,Finland,Total,101.965,Output Per Worker
2017.75,Finland,Total,102.173,Output Per Worker
2018.0,Finland,Total,101.445,Output Per Worker
2018.25,Finland,Total,100.515,Output Per Worker
2018.5,Finland,Total,99.924,Output Per Worker
2018.75,Finland,Total,99.289,Output Per Worker
2019.0,Finland,Total,99.9,Output Per Worker
2019.25,Finland,Total,100.135,Output Per Worker
2019.5,Finland,Total,100.45,Output Per Worker
2019.75,Finland,Total,100.178,Output Per Worker
2020.0,Finland,Total,100.486,Output Per Worker
2020.25,Finland,Total,97.489,Output Per Worker
2020.5,Finland,Total,100.963,Output Per Worker
2020.75,Finland,Total,101.062,Output Per Worker
2021.0,Finland,Total,100.059,Output Per Worker
2021.25,Finland,Total,100.372,Output Per Worker
2021.5,Finland,Total,100.833,Output Per Worker
2021.75,Finland,Total,100.24,Output Per Worker
2022.0,Finland,Total,98.711,Output Per Worker
2022.25,Finland,Total,98.203,Output Per Worker
2022.5,Finland,Total,97.32,Output Per Worker
2022.75,Finland,Total,96.62,Output Per Worker
2023.0,Finland,Total,96.649,Output Per Worker
2023.25,Finland,Total,96.068,Output Per Worker
2023.5,Finland,Total,95.3,Output Per Worker
2023.75,Finland,Total,95.533,Output Per Worker
2024.0,Finland,Total,96.393,Output Per Worker
2024.25,Finland,Total,97.062,Output Per Worker
2024.5,Finland,Total,97.765,Output Per Worker
2024.75,Finland,Total,98.063,Output Per Worker
2025.0,Finland,Total,98.246,Output Per Worker
2025.25,Finland,Total,98.426,Output Per Worker
1997.0,France,Total,88.824,Output Per Worker
1997.25,France,Total,89.559,Output Per Worker
1997.5,France,Total,90.307,Output Per Worker
1997.75,France,Total,90.817,Output Per Worker
1998.0,France,Total,91.275,Output Per Worker
1998.25,France,Total,91.397,Output Per Worker
1998.5,France,Total,91.322,Output Per Worker
1998.75,France,Total,91.55,Output Per Worker
1999.0,France,Total,91.632,Output Per Worker
1999.25,France,Total,91.569,Output Per Worker
1999.5,France,Total,92.275,Output Per Worker
1999.75,France,Total,93.018,Output Per Worker
2000.0,France,Total,93.417,Output Per Worker
2000.25,France,Total,93.804,Output Per Worker
2000.5,France,Total,93.874,Output Per Worker
2000.75,France,Total,94.031,Output Per Worker
2001.0,France,Total,94.247,Output Per Worker
2001.25,France,Total,94.034,Output Per Worker
2001.5,France,Total,94.433,Output Per Worker
2001.75,France,Total,93.917,Output Per Worker
2002.0,France,Total,94.323,Output Per Worker
2002.25,France,Total,94.65,Output Per Worker
2002.5,France,Total,94.987,Output Per Worker
2002.75,France,Total,95.017,Output Per Worker
2003.0,France,Total,95.322,Output Per Worker
2003.25,France,Total,94.948,Output Per Worker
2003.5,France,Total,96.015,Output Per Worker
2003.75,France,Total,96.317,Output Per Worker
2004.0,France,Total,97.332,Output Per Worker
2004.25,France,Total,97.721,Output Per Worker
2004.5,France,Total,97.979,Output Per Worker
2004.75,France,Total,98.699,Output Per Worker
2005.0,France,Total,98.786,Output Per Worker
2005.25,France,Total,98.818,Output Per Worker
2005.5,France,Total,99.362,Output Per Worker
2005.75,France,Total,99.8,Output Per Worker
2006.0,France,Total,100.448,Output Per Worker
2006.25,France,Total,101.336,Output Per Worker
2006.5,France,Total,100.983,Output Per Worker
2006.75,France,Total,101.206,Output Per Worker
2007.0,France,Total,101.825,Output Per Worker
2007.25,France,Total,102.096,Output Per Worker
2007.5,France,Total,102.158,Output Per Worker
2007.75,France,Total,102.018,Output Per Worker
2008.0,France,Total,102.673,Output Per Worker
2008.25,France,Total,101.874,Output Per Worker
2008.5,France,Total,101.784,Output Per Worker
2008.75,France,Total,100.758,Output Per Worker
2009.0,France,Total,99.32,Output Per Worker
2009.25,France,Total,99.892,Output Per Worker
2009.5,France,Total,100.28,Output Per Worker
2009.75,France,Total,100.98,Output Per Worker
2010.0,France,Total,101.217,Output Per Worker
2010.25,France,Total,101.605,Output Per Worker
2010.5,France,Total,102.102,Output Per Worker
2010.75,France,Total,102.508,Output Per Worker
2011.0,France,Total,103.636,Output Per Worker
2011.25,France,Total,103.371,Output Per Worker
2011.5,France,Total,103.55,Output Per Worker
2011.75,France,Total,103.809,Output Per Worker
2012.0,France,Total,103.651,Output Per Worker
2012.25,France,Total,103.202,Output Per Worker
2012.5,France,Total,103.489,Output Per Worker
2012.75,France,Total,103.49,Output Per Worker
2013.0,France,Total,103.654,Output Per Worker
2013.25,France,Total,104.536,Output Per Worker
2013.5,France,Total,104.171,Output Per Worker
2013.75,France,Total,104.504,Output Per Worker
2014.0,France,Total,104.303,Output Per Worker
2014.25,France,Total,104.485,Output Per Worker
2014.5,France,Total,105.151,Output Per Worker
2014.75,France,Total,104.847,Output Per Worker
2015.0,France,Total,105.418,Output Per Worker
2015.25,France,Total,105.395,Output Per Worker
2015.5,France,Total,105.481,Output Per Worker
2015.75,France,Total,105.607,Output Per Worker
2016.0,France,Total,105.768,Output Per Worker
2016.25,France,Total,105.362,Output Per Worker
2016.5,France,Total,105.195,Output Per Worker
2016.75,France,Total,105.631,Output Per Worker
2017.0,France,Total,106.048,Output Per Worker
2017.25,France,Total,106.379,Output Per Worker
2017.5,France,Total,106.833,Output Per Worker
2017.75,France,Total,107.228,Output Per Worker
2018.0,France,Total,106.809,Output Per Worker
2018.25,France,Total,106.907,Output Per Worker
2018.5,France,Total,107.315,Output Per Worker
2018.75,France,Total,107.957,Output Per Worker
2019.0,France,Total,108.526,Output Per Worker
2019.25,France,Total,108.65,Output Per Worker
2019.5,France,Total,108.322,Output Per Worker
2019.75,France,Total,107.362,Output Per Worker
2020.0,France,Total,101.885,Output Per Worker
2020.25,France,Total,91.495,Output Per Worker
2020.5,France,Total,103.78,Output Per Worker
2020.75,France,Total,102.84,Output Per Worker
2021.0,France,Total,102.795,Output Per Worker
2021.25,France,Total,103.325,Output Per Worker
2021.5,France,Total,105.251,Output Per Worker
2021.75,France,Total,105.051,Output Per Worker
2022.0,France,Total,104.436,Output Per Worker
2022.25,France,Total,104.541,Output Per Worker
2022.5,France,Total,104.785,Output Per Worker
2022.75,France,Total,104.835,Output Per Worker
2023.0,France,Total,104.562,Output Per Worker
2023.25,France,Total,105.277,Output Per Worker
2023.5,France,Total,105.339,Output Per Worker
2023.75,France,Total,105.568,Output Per Worker
2024.0,France,Total,105.35,Output Per Worker
2024.25,France,Total,105.392,Output Per Worker
2024.5,France,Total,105.714,Output Per Worker
2024.75,France,Total,105.756,Output Per Worker
2025.0,France,Total,106.208,Output Per Worker
2025.25,France,Total,106.631,Output Per Worker
1997.0,Ireland,Total,42.689,Output Per Worker
1997.25,Ireland,Total,43.967,Output Per Worker
1997.5,Ireland,Total,44.893,Output Per Worker
1997.75,Ireland,Total,45.094,Output Per Worker
1998.0,Ireland,Total,46.014,Output Per Worker
1998.25,Ireland,Total,46.737,Output Per Worker
1998.5,Ireland,Total,47.064,Output Per Worker
1998.75,Ireland,Total,46.059,Output Per Worker
1999.0,Ireland,Total,47.589,Output Per Worker
1999.25,Ireland,Total,47.322,Output Per Worker
1999.5,Ireland,Total,48.235,Output Per Worker
1999.75,Ireland,Total,49.279,Output Per Worker
2000.0,Ireland,Total,49.49,Output Per Worker
2000.25,Ireland,Total,50.215,Output Per Worker
2000.5,Ireland,Total,50.637,Output Per Worker
2000.75,Ireland,Total,50.974,Output Per Worker
2001.0,Ireland,Total,51.938,Output Per Worker
2001.25,Ireland,Total,51.925,Output Per Worker
2001.5,Ireland,Total,51.165,Output Per Worker
2001.75,Ireland,Total,51.792,Output Per Worker
2002.0,Ireland,Total,53.717,Output Per Worker
2002.25,Ireland,Total,53.099,Output Per Worker
2002.5,Ireland,Total,54.482,Output Per Worker
2002.75,Ireland,Total,54.904,Output Per Worker
2003.0,Ireland,Total,53.488,Output Per Worker
2003.25,Ireland,Total,54.081,Output Per Worker
2003.5,Ireland,Total,54.308,Output Per Worker
2003.75,Ireland,Total,57.224,Output Per Worker
2004.0,Ireland,Total,56.031,Output Per Worker
2004.25,Ireland,Total,57.329,Output Per Worker
2004.5,Ireland,Total,55.97,Output Per Worker
2004.75,Ireland,Total,57.386,Output Per Worker
2005.0,Ireland,Total,57.376,Output Per Worker
2005.25,Ireland,Total,57.645,Output Per Worker
2005.5,Ireland,Total,56.294,Output Per Worker
2005.75,Ireland,Total,57.649,Output Per Worker
2006.0,Ireland,Total,57.736,Output Per Worker
2006.25,Ireland,Total,57.602,Output Per Worker
2006.5,Ireland,Total,57.369,Output Per Worker
2006.75,Ireland,Total,57.224,Output Per Worker
2007.0,Ireland,Total,59.112,Output Per Worker
2007.25,Ireland,Total,58.314,Output Per Worker
2007.5,Ireland,Total,56.21,Output Per Worker
2007.75,Ireland,Total,58.454,Output Per Worker
2008.0,Ireland,Total,56.785,Output Per Worker
2008.25,Ireland,Total,55.962,Output Per Worker
2008.5,Ireland,Total,56.656,Output Per Worker
2008.75,Ireland,Total,55.029,Output Per Worker
2009.0,Ireland,Total,57.135,Output Per Worker
2009.25,Ireland,Total,58.544,Output Per Worker
2009.5,Ireland,Total,59.133,Output Per Worker
2009.75,Ireland,Total,58.577,Output Per Worker
2010.0,Ireland,Total,60.5,Output Per Worker
2010.25,Ireland,Total,61.728,Output Per Worker
2010.5,Ireland,Total,62.839,Output Per Worker
2010.75,Ireland,Total,62.978,Output Per Worker
2011.0,Ireland,Total,64.156,Output Per Worker
2011.25,Ireland,Total,64.601,Output Per Worker
2011.5,Ireland,Total,64.598,Output Per Worker
2011.75,Ireland,Total,63.274,Output Per Worker
2012.0,Ireland,Total,63.371,Output Per Worker
2012.25,Ireland,Total,65.702,Output Per Worker
2012.5,Ireland,Total,64.176,Output Per Worker
2012.75,Ireland,Total,63.284,Output Per Worker
2013.0,Ireland,Total,62.69,Output Per Worker
2013.25,Ireland,Total,63.594,Output Per Worker
2013.5,Ireland,Total,65.337,Output Per Worker
2013.75,Ireland,Total,63.195,Output Per Worker
2014.0,Ireland,Total,66.635,Output Per Worker
2014.25,Ireland,Total,68.621,Output Per Worker
2014.5,Ireland,Total,68.799,Output Per Worker
2014.75,Ireland,Total,67.76,Output Per Worker
2015.0,Ireland,Total,82.617,Output Per Worker
2015.25,Ireland,Total,80.283,Output Per Worker
2015.5,Ireland,Total,82.282,Output Per Worker
2015.75,Ireland,Total,82.587,Output Per Worker
2016.0,Ireland,Total,78.97,Output Per Worker
2016.25,Ireland,Total,77.479,Output Per Worker
2016.5,Ireland,Total,77.106,Output Per Worker
2016.75,Ireland,Total,83.81,Output Per Worker
2017.0,Ireland,Total,82.515,Output Per Worker
2017.25,Ireland,Total,82.499,Output Per Worker
2017.5,Ireland,Total,86.35,Output Per Worker
2017.75,Ireland,Total,88.472,Output Per Worker
2018.0,Ireland,Total,89.436,Output Per Worker
2018.25,Ireland,Total,88.412,Output Per Worker
2018.5,Ireland,Total,88.958,Output Per Worker
2018.75,Ireland,Total,89.167,Output Per Worker
2019.0,Ireland,Total,88.385,Output Per Worker
2019.25,Ireland,Total,90.775,Output Per Worker
2019.5,Ireland,Total,91.453,Output Per Worker
2019.75,Ireland,Total,91.395,Output Per Worker
2020.0,Ireland,Total,93.984,Output Per Worker
2020.25,Ireland,Total,99.464,Output Per Worker
2020.5,Ireland,Total,105.325,Output Per Worker
2020.75,Ireland,Total,101.228,Output Per Worker
2021.0,Ireland,Total,112.632,Output Per Worker
2021.25,Ireland,Total,110.818,Output Per Worker
2021.5,Ireland,Total,107.586,Output Per Worker
2021.75,Ireland,Total,104.046,Output Per Worker
2022.0,Ireland,Total,107.247,Output Per Worker
2022.25,Ireland,Total,109.505,Output Per Worker
2022.5,Ireland,Total,111.01,Output Per Worker
2022.75,Ireland,Total,108.679,Output Per Worker
2023.0,Ireland,Total,105.002,Output Per Worker
2023.25,Ireland,Total,105.555,Output Per Worker
2023.5,Ireland,Total,101.898,Output Per Worker
2023.75,Ireland,Total,98.66,Output Per Worker
2024.0,Ireland,Total,100.086,Output Per Worker
2024.25,Ireland,Total,99.752,Output Per Worker
2024.5,Ireland,Total,103.024,Output Per Worker
2024.75,Ireland,Total,107.664,Output Per Worker
2025.0,Ireland,Total,114.671,Output Per Worker
2025.25,Ireland,Total,113.279,Output Per Worker
1997.0,Italy,Total,110.192,Output Per Worker
1997.25,Italy,Total,111.797,Output Per Worker
1997.5,Italy,Total,112.143,Output Per Worker
1997.75,Italy,Total,113.698,Output Per Worker
1998.0,Italy,Total,112.627,Output Per Worker
1998.25,Italy,Total,113.113,Output Per Worker
1998.5,Italy,Total,112.714,Output Per Worker
1998.75,Italy,Total,112.014,Output Per Worker
1999.0,Italy,Total,112.378,Output Per Worker
1999.25,Italy,Total,112.25,Output Per Worker
1999.5,Italy,Total,113.191,Output Per Worker
1999.75,Italy,Total,114.764,Output Per Worker
2000.0,Italy,Total,115.57,Output Per Worker
2000.25,Italy,Total,115.37,Output Per Worker
2000.5,Italy,Total,115.608,Output Per Worker
2000.75,Italy,Total,115.858,Output Per Worker
2001.0,Italy,Total,116.451,Output Per Worker
2001.25,Italy,Total,116.389,Output Per Worker
2001.5,Italy,Total,114.911,Output Per Worker
2001.75,Italy,Total,114.438,Output Per Worker
2002.0,Italy,Total,113.572,Output Per Worker
2002.25,Italy,Total,114.17,Output Per Worker
2002.5,Italy,Total,113.508,Output Per Worker
2002.75,Italy,Total,113.82,Output Per Worker
2003.0,Italy,Total,112.931,Output Per Worker
2003.25,Italy,Total,111.896,Output Per Worker
2003.5,Italy,Total,111.575,Output Per Worker
2003.75,Italy,Total,112.049,Output Per Worker
2004.0,Italy,Total,113.011,Output Per Worker
2004.25,Italy,Total,113.176,Output Per Worker
2004.5,Italy,Total,112.677,Output Per Worker
2004.75,Italy,Total,112.669,Output Per Worker
2005.0,Italy,Total,112.325,Output Per Worker
2005.25,Italy,Total,113.175,Output Per Worker
2005.5,Italy,Total,114.512,Output Per Worker
2005.75,Italy,Total,114.374,Output Per Worker
2006.0,Italy,Total,113.185,Output Per Worker
2006.25,Italy,Total,112.807,Output Per Worker
2006.5,Italy,Total,113.538,Output Per Worker
2006.75,Italy,Total,114.443,Output Per Worker
2007.0,Italy,Total,114.292,Output Per Worker
2007.25,Italy,Total,113.74,Output Per Worker
2007.5,Italy,Total,113.29,Output Per Worker
2007.75,Italy,Total,112.729,Output Per Worker
2008.0,Italy,Total,113.961,Output Per Worker
2008.25,Italy,Total,113.024,Output Per Worker
2008.5,Italy,Total,111.54,Output Per Worker
2008.75,Italy,Total,109.667,Output Per Worker
2009.0,Italy,Total,107.599,Output Per Worker
2009.25,Italy,Total,107.65,Output Per Worker
2009.5,Italy,Total,107.852,Output Per Worker
2009.75,Italy,Total,108.497,Output Per Worker
2010.0,Italy,Total,108.86,Output Per Worker
2010.25,Italy,Total,110.131,Output Per Worker
2010.5,Italy,Total,110.555,Output Per Worker
2010.75,Italy,Total,110.965,Output Per Worker
2011.0,Italy,Total,111.253,Output Per Worker
2011.25,Italy,Total,111.104,Output Per Worker
2011.5,Italy,Total,110.859,Output Per Worker
2011.75,Italy,Total,109.976,Output Per Worker
2012.0,Italy,Total,108.617,Output Per Worker
2012.25,Italy,Total,107.461,Output Per Worker
2012.5,Italy,Total,107.148,Output Per Worker
2012.75,Italy,Total,106.975,Output Per Worker
2013.0,Italy,Total,106.923,Output Per Worker
2013.25,Italy,Total,107.364,Output Per Worker
2013.5,Italy,Total,108.019,Output Per Worker
2013.75,Italy,Total,107.896,Output Per Worker
2014.0,Italy,Total,107.795,Output Per Worker
2014.25,Italy,Total,107.857,Output Per Worker
2014.5,Italy,Total,107.551,Output Per Worker
2014.75,Italy,Total,107.299,Output Per Worker
2015.0,Italy,Total,107.684,Output Per Worker
2015.25,Italy,Total,108.172,Output Per Worker
2015.5,Italy,Total,107.376,Output Per Worker
2015.75,Italy,Total,107.663,Output Per Worker
2016.0,Italy,Total,107.492,Output Per Worker
2016.25,Italy,Total,107.106,Output Per Worker
2016.5,Italy,Total,108.009,Output Per Worker
2016.75,Italy,Total,107.958,Output Per Worker
2017.0,Italy,Total,107.907,Output Per Worker
2017.25,Italy,Total,108.307,Output Per Worker
2017.5,Italy,Total,107.892,Output Per Worker
2017.75,Italy,Total,108.645,Output Per Worker
2018.0,Italy,Total,108.04,Output Per Worker
2018.25,Italy,Total,107.548,Output Per Worker
2018.5,Italy,Total,107.644,Output Per Worker
2018.75,Italy,Total,108.087,Output Per Worker
2019.0,Italy,Total,107.93,Output Per Worker
2019.25,Italy,Total,107.827,Output Per Worker
2019.5,Italy,Total,107.358,Output Per Worker
2019.75,Italy,Total,107.353,Output Per Worker
2020.0,Italy,Total,101.225,Output Per Worker
2020.25,Italy,Total,91.652,Output Per Worker
2020.5,Italy,Total,103.906,Output Per Worker
2020.75,Italy,Total,103.218,Output Per Worker
2021.0,Italy,Total,105.329,Output Per Worker
2021.25,Italy,Total,107.069,Output Per Worker
2021.5,Italy,Total,108.78,Output Per Worker
2021.75,Italy,Total,109.976,Output Per Worker
2022.0,Italy,Total,110.796,Output Per Worker
2022.25,Italy,Total,111.11,Output Per Worker
2022.5,Italy,Total,111.753,Output Per Worker
2022.75,Italy,Total,110.486,Output Per Worker
2023.0,Italy,Total,110.228,Output Per Worker
2023.25,Italy,Total,110.173,Output Per Worker
2023.5,Italy,Total,110.062,Output Per Worker
2023.75,Italy,Total,108.902,Output Per Worker
2024.0,Italy,Total,108.943,Output Per Worker
2024.25,Italy,Total,108.967,Output Per Worker
2024.5,Italy,Total,108.15,Output Per Worker
2024.75,Italy,Total,108.431,Output Per Worker
2025.0,Italy,Total,107.853,Output Per Worker
2025.25,Italy,Total,107.791,Output Per Worker
1997.0,Netherlands,Total,85.028,Output Per Worker
1997.25,Netherlands,Total,85.42,Output Per Worker
1997.5,Netherlands,Total,85.961,Output Per Worker
1997.75,Netherlands,Total,86.437,Output Per Worker
1998.0,Netherlands,Total,87.263,Output Per Worker
1998.25,Netherlands,Total,87.363,Output Per Worker
1998.5,Netherlands,Total,87.622,Output Per Worker
1998.75,Netherlands,Total,87.838,Output Per Worker
1999.0,Netherlands,Total,88.484,Output Per Worker
1999.25,Netherlands,Total,88.86,Output Per Worker
1999.5,Netherlands,Total,89.653,Output Per Worker
1999.75,Netherlands,Total,90.294,Output Per Worker
2000.0,Netherlands,Total,90.94,Output Per Worker
2000.25,Netherlands,Total,91.311,Output Per Worker
2000.5,Netherlands,Total,91.539,Output Per Worker
2000.75,Netherlands,Total,92.029,Output Per Worker
2001.0,Netherlands,Total,91.968,Output Per Worker
2001.25,Netherlands,Total,91.899,Output Per Worker
2001.5,Netherlands,Total,91.702,Output Per Worker
2001.75,Netherlands,Total,91.545,Output Per Worker
2002.0,Netherlands,Total,91.263,Output Per Worker
2002.25,Netherlands,Total,91.307,Output Per Worker
2002.5,Netherlands,Total,91.337,Output Per Worker
2002.75,Netherlands,Total,91.411,Output Per Worker
2003.0,Netherlands,Total,91.892,Output Per Worker
2003.25,Netherlands,Total,91.716,Output Per Worker
2003.5,Netherlands,Total,92.015,Output Per Worker
2003.75,Netherlands,Total,92.667,Output Per Worker
2004.0,Netherlands,Total,94.329,Output Per Worker
2004.25,Netherlands,Total,94.703,Output Per Worker
2004.5,Netherlands,Total,94.74,Output Per Worker
2004.75,Netherlands,Total,95.088,Output Per Worker
2005.0,Netherlands,Total,95.006,Output Per Worker
2005.25,Netherlands,Total,95.635,Output Per Worker
2005.5,Netherlands,Total,96.589,Output Per Worker
2005.75,Netherlands,Total,97.125,Output Per Worker
2006.0,Netherlands,Total,96.784,Output Per Worker
2006.25,Netherlands,Total,98.01,Output Per Worker
2006.5,Netherlands,Total,97.842,Output Per Worker
2006.75,Netherlands,Total,97.504,Output Per Worker
2007.0,Netherlands,Total,98.15,Output Per Worker
2007.25,Netherlands,Total,97.874,Output Per Worker
2007.5,Netherlands,Total,98.347,Output Per Worker
2007.75,Netherlands,Total,99.405,Output Per Worker
2008.0,Netherlands,Total,99.538,Output Per Worker
2008.25,Netherlands,Total,99.342,Output Per Worker
2008.5,Netherlands,Total,98.976,Output Per Worker
2008.75,Netherlands,Total,98.007,Output Per Worker
2009.0,Netherlands,Total,95.962,Output Per Worker
2009.25,Netherlands,Total,95.663,Output Per Worker
2009.5,Netherlands,Total,96.154,Output Per Worker
2009.75,Netherlands,Total,96.862,Output Per Worker
2010.0,Netherlands,Total,97.475,Output Per Worker
2010.25,Netherlands,Total,98.011,Output Per Worker
2010.5,Netherlands,Total,97.975,Output Per Worker
2010.75,Netherlands,Total,98.676,Output Per Worker
2011.0,Netherlands,Total,99.559,Output Per Worker
2011.25,Netherlands,Total,99.174,Output Per Worker
2011.5,Netherlands,Total,98.931,Output Per Worker
2011.75,Netherlands,Total,98.443,Output Per Worker
2012.0,Netherlands,Total,98.343,Output Per Worker
2012.25,Netherlands,Total,98.439,Output Per Worker
2012.5,Netherlands,Total,98.28,Output Per Worker
2012.75,Netherlands,Total,98.092,Output Per Worker
2013.0,Netherlands,Total,98.488,Output Per Worker
2013.25,Netherlands,Total,99.137,Output Per Worker
2013.5,Netherlands,Total,99.75,Output Per Worker
2013.75,Netherlands,Total,100.456,Output Per Worker
2014.0,Netherlands,Total,100.862,Output Per Worker
2014.25,Netherlands,Total,101.059,Output Per Worker
2014.5,Netherlands,Total,100.923,Output Per Worker
2014.75,Netherlands,Total,102.146,Output Per Worker
2015.0,Netherlands,Total,102.359,Output Per Worker
2015.25,Netherlands,Total,102.524,Output Per Worker
2015.5,Netherlands,Total,102.648,Output Per Worker
2015.75,Netherlands,Total,102.516,Output Per Worker
2016.0,Netherlands,Total,103.006,Output Per Worker
2016.25,Netherlands,Total,103.253,Output Per Worker
2016.5,Netherlands,Total,103.674,Output Per Worker
2016.75,Netherlands,Total,103.936,Output Per Worker
2017.0,Netherlands,Total,103.961,Output Per Worker
2017.25,Netherlands,Total,103.859,Output Per Worker
2017.5,Netherlands,Total,103.949,Output Per Worker
2017.75,Netherlands,Total,103.902,Output Per Worker
2018.0,Netherlands,Total,103.844,Output Per Worker
2018.25,Netherlands,Total,103.649,Output Per Worker
2018.5,Netherlands,Total,103.272,Output Per Worker
2018.75,Netherlands,Total,102.935,Output Per Worker
2019.0,Netherlands,Total,103.561,Output Per Worker
2019.25,Netherlands,Total,103.591,Output Per Worker
2019.5,Netherlands,Total,103.763,Output Per Worker
2019.75,Netherlands,Total,103.476,Output Per Worker
2020.0,Netherlands,Total,102.192,Output Per Worker
2020.25,Netherlands,Total,95.813,Output Per Worker
2020.5,Netherlands,Total,100.818,Output Per Worker
2020.75,Netherlands,Total,101.177,Output Per Worker
2021.0,Netherlands,Total,102.193,Output Per Worker
2021.25,Netherlands,Total,105.016,Output Per Worker
2021.5,Netherlands,Total,105.585,Output Per Worker
2021.75,Netherlands,Total,105.119,Output Per Worker
2022.0,Netherlands,Total,105.642,Output Per Worker
2022.25,Netherlands,Total,107.253,Output Per Worker
2022.5,Netherlands,Total,106.594,Output Per Worker
2022.75,Netherlands,Total,105.718,Output Per Worker
2023.0,Netherlands,Total,104.837,Output Per Worker
2023.25,Netherlands,Total,104.235,Output Per Worker
2023.5,Netherlands,Total,103.361,Output Per Worker
2023.75,Netherlands,Total,103.271,Output Per Worker
2024.0,Netherlands,Total,103.012,Output Per Worker
2024.25,Netherlands,Total,103.965,Output Per Worker
2024.5,Netherlands,Total,104.51,Output Per Worker
2024.75,Netherlands,Total,104.637,Output Per Worker
2025.0,Netherlands,Total,104.979,Output Per Worker
2025.25,Netherlands,Total,104.953,Output Per Worker
1997.0,Norway,Total,87.34,Output Per Worker
1997.25,Norway,Total,87.854,Output Per Worker
1997.5,Norway,Total,87.478,Output Per Worker
1997.75,Norway,Total,87.531,Output Per Worker
1998.0,Norway,Total,88.16,Output Per Worker
1998.25,Norway,Total,88.417,Output Per Worker
1998.5,Norway,Total,86.851,Output Per Worker
1998.75,Norway,Total,86.91,Output Per Worker
1999.0,Norway,Total,87.922,Output Per Worker
1999.25,Norway,Total,87.91,Output Per Worker
1999.5,Norway,Total,88.958,Output Per Worker
1999.75,Norway,Total,89.485,Output Per Worker
2000.0,Norway,Total,91.676,Output Per Worker
2000.25,Norway,Total,90.346,Output Per Worker
2000.5,Norway,Total,90.834,Output Per Worker
2000.75,Norway,Total,91.014,Output Per Worker
2001.0,Norway,Total,92.429,Output Per Worker
2001.25,Norway,Total,92.283,Output Per Worker
2001.5,Norway,Total,93.177,Output Per Worker
2001.75,Norway,Total,93.178,Output Per Worker
2002.0,Norway,Total,92.951,Output Per Worker
2002.25,Norway,Total,94.316,Output Per Worker
2002.5,Norway,Total,93.65,Output Per Worker
2002.75,Norway,Total,94.905,Output Per Worker
2003.0,Norway,Total,95.711,Output Per Worker
2003.25,Norway,Total,95.877,Output Per Worker
2003.5,Norway,Total,96.702,Output Per Worker
2003.75,Norway,Total,96.722,Output Per Worker
2004.0,Norway,Total,100.332,Output Per Worker
2004.25,Norway,Total,99.984,Output Per Worker
2004.5,Norway,Total,99.195,Output Per Worker
2004.75,Norway,Total,99.822,Output Per Worker
2005.0,Norway,Total,101.315,Output Per Worker
2005.25,Norway,Total,101.261,Output Per Worker
2005.5,Norway,Total,101.365,Output Per Worker
2005.75,Norway,Total,101.207,Output Per Worker
2006.0,Norway,Total,101.045,Output Per Worker
2006.25,Norway,Total,100.111,Output Per Worker
2006.5,Norway,Total,99.977,Output Per Worker
2006.75,Norway,Total,100.823,Output Per Worker
2007.0,Norway,Total,100.729,Output Per Worker
2007.25,Norway,Total,99.346,Output Per Worker
2007.5,Norway,Total,98.968,Output Per Worker
2007.75,Norway,Total,98.993,Output Per Worker
2008.0,Norway,Total,97.603,Output Per Worker
2008.25,Norway,Total,96.461,Output Per Worker
2008.5,Norway,Total,96.76,Output Per Worker
2008.75,Norway,Total,96.805,Output Per Worker
2009.0,Norway,Total,95.471,Output Per Worker
2009.25,Norway,Total,95.746,Output Per Worker
2009.5,Norway,Total,95.449,Output Per Worker
2009.75,Norway,Total,94.998,Output Per Worker
2010.0,Norway,Total,97.404,Output Per Worker
2010.25,Norway,Total,96.923,Output Per Worker
2010.5,Norway,Total,94.884,Output Per Worker
2010.75,Norway,Total,96.326,Output Per Worker
2011.0,Norway,Total,96.209,Output Per Worker
2011.25,Norway,Total,95.767,Output Per Worker
2011.5,Norway,Total,96.349,Output Per Worker
2011.75,Norway,Total,95.974,Output Per Worker
2012.0,Norway,Total,97.329,Output Per Worker
2012.25,Norway,Total,97.035,Output Per Worker
2012.5,Norway,Total,96.09,Output Per Worker
2012.75,Norway,Total,96.448,Output Per Worker
2013.0,Norway,Total,96.197,Output Per Worker
2013.25,Norway,Total,96.607,Output Per Worker
2013.5,Norway,Total,97.072,Output Per Worker
2013.75,Norway,Total,96.564,Output Per Worker
2014.0,Norway,Total,96.842,Output Per Worker
2014.25,Norway,Total,97.519,Output Per Worker
2014.5,Norway,Total,97.747,Output Per Worker
2014.75,Norway,Total,98.191,Output Per Worker
2015.0,Norway,Total,98.509,Output Per Worker
2015.25,Norway,Total,98.882,Output Per Worker
2015.5,Norway,Total,99.629,Output Per Worker
2015.75,Norway,Total,98.99,Output Per Worker
2016.0,Norway,Total,99.516,Output Per Worker
2016.25,Norway,Total,99.301,Output Per Worker
2016.5,Norway,Total,98.887,Output Per Worker
2016.75,Norway,Total,99.99,Output Per Worker
2017.0,Norway,Total,100.717,Output Per Worker
2017.25,Norway,Total,101.464,Output Per Worker
2017.5,Norway,Total,101.825,Output Per Worker
2017.75,Norway,Total,100.732,Output Per Worker
2018.0,Norway,Total,100.789,Output Per Worker
2018.25,Norway,Total,100.765,Output Per Worker
2018.5,Norway,Total,101.001,Output Per Worker
2018.75,Norway,Total,100.46,Output Per Worker
2019.0,Norway,Total,99.731,Output Per Worker
2019.25,Norway,Total,100.127,Output Per Worker
2019.5,Norway,Total,100.342,Output Per Worker
2019.75,Norway,Total,100.961,Output Per Worker
2020.0,Norway,Total,100.173,Output Per Worker
2020.25,Norway,Total,97.727,Output Per Worker
2020.5,Norway,Total,101.293,Output Per Worker
2020.75,Norway,Total,100.807,Output Per Worker
2021.0,Norway,Total,103.126,Output Per Worker
2021.25,Norway,Total,101.85,Output Per Worker
2021.5,Norway,Total,104.269,Output Per Worker
2021.75,Norway,Total,102.281,Output Per Worker
2022.0,Norway,Total,101.603,Output Per Worker
2022.25,Norway,Total,102.137,Output Per Worker
2022.5,Norway,Total,104.073,Output Per Worker
2022.75,Norway,Total,101.782,Output Per Worker
2023.0,Norway,Total,101.815,Output Per Worker
2023.25,Norway,Total,100.844,Output Per Worker
2023.5,Norway,Total,99.945,Output Per Worker
2023.75,Norway,Total,102.337,Output Per Worker
2024.0,Norway,Total,102.482,Output Per Worker
2024.25,Norway,Total,104.451,Output Per Worker
2024.5,Norway,Total,102.68,Output Per Worker
2024.75,Norway,Total,101.618,Output Per Worker
2025.0,Norway,Total,101.174,Output Per Worker
1997.0,Poland,Total,47.911,Output Per Worker
1997.25,Poland,Total,48.444,Output Per Worker
1997.5,Poland,Total,48.464,Output Per Worker
1997.75,Poland,Total,49.011,Output Per Worker
1998.0,Poland,Total,49.595,Output Per Worker
1998.25,Poland,Total,49.687,Output Per Worker
1998.5,Poland,Total,50.208,Output Per Worker
1998.75,Poland,Total,50.614,Output Per Worker
1999.0,Poland,Total,51.416,Output Per Worker
1999.25,Poland,Total,53.253,Output Per Worker
1999.5,Poland,Total,55.062,Output Per Worker
1999.75,Poland,Total,56.534,Output Per Worker
2000.0,Poland,Total,57.192,Output Per Worker
2000.25,Poland,Total,57.862,Output Per Worker
2000.5,Poland,Total,58.041,Output Per Worker
2000.75,Poland,Total,59.158,Output Per Worker
2001.0,Poland,Total,59.642,Output Per Worker
2001.25,Poland,Total,59.861,Output Per Worker
2001.5,Poland,Total,60.494,Output Per Worker
2001.75,Poland,Total,61.149,Output Per Worker
2002.0,Poland,Total,61.841,Output Per Worker
2002.25,Poland,Total,62.74,Output Per Worker
2002.5,Poland,Total,64.072,Output Per Worker
2002.75,Poland,Total,64.316,Output Per Worker
2003.0,Poland,Total,65.001,Output Per Worker
2003.25,Poland,Total,65.846,Output Per Worker
2003.5,Poland,Total,67.149,Output Per Worker
2003.75,Poland,Total,67.092,Output Per Worker
2004.0,Poland,Total,68.843,Output Per Worker
2004.25,Poland,Total,69.3,Output Per Worker
2004.5,Poland,Total,68.614,Output Per Worker
2004.75,Poland,Total,68.475,Output Per Worker
2005.0,Poland,Total,69.083,Output Per Worker
2005.25,Poland,Total,69.262,Output Per Worker
2005.5,Poland,Total,69.573,Output Per Worker
2005.75,Poland,Total,70.139,Output Per Worker
2006.0,Poland,Total,71.264,Output Per Worker
2006.25,Poland,Total,72.118,Output Per Worker
2006.5,Poland,Total,72.199,Output Per Worker
2006.75,Poland,Total,70.601,Output Per Worker
2007.0,Poland,Total,72.524,Output Per Worker
2007.25,Poland,Total,72.706,Output Per Worker
2007.5,Poland,Total,73.569,Output Per Worker
2007.75,Poland,Total,73.639,Output Per Worker
2008.0,Poland,Total,73.536,Output Per Worker
2008.25,Poland,Total,73.915,Output Per Worker
2008.5,Poland,Total,73.472,Output Per Worker
2008.75,Poland,Total,73.461,Output Per Worker
2009.0,Poland,Total,73.863,Output Per Worker
2009.25,Poland,Total,74.217,Output Per Worker
2009.5,Poland,Total,75.21,Output Per Worker
2009.75,Poland,Total,76.818,Output Per Worker
2010.0,Poland,Total,78.14,Output Per Worker
2010.25,Poland,Total,79.064,Output Per Worker
2010.5,Poland,Total,79.903,Output Per Worker
2010.75,Poland,Total,80.572,Output Per Worker
2011.0,Poland,Total,82.077,Output Per Worker
2011.25,Poland,Total,82.896,Output Per Worker
2011.5,Poland,Total,83.781,Output Per Worker
2011.75,Poland,Total,84.531,Output Per Worker
2012.0,Poland,Total,84.852,Output Per Worker
2012.25,Poland,Total,84.371,Output Per Worker
2012.5,Poland,Total,84.521,Output Per Worker
2012.75,Poland,Total,84.691,Output Per Worker
2013.0,Poland,Total,84.598,Output Per Worker
2013.25,Poland,Total,84.916,Output Per Worker
2013.5,Poland,Total,85.553,Output Per Worker
2013.75,Poland,Total,85.679,Output Per Worker
2014.0,Poland,Total,86.047,Output Per Worker
2014.25,Poland,Total,86.84,Output Per Worker
2014.5,Poland,Total,87.163,Output Per Worker
2014.75,Poland,Total,87.741,Output Per Worker
2015.0,Poland,Total,88.692,Output Per Worker
2015.25,Poland,Total,89.085,Output Per Worker
2015.5,Poland,Total,89.592,Output Per Worker
2015.75,Poland,Total,89.745,Output Per Worker
2016.0,Poland,Total,90.195,Output Per Worker
2016.25,Poland,Total,91.349,Output Per Worker
2016.5,Poland,Total,91.594,Output Per Worker
2016.75,Poland,Total,92.688,Output Per Worker
2017.0,Poland,Total,93.47,Output Per Worker
2017.25,Poland,Total,93.987,Output Per Worker
2017.5,Poland,Total,95.473,Output Per Worker
2017.75,Poland,Total,97.11,Output Per Worker
2018.0,Poland,Total,98.666,Output Per Worker
2018.25,Poland,Total,99.183,Output Per Worker
2018.5,Poland,Total,100.642,Output Per Worker
2018.75,Poland,Total,102.761,Output Per Worker
2019.0,Poland,Total,102.314,Output Per Worker
2019.25,Poland,Total,101.757,Output Per Worker
2019.5,Poland,Total,102.217,Output Per Worker
2019.75,Poland,Total,103.231,Output Per Worker
2020.0,Poland,Total,103.76,Output Per Worker
2020.25,Poland,Total,95.315,Output Per Worker
2020.5,Poland,Total,100.801,Output Per Worker
2020.75,Poland,Total,100.124,Output Per Worker
2021.0,Poland,Total,101.9,Output Per Worker
2021.25,Poland,Total,103.144,Output Per Worker
2021.5,Poland,Total,104.326,Output Per Worker
2021.75,Poland,Total,106.279,Output Per Worker
2022.0,Poland,Total,109.803,Output Per Worker
2022.25,Poland,Total,108.014,Output Per Worker
2022.5,Poland,Total,109.237,Output Per Worker
2022.75,Poland,Total,106.86,Output Per Worker
2023.0,Poland,Total,107.833,Output Per Worker
2023.25,Poland,Total,107.236,Output Per Worker
2023.5,Poland,Total,109.466,Output Per Worker
2023.75,Poland,Total,109.259,Output Per Worker
2024.0,Poland,Total,110.592,Output Per Worker
2024.25,Poland,Total,112.57,Output Per Worker
2024.5,Poland,Total,112.602,Output Per Worker
2024.75,Poland,Total,114.102,Output Per Worker
2025.0,Poland,Total,115.515,Output Per Worker
2025.25,Poland,Total,115.975,Output Per Worker
1997.0,Romania,Total,37.599,Output Per Worker
1997.25,Romania,Total,36.061,Output Per Worker
1997.5,Romania,Total,36.453,Output Per Worker
1997.75,Romania,Total,35.704,Output Per Worker
1998.0,Romania,Total,35.076,Output Per Worker
1998.25,Romania,Total,35.733,Output Per Worker
1998.5,Romania,Total,37.88,Output Per Worker
1998.75,Romania,Total,38.63,Output Per Worker
1999.0,Romania,Total,37.946,Output Per Worker
1999.25,Romania,Total,37.239,Output Per Worker
1999.5,Romania,Total,36.956,Output Per Worker
1999.75,Romania,Total,36.445,Output Per Worker
2000.0,Romania,Total,37.232,Output Per Worker
2000.25,Romania,Total,40.046,Output Per Worker
2000.5,Romania,Total,37.914,Output Per Worker
2000.75,Romania,Total,38.191,Output Per Worker
2001.0,Romania,Total,40.017,Output Per Worker
2001.25,Romania,Total,40.111,Output Per Worker
2001.5,Romania,Total,40.994,Output Per Worker
2001.75,Romania,Total,42.014,Output Per Worker
2002.0,Romania,Total,47.992,Output Per Worker
2002.25,Romania,Total,48.266,Output Per Worker
2002.5,Romania,Total,47.492,Output Per Worker
2002.75,Romania,Total,48.332,Output Per Worker
2003.0,Romania,Total,48.922,Output Per Worker
2003.25,Romania,Total,49.229,Output Per Worker
2003.5,Romania,Total,49.206,Output Per Worker
2003.75,Romania,Total,49.334,Output Per Worker
2004.0,Romania,Total,54.532,Output Per Worker
2004.25,Romania,Total,54.968,Output Per Worker
2004.5,Romania,Total,57.793,Output Per Worker
2004.75,Romania,Total,58.75,Output Per Worker
2005.0,Romania,Total,57.906,Output Per Worker
2005.25,Romania,Total,57.914,Output Per Worker
2005.5,Romania,Total,60.499,Output Per Worker
2005.75,Romania,Total,61.129,Output Per Worker
2006.0,Romania,Total,61.893,Output Per Worker
2006.25,Romania,Total,61.599,Output Per Worker
2006.5,Romania,Total,63.018,Output Per Worker
2006.75,Romania,Total,64.683,Output Per Worker
2007.0,Romania,Total,65.305,Output Per Worker
2007.25,Romania,Total,66.267,Output Per Worker
2007.5,Romania,Total,64.725,Output Per Worker
2007.75,Romania,Total,69.47,Output Per Worker
2008.0,Romania,Total,70.802,Output Per Worker
2008.25,Romania,Total,73.317,Output Per Worker
2008.5,Romania,Total,75.13,Output Per Worker
2008.75,Romania,Total,74.94,Output Per Worker
2009.0,Romania,Total,69.266,Output Per Worker
2009.25,Romania,Total,69.842,Output Per Worker
2009.5,Romania,Total,73.583,Output Per Worker
2009.75,Romania,Total,76.106,Output Per Worker
2010.0,Romania,Total,72.454,Output Per Worker
2010.25,Romania,Total,71.589,Output Per Worker
2010.5,Romania,Total,69.738,Output Per Worker
2010.75,Romania,Total,72.945,Output Per Worker
2011.0,Romania,Total,74.46,Output Per Worker
2011.25,Romania,Total,77.241,Output Per Worker
2011.5,Romania,Total,79.543,Output Per Worker
2011.75,Romania,Total,75.273,Output Per Worker
2012.0,Romania,Total,78.207,Output Per Worker
2012.25,Romania,Total,78.046,Output Per Worker
2012.5,Romania,Total,76.417,Output Per Worker
2012.75,Romania,Total,75.337,Output Per Worker
2013.0,Romania,Total,76.267,Output Per Worker
2013.25,Romania,Total,77.476,Output Per Worker
2013.5,Romania,Total,78.694,Output Per Worker
2013.75,Romania,Total,79.099,Output Per Worker
2014.0,Romania,Total,79.341,Output Per Worker
2014.25,Romania,Total,80.011,Output Per Worker
2014.5,Romania,Total,81.258,Output Per Worker
2014.75,Romania,Total,81.254,Output Per Worker
2015.0,Romania,Total,84.277,Output Per Worker
2015.25,Romania,Total,84.047,Output Per Worker
2015.5,Romania,Total,84.036,Output Per Worker
2015.75,Romania,Total,83.974,Output Per Worker
2016.0,Romania,Total,87.218,Output Per Worker
2016.25,Romania,Total,87.487,Output Per Worker
2016.5,Romania,Total,87.416,Output Per Worker
2016.75,Romania,Total,87.757,Output Per Worker
2017.0,Romania,Total,91.518,Output Per Worker
2017.25,Romania,Total,90.453,Output Per Worker
2017.5,Romania,Total,93.498,Output Per Worker
2017.75,Romania,Total,94.466,Output Per Worker
2018.0,Romania,Total,95.819,Output Per Worker
2018.25,Romania,Total,97.113,Output Per Worker
2018.5,Romania,Total,99.447,Output Per Worker
2018.75,Romania,Total,99.618,Output Per Worker
2019.0,Romania,Total,99.988,Output Per Worker
2019.25,Romania,Total,100.907,Output Per Worker
2019.5,Romania,Total,102.217,Output Per Worker
2019.75,Romania,Total,103.746,Output Per Worker
2020.0,Romania,Total,101.746,Output Per Worker
2020.25,Romania,Total,95.798,Output Per Worker
2020.5,Romania,Total,99.183,Output Per Worker
2020.75,Romania,Total,103.273,Output Per Worker
2021.0,Romania,Total,104.428,Output Per Worker
2021.25,Romania,Total,104.159,Output Per Worker
2021.5,Romania,Total,105.435,Output Per Worker
2021.75,Romania,Total,105.148,Output Per Worker
2022.0,Romania,Total,107.857,Output Per Worker
2022.25,Romania,Total,106.486,Output Per Worker
2022.5,Romania,Total,108.516,Output Per Worker
2022.75,Romania,Total,109.693,Output Per Worker
2023.0,Romania,Total,111.186,Output Per Worker
2023.25,Romania,Total,113.136,Output Per Worker
2023.5,Romania,Total,113.452,Output Per Worker
2023.75,Romania,Total,111.961,Output Per Worker
2024.0,Romania,Total,109.115,Output Per Worker
2024.25,Romania,Total,109.877,Output Per Worker
2024.5,Romania,Total,113.943,Output Per Worker
2024.75,Romania,Total,112.453,Output Per Worker
2025.0,Romania,Total,115.019,Output Per Worker
1997.0,UK,A to T (excluding imputed rental),70.1313189798375,Gross Value Added
1997.25,UK,A to T (excluding imputed rental),71.0447841118649,Gross Value Added
1997.5,UK,A to T (excluding imputed rental),71.7880064750264,Gross Value Added
1997.75,UK,A to T (excluding imputed rental),72.96408725443932,Gross Value Added
1998.0,UK,A to T (excluding imputed rental),73.51988638582189,Gross Value Added
1998.25,UK,A to T (excluding imputed rental),73.97840393499537,Gross Value Added
1998.5,UK,A to T (excluding imputed rental),74.22807845447232,Gross Value Added
1998.75,UK,A to T (excluding imputed rental),74.73367493448553,Gross Value Added
1999.0,UK,A to T (excluding imputed rental),75.25979872083644,Gross Value Added
1999.25,UK,A to T (excluding imputed rental),75.65963494863153,Gross Value Added
1999.5,UK,A to T (excluding imputed rental),76.84240941489368,Gross Value Added
1999.75,UK,A to T (excluding imputed rental),78.11911861994027,Gross Value Added
2000.0,UK,A to T (excluding imputed rental),79.16043317078831,Gross Value Added
2000.25,UK,A to T (excluding imputed rental),79.96255997822321,Gross Value Added
2000.5,UK,A to T (excluding imputed rental),80.54803445463743,Gross Value Added
2000.75,UK,A to T (excluding imputed rental),81.1948677271698,Gross Value Added
2001.0,UK,A to T (excluding imputed rental),81.94277567112577,Gross Value Added
2001.25,UK,A to T (excluding imputed rental),82.22524925616406,Gross Value Added
2001.5,UK,A to T (excluding imputed rental),82.5951870160325,Gross Value Added
2001.75,UK,A to T (excluding imputed rental),82.76297543305365,Gross Value Added
2002.0,UK,A to T (excluding imputed rental),82.93121009586474,Gross Value Added
2002.25,UK,A to T (excluding imputed rental),83.44149215667244,Gross Value Added
2002.5,UK,A to T (excluding imputed rental),84.29783782758624,Gross Value Added
2002.75,UK,A to T (excluding imputed rental),84.91410326350703,Gross Value Added
2003.0,UK,A to T (excluding imputed rental),85.45963874172074,Gross Value Added
2003.25,UK,A to T (excluding imputed rental),86.17006203932095,Gross Value Added
2003.5,UK,A to T (excluding imputed rental),86.92087058091161,Gross Value Added
2003.75,UK,A to T (excluding imputed rental),87.63664882799121,Gross Value Added
2004.0,UK,A to T (excluding imputed rental),87.98806738757673,Gross Value Added
2004.25,UK,A to T (excluding imputed rental),88.31494242871501,Gross Value Added
2004.5,UK,A to T (excluding imputed rental),88.71991048309454,Gross Value Added
2004.75,UK,A to T (excluding imputed rental),89.52404539658421,Gross Value Added
2005.0,UK,A to T (excluding imputed rental),90.34246017535227,Gross Value Added
2005.25,UK,A to T (excluding imputed rental),91.25436344711484,Gross Value Added
2005.5,UK,A to T (excluding imputed rental),91.98977650895225,Gross Value Added
2005.75,UK,A to T (excluding imputed rental),92.9704016323671,Gross Value Added
2006.0,UK,A to T (excluding imputed rental),93.50076475372252,Gross Value Added
2006.25,UK,A to T (excluding imputed rental),93.68484114207685,Gross Value Added
2006.5,UK,A to T (excluding imputed rental),93.84839022409348,Gross Value Added
2006.75,UK,A to T (excluding imputed rental),94.48183612292732,Gross Value Added
2007.0,UK,A to T (excluding imputed rental),95.66907304708899,Gross Value Added
2007.25,UK,A to T (excluding imputed rental),96.57383638621235,Gross Value Added
2007.5,UK,A to T (excluding imputed rental),97.36235269705378,Gross Value Added
2007.75,UK,A to T (excluding imputed rental),97.86661043969713,Gross Value Added
2008.0,UK,A to T (excluding imputed rental),98.55182085016516,Gross Value Added
2008.25,UK,A to T (excluding imputed rental),98.14997651631529,Gross Value Added
2008.5,UK,A to T (excluding imputed rental),96.46048995556508,Gross Value Added
2008.75,UK,A to T (excluding imputed rental),94.17883523155136,Gross Value Added
2009.0,UK,A to T (excluding imputed rental),92.02279869740853,Gross Value Added
2009.25,UK,A to T (excluding imputed rental),91.59127901852699,Gross Value Added
2009.5,UK,A to T (excluding imputed rental),91.66379395939387,Gross Value Added
2009.75,UK,A to T (excluding imputed rental),92.03529357952715,Gross Value Added
2010.0,UK,A to T (excluding imputed rental),93.03956972980933,Gross Value Added
2010.25,UK,A to T (excluding imputed rental),94.09137105672117,Gross Value Added
2010.5,UK,A to T (excluding imputed rental),94.60700806700827,Gross Value Added
2010.75,UK,A to T (excluding imputed rental),94.67595304155552,Gross Value Added
2011.0,UK,A to T (excluding imputed rental),95.11372016149635,Gross Value Added
2011.25,UK,A to T (excluding imputed rental),95.2609812721798,Gross Value Added
2011.5,UK,A to T (excluding imputed rental),95.61708541255982,Gross Value Added
2011.75,UK,A to T (excluding imputed rental),95.80807861065837,Gross Value Added
2012.0,UK,A to T (excluding imputed rental),96.60663545177366,Gross Value Added
2012.25,UK,A to T (excluding imputed rental),96.37548013257961,Gross Value Added
2012.5,UK,A to T (excluding imputed rental),97.31371190594925,Gross Value Added
2012.75,UK,A to T (excluding imputed rental),97.18831683897331,Gross Value Added
2013.0,UK,A to T (excluding imputed rental),97.49600331114375,Gross Value Added
2013.25,UK,A to T (excluding imputed rental),98.1901386374108,Gross Value Added
2013.5,UK,A to T (excluding imputed rental),98.81242839149589,Gross Value Added
2013.75,UK,A to T (excluding imputed rental),99.4338256540011,Gross Value Added
2014.0,UK,A to T (excluding imputed rental),100.3437208197089,Gross Value Added
2014.25,UK,A to T (excluding imputed rental),101.39462965504084,Gross Value Added
2014.5,UK,A to T (excluding imputed rental),102.3138959823376,Gross Value Added
2014.75,UK,A to T (excluding imputed rental),103.02409615704282,Gross Value Added
2015.0,UK,A to T (excluding imputed rental),103.13878132505994,Gross Value Added
2015.25,UK,A to T (excluding imputed rental),103.56137608814247,Gross Value Added
2015.5,UK,A to T (excluding imputed rental),103.74478310781188,Gross Value Added
2015.75,UK,A to T (excluding imputed rental),104.15532923456574,Gross Value Added
2016.0,UK,A to T (excluding imputed rental),104.59153449424177,Gross Value Added
2016.25,UK,A to T (excluding imputed rental),105.32605506449923,Gross Value Added
2016.5,UK,A to T (excluding imputed rental),105.92112382539742,Gross Value Added
2016.75,UK,A to T (excluding imputed rental),106.82075533793636,Gross Value Added
2017.0,UK,A to T (excluding imputed rental),107.9330229693864,Gross Value Added
2017.25,UK,A to T (excluding imputed rental),108.61912587143433,Gross Value Added
2017.5,UK,A to T (excluding imputed rental),109.19210546573,Gross Value Added
2017.75,UK,A to T (excluding imputed rental),109.7742330987196,Gross Value Added
2018.0,UK,A to T (excluding imputed rental),109.73362473183417,Gross Value Added
2018.25,UK,A to T (excluding imputed rental),110.00784276975837,Gross Value Added
2018.5,UK,A to T (excluding imputed rental),110.35524511723433,Gross Value Added
2018.75,UK,A to T (excluding imputed rental),110.45810477181779,Gross Value Added
2019.0,UK,A to T (excluding imputed rental),111.26380154557229,Gross Value Added
2019.25,UK,A to T (excluding imputed rental),111.65270475151361,Gross Value Added
2019.5,UK,A to T (excluding imputed rental),112.69491179394153,Gross Value Added
2019.75,UK,A to T (excluding imputed rental),112.86671642307225,Gross Value Added
2020.0,UK,A to T (excluding imputed rental),109.80011535453671,Gross Value Added
2020.25,UK,A to T (excluding imputed rental),85.25592753860862,Gross Value Added
2020.5,UK,A to T (excluding imputed rental),101.60637328237205,Gross Value Added
2020.75,UK,A to T (excluding imputed rental),103.33758382448262,Gross Value Added
2021.0,UK,A to T (excluding imputed rental),101.99326838225859,Gross Value Added
2021.25,UK,A to T (excluding imputed rental),110.04956675111868,Gross Value Added
2021.5,UK,A to T (excluding imputed rental),111.90728797468002,Gross Value Added
2021.75,UK,A to T (excluding imputed rental),113.52582145482822,Gross Value Added
2022.0,UK,A to T (excluding imputed rental),114.40559502971439,Gross Value Added
2022.25,UK,A to T (excluding imputed rental),114.67356562657929,Gross Value Added
2022.5,UK,A to T (excluding imputed rental),114.63920470075315,Gross Value Added
2022.75,UK,A to T (excluding imputed rental),115.10017660177132,Gross Value Added
2023.0,UK,A to T (excluding imputed rental),115.21843173610809,Gross Value Added
2023.25,UK,A to T (excluding imputed rental),115.17202217395335,Gross Value Added
2023.5,UK,A to T (excluding imputed rental),115.01405116431098,Gross Value Added
2023.75,UK,A to T (excluding imputed rental),114.69052296659738,Gross Value Added
2024.0,UK,A to T (excluding imputed rental),115.79275006777357,Gross Value Added
2024.25,UK,A to T (excluding imputed rental),116.31530388780489,Gross Value Added
2024.5,UK,A to T (excluding imputed rental),116.28942163198776,Gross Value Added
2024.75,UK,A to T (excluding imputed rental),116.33716993151238,Gross Value Added
2025.0,UK,A to T (excluding imputed rental),117.23055400299202,Gross Value Added
1997.0,UK,Manufacturing,75.45948431955671,Gross Value Added
1997.25,UK,Manufacturing,76.86128516601683,Gross Value Added
1997.5,UK,Manufacturing,77.93208552689964,Gross Value Added
1997.75,UK,Manufacturing,79.20292095732904,Gross Value Added
1998.0,UK,Manufacturing,79.59744364166387,Gross Value Added
1998.25,UK,Manufacturing,80.46502576805385,Gross Value Added
1998.5,UK,Manufacturing,79.89658423877016,Gross Value Added
1998.75,UK,Manufacturing,80.12075598890094,Gross Value Added
1999.0,UK,Manufacturing,82.14797552683282,Gross Value Added
1999.25,UK,Manufacturing,83.24209292612903,Gross Value Added
1999.5,UK,Manufacturing,84.43437436625906,Gross Value Added
1999.75,UK,Manufacturing,84.54930622402038,Gross Value Added
2000.0,UK,Manufacturing,86.07027185345206,Gross Value Added
2000.25,UK,Manufacturing,85.81350584688265,Gross Value Added
2000.5,UK,Manufacturing,85.92877099753375,Gross Value Added
2000.75,UK,Manufacturing,87.99298774371971,Gross Value Added
2001.0,UK,Manufacturing,87.69298705985378,Gross Value Added
2001.25,UK,Manufacturing,86.93555468063316,Gross Value Added
2001.5,UK,Manufacturing,88.10810551626172,Gross Value Added
2001.75,UK,Manufacturing,87.15259557081825,Gross Value Added
2002.0,UK,Manufacturing,87.41584260899012,Gross Value Added
2002.25,UK,Manufacturing,85.95002107640347,Gross Value Added
2002.5,UK,Manufacturing,91.63816170552099,Gross Value Added
2002.75,UK,Manufacturing,90.4437089676291,Gross Value Added
2003.0,UK,Manufacturing,89.95619376758619,Gross Value Added
2003.25,UK,Manufacturing,89.24130970887487,Gross Value Added
2003.5,UK,Manufacturing,89.5996819211719,Gross Value Added
2003.75,UK,Manufacturing,91.06058275726602,Gross Value Added
2004.0,UK,Manufacturing,92.77278847924015,Gross Value Added
2004.25,UK,Manufacturing,92.72163354792244,Gross Value Added
2004.5,UK,Manufacturing,91.08245983852667,Gross Value Added
2004.75,UK,Manufacturing,91.25055811443126,Gross Value Added
2005.0,UK,Manufacturing,91.55577286329778,Gross Value Added
2005.25,UK,Manufacturing,92.10311709229227,Gross Value Added
2005.5,UK,Manufacturing,92.03072729503151,Gross Value Added
2005.75,UK,Manufacturing,93.26303617550406,Gross Value Added
2006.0,UK,Manufacturing,94.59854351821456,Gross Value Added
2006.25,UK,Manufacturing,97.5327434258855,Gross Value Added
2006.5,UK,Manufacturing,98.34648845222954,Gross Value Added
2006.75,UK,Manufacturing,99.2812960879291,Gross Value Added
2007.0,UK,Manufacturing,97.43184313194034,Gross Value Added
2007.25,UK,Manufacturing,96.19400042357704,Gross Value Added
2007.5,UK,Manufacturing,96.26980693855434,Gross Value Added
2007.75,UK,Manufacturing,97.24826126924724,Gross Value Added
2008.0,UK,Manufacturing,96.5354707932563,Gross Value Added
2008.25,UK,Manufacturing,95.91427840430262,Gross Value Added
2008.5,UK,Manufacturing,94.82921480265267,Gross Value Added
2008.75,UK,Manufacturing,91.81274039757491,Gross Value Added
2009.0,UK,Manufacturing,85.96852198903255,Gross Value Added
2009.25,UK,Manufacturing,85.65259868406481,Gross Value Added
2009.5,UK,Manufacturing,86.32192543402032,Gross Value Added
2009.75,UK,Manufacturing,87.52473691414205,Gross Value Added
2010.0,UK,Manufacturing,87.79292251685537,Gross Value Added
2010.25,UK,Manufacturing,88.99770335042896,Gross Value Added
2010.5,UK,Manufacturing,88.07941482653985,Gross Value Added
2010.75,UK,Manufacturing,87.13191618778102,Gross Value Added
2011.0,UK,Manufacturing,83.86378189970696,Gross Value Added
2011.25,UK,Manufacturing,83.47174049082356,Gross Value Added
2011.5,UK,Manufacturing,83.29783155331079,Gross Value Added
2011.75,UK,Manufacturing,84.60923079316129,Gross Value Added
2012.0,UK,Manufacturing,85.95254959981919,Gross Value Added
2012.25,UK,Manufacturing,87.34005123244671,Gross Value Added
2012.5,UK,Manufacturing,88.33959600920035,Gross Value Added
2012.75,UK,Manufacturing,88.17854151824591,Gross Value Added
2013.0,UK,Manufacturing,87.88905016978761,Gross Value Added
2013.25,UK,Manufacturing,89.38099659739261,Gross Value Added
2013.5,UK,Manufacturing,91.3869409461928,Gross Value Added
2013.75,UK,Manufacturing,92.23559678683625,Gross Value Added
2014.0,UK,Manufacturing,93.41277136617256,Gross Value Added
2014.25,UK,Manufacturing,93.66783584050076,Gross Value Added
2014.5,UK,Manufacturing,94.55500357008614,Gross Value Added
2014.75,UK,Manufacturing,95.32686239622974,Gross Value Added
2015.0,UK,Manufacturing,97.2297644817858,Gross Value Added
2015.25,UK,Manufacturing,98.19114779644917,Gross Value Added
2015.5,UK,Manufacturing,98.0663230694682,Gross Value Added
2015.75,UK,Manufacturing,98.2969315984976,Gross Value Added
2016.0,UK,Manufacturing,96.27979083710326,Gross Value Added
2016.25,UK,Manufacturing,96.3623473848419,Gross Value Added
2016.5,UK,Manufacturing,94.89119241610997,Gross Value Added
2016.75,UK,Manufacturing,95.28699236739602,Gross Value Added
2017.0,UK,Manufacturing,96.1508269806541,Gross Value Added
2017.25,UK,Manufacturing,96.75669715709257,Gross Value Added
2017.5,UK,Manufacturing,97.73042282224253,Gross Value Added
2017.75,UK,Manufacturing,100.1285567061226,Gross Value Added
2018.0,UK,Manufacturing,100.82555280599637,Gross Value Added
2018.25,UK,Manufacturing,101.29325252458881,Gross Value Added
2018.5,UK,Manufacturing,100.77418721686786,Gross Value Added
2018.75,UK,Manufacturing,97.66769065045325,Gross Value Added
2019.0,UK,Manufacturing,99.32379803317217,Gross Value Added
2019.25,UK,Manufacturing,98.66610864433996,Gross Value Added
2019.5,UK,Manufacturing,99.92706558730488,Gross Value Added
2019.75,UK,Manufacturing,101.91556572383456,Gross Value Added
2020.0,UK,Manufacturing,103.369175857687,Gross Value Added
2020.25,UK,Manufacturing,82.75570911534092,Gross Value Added
2020.5,UK,Manufacturing,105.25803008690858,Gross Value Added
2020.75,UK,Manufacturing,108.6170849400635,Gross Value Added
2021.0,UK,Manufacturing,104.46226240306042,Gross Value Added
2021.25,UK,Manufacturing,104.48170760512585,Gross Value Added
2021.5,UK,Manufacturing,101.26733095890282,Gross Value Added
2021.75,UK,Manufacturing,99.42296778722,Gross Value Added
2022.0,UK,Manufacturing,96.52083369079179,Gross Value Added
2022.25,UK,Manufacturing,94.83398954728767,Gross Value Added
2022.5,UK,Manufacturing,92.75192058554713,Gross Value Added
2022.75,UK,Manufacturing,92.19704059089459,Gross Value Added
2023.0,UK,Manufacturing,92.37333282051915,Gross Value Added
2023.25,UK,Manufacturing,93.3721939633394,Gross Value Added
2023.5,UK,Manufacturing,92.27480454828918,Gross Value Added
2023.75,UK,Manufacturing,90.69761575182763,Gross Value Added
2024.0,UK,Manufacturing,91.58415944718548,Gross Value Added
2024.25,UK,Manufacturing,90.38093822230499,Gross Value Added
2024.5,UK,Manufacturing,90.21428280687823,Gross Value Added
2024.75,UK,Manufacturing,89.73992437018101,Gross Value Added
2025.0,UK,Manufacturing,91.13474888150982,Gross Value Added
1997.0,UK,Construction,103.32344732590666,Gross Value Added
1997.25,UK,Construction,107.19821986994276,Gross Value Added
1997.5,UK,Construction,107.00586067119619,Gross Value Added
1997.75,UK,Construction,110.70817520261069,Gross Value Added
1998.0,UK,Construction,113.13917076315498,Gross Value Added
1998.25,UK,Construction,110.67455608535042,Gross Value Added
1998.5,UK,Construction,111.31220998372228,Gross Value Added
1998.75,UK,Construction,113.94505404385036,Gross Value Added
1999.0,UK,Construction,116.08584797598891,Gross Value Added
1999.25,UK,Construction,117.26400358652025,Gross Value Added
1999.5,UK,Construction,119.17059453943742,Gross Value Added
1999.75,UK,Construction,118.64814705685059,Gross Value Added
2000.0,UK,Construction,120.56530604872972,Gross Value Added
2000.25,UK,Construction,117.76111446131996,Gross Value Added
2000.5,UK,Construction,114.79304017750167,Gross Value Added
2000.75,UK,Construction,116.68353356956736,Gross Value Added
2001.0,UK,Construction,116.02422866190425,Gross Value Added
2001.25,UK,Construction,117.8858424053024,Gross Value Added
2001.5,UK,Construction,116.37301404580849,Gross Value Added
2001.75,UK,Construction,116.6096074320786,Gross Value Added
2002.0,UK,Construction,115.3644659137972,Gross Value Added
2002.25,UK,Construction,113.98375009139518,Gross Value Added
2002.5,UK,Construction,114.72028026613144,Gross Value Added
2002.75,UK,Construction,114.798517363912,Gross Value Added
2003.0,UK,Construction,110.38969003223042,Gross Value Added
2003.25,UK,Construction,111.49036637593129,Gross Value Added
2003.5,UK,Construction,111.99429808473487,Gross Value Added
2003.75,UK,Construction,112.56145956363535,Gross Value Added
2004.0,UK,Construction,114.91019604171504,Gross Value Added
2004.25,UK,Construction,111.11755731748352,Gross Value Added
2004.5,UK,Construction,109.789560292765,Gross Value Added
2004.75,UK,Construction,108.64948742844673,Gross Value Added
2005.0,UK,Construction,110.23168685946322,Gross Value Added
2005.25,UK,Construction,110.48589557897846,Gross Value Added
2005.5,UK,Construction,108.69162258024019,Gross Value Added
2005.75,UK,Construction,108.38424534674303,Gross Value Added
2006.0,UK,Construction,109.79436175836756,Gross Value Added
2006.25,UK,Construction,110.35830349982217,Gross Value Added
2006.5,UK,Construction,110.31313677787733,Gross Value Added
2006.75,UK,Construction,111.11269665170546,Gross Value Added
2007.0,UK,Construction,110.98249884858294,Gross Value Added
2007.25,UK,Construction,109.31340925737258,Gross Value Added
2007.5,UK,Construction,106.59331721964713,Gross Value Added
2007.75,UK,Construction,106.85681273009648,Gross Value Added
2008.0,UK,Construction,106.65546592683692,Gross Value Added
2008.25,UK,Construction,104.37055806236333,Gross Value Added
2008.5,UK,Construction,101.07473967845249,Gross Value Added
2008.75,UK,Construction,95.66401754175938,Gross Value Added
2009.0,UK,Construction,88.13775935039891,Gross Value Added
2009.25,UK,Construction,87.59065119848798,Gross Value Added
2009.5,UK,Construction,89.15960100710257,Gross Value Added
2009.75,UK,Construction,87.53375384375182,Gross Value Added
2010.0,UK,Construction,91.40333728872211,Gross Value Added
2010.25,UK,Construction,95.46403334565584,Gross Value Added
2010.5,UK,Construction,97.28648985007817,Gross Value Added
2010.75,UK,Construction,95.50270622644994,Gross Value Added
2011.0,UK,Construction,97.92137806295422,Gross Value Added
2011.25,UK,Construction,100.22635333131353,Gross Value Added
2011.5,UK,Construction,99.62605343776858,Gross Value Added
2011.75,UK,Construction,101.50023524021059,Gross Value Added
2012.0,UK,Construction,99.7116670942538,Gross Value Added
2012.25,UK,Construction,99.62343569542706,Gross Value Added
2012.5,UK,Construction,98.19564788693678,Gross Value Added
2012.75,UK,Construction,100.34537654040211,Gross Value Added
2013.0,UK,Construction,101.47975800072184,Gross Value Added
2013.25,UK,Construction,103.18569997191223,Gross Value Added
2013.5,UK,Construction,105.17443846483532,Gross Value Added
2013.75,UK,Construction,105.06294597174772,Gross Value Added
2014.0,UK,Construction,105.54549260356725,Gross Value Added
2014.25,UK,Construction,106.43977236945861,Gross Value Added
2014.5,UK,Construction,107.04977811678754,Gross Value Added
2014.75,UK,Construction,107.9736371355172,Gross Value Added
2015.0,UK,Construction,110.93377937726781,Gross Value Added
2015.25,UK,Construction,112.60113275586204,Gross Value Added
2015.5,UK,Construction,110.71340447885747,Gross Value Added
2015.75,UK,Construction,111.84245009426354,Gross Value Added
2016.0,UK,Construction,110.82358581701848,Gross Value Added
2016.25,UK,Construction,109.43590944122828,Gross Value Added
2016.5,UK,Construction,109.21363413710922,Gross Value Added
2016.75,UK,Construction,110.04328707755045,Gross Value Added
2017.0,UK,Construction,113.50909317216629,Gross Value Added
2017.25,UK,Construction,114.04756189534753,Gross Value Added
2017.5,UK,Construction,113.76286941320902,Gross Value Added
2017.75,UK,Construction,115.51066164417982,Gross Value Added
2018.0,UK,Construction,113.69081928297018,Gross Value Added
2018.25,UK,Construction,114.58190018976708,Gross Value Added
2018.5,UK,Construction,113.75938476450378,Gross Value Added
2018.75,UK,Construction,112.39383349786496,Gross Value Added
2019.0,UK,Construction,114.06173598391298,Gross Value Added
2019.25,UK,Construction,112.70617973156658,Gross Value Added
2019.5,UK,Construction,114.3634766648289,Gross Value Added
2019.75,UK,Construction,112.17458546766082,Gross Value Added
2020.0,UK,Construction,112.68527656508071,Gross Value Added
2020.25,UK,Construction,76.62187385445137,Gross Value Added
2020.5,UK,Construction,103.22892619803422,Gross Value Added
2020.75,UK,Construction,107.46392338243376,Gross Value Added
2021.0,UK,Construction,109.46587068938489,Gross Value Added
2021.25,UK,Construction,112.0100885954563,Gross Value Added
2021.5,UK,Construction,108.7535163363116,Gross Value Added
2021.75,UK,Construction,111.03539109936038,Gross Value Added
2022.0,UK,Construction,114.85790607586691,Gross Value Added
2022.25,UK,Construction,117.43890209948971,Gross Value Added
2022.5,UK,Construction,118.52254824328013,Gross Value Added
2022.75,UK,Construction,120.69422130257259,Gross Value Added
2023.0,UK,Construction,118.44031184756459,Gross Value Added
2023.25,UK,Construction,119.37974415888033,Gross Value Added
2023.5,UK,Construction,120.71251315474217,Gross Value Added
2023.75,UK,Construction,118.88101071061774,Gross Value Added
2024.0,UK,Construction,118.70193455447516,Gross Value Added
2024.25,UK,Construction,118.99909440200882,Gross Value Added
2024.5,UK,Construction,119.42405075918143,Gross Value Added
2024.75,UK,Construction,119.79844921793341,Gross Value Added
2025.0,UK,Construction,120.11561976883347,Gross Value Added
1997.0,UK,Trade & Hospitality,117.19831611343643,Gross Value Added
1997.25,UK,Trade & Hospitality,118.76831870734614,Gross Value Added
1997.5,UK,Trade & Hospitality,120.44006321636253,Gross Value Added
1997.75,UK,Trade & Hospitality,122.86213755481474,Gross Value Added
1998.0,UK,Trade & Hospitality,119.53502879652333,Gross Value Added
1998.25,UK,Trade & Hospitality,119.2474957904756,Gross Value Added
1998.5,UK,Trade & Hospitality,119.82803903475654,Gross Value Added
1998.75,UK,Trade & Hospitality,120.8441880784852,Gross Value Added
1999.0,UK,Trade & Hospitality,122.39230591358059,Gross Value Added
1999.25,UK,Trade & Hospitality,125.16648491316154,Gross Value Added
1999.5,UK,Trade & Hospitality,125.84552230301756,Gross Value Added
1999.75,UK,Trade & Hospitality,127.14529175049327,Gross Value Added
2000.0,UK,Trade & Hospitality,132.36637652882882,Gross Value Added
2000.25,UK,Trade & Hospitality,131.3524928554967,Gross Value Added
2000.5,UK,Trade & Hospitality,133.90076750256213,Gross Value Added
2000.75,UK,Trade & Hospitality,133.24047910610614,Gross Value Added
2001.0,UK,Trade & Hospitality,130.66059624079455,Gross Value Added
2001.25,UK,Trade & Hospitality,131.42272908888398,Gross Value Added
2001.5,UK,Trade & Hospitality,132.46447021740403,Gross Value Added
2001.75,UK,Trade & Hospitality,129.24168297255287,Gross Value Added
2002.0,UK,Trade & Hospitality,127.33526291779953,Gross Value Added
2002.25,UK,Trade & Hospitality,127.3197699630654,Gross Value Added
2002.5,UK,Trade & Hospitality,128.61364990762928,Gross Value Added
2002.75,UK,Trade & Hospitality,127.0034569811036,Gross Value Added
2003.0,UK,Trade & Hospitality,128.91342617462732,Gross Value Added
2003.25,UK,Trade & Hospitality,131.92190055093192,Gross Value Added
2003.5,UK,Trade & Hospitality,132.55992681406718,Gross Value Added
2003.75,UK,Trade & Hospitality,133.02367377691093,Gross Value Added
2004.0,UK,Trade & Hospitality,137.0456748639286,Gross Value Added
2004.25,UK,Trade & Hospitality,139.3084883719113,Gross Value Added
2004.5,UK,Trade & Hospitality,140.28641967733745,Gross Value Added
2004.75,UK,Trade & Hospitality,144.70656592800364,Gross Value Added
2005.0,UK,Trade & Hospitality,144.8342828898879,Gross Value Added
2005.25,UK,Trade & Hospitality,143.91778472749007,Gross Value Added
2005.5,UK,Trade & Hospitality,143.58498395243765,Gross Value Added
2005.75,UK,Trade & Hospitality,146.03938288117453,Gross Value Added
2006.0,UK,Trade & Hospitality,145.52197468793065,Gross Value Added
2006.25,UK,Trade & Hospitality,144.90564947846732,Gross Value Added
2006.5,UK,Trade & Hospitality,142.67918326514138,Gross Value Added
2006.75,UK,Trade & Hospitality,138.59741186341026,Gross Value Added
2007.0,UK,Trade & Hospitality,137.98866847853438,Gross Value Added
2007.25,UK,Trade & Hospitality,139.4516355362743,Gross Value Added
2007.5,UK,Trade & Hospitality,141.3822106650739,Gross Value Added
2007.75,UK,Trade & Hospitality,142.3014117278305,Gross Value Added
2008.0,UK,Trade & Hospitality,149.46232580830417,Gross Value Added
2008.25,UK,Trade & Hospitality,147.83217991077214,Gross Value Added
2008.5,UK,Trade & Hospitality,142.3687846168858,Gross Value Added
2008.75,UK,Trade & Hospitality,135.4794403340676,Gross Value Added
2009.0,UK,Trade & Hospitality,127.90401849420266,Gross Value Added
2009.25,UK,Trade & Hospitality,119.90587552780289,Gross Value Added
2009.5,UK,Trade & Hospitality,120.33274495929665,Gross Value Added
2009.75,UK,Trade & Hospitality,124.46934040718088,Gross Value Added
2010.0,UK,Trade & Hospitality,128.64366987877165,Gross Value Added
2010.25,UK,Trade & Hospitality,134.32701216530026,Gross Value Added
2010.5,UK,Trade & Hospitality,138.06007971818605,Gross Value Added
2010.75,UK,Trade & Hospitality,138.38575685660592,Gross Value Added
2011.0,UK,Trade & Hospitality,140.6845179245574,Gross Value Added
2011.25,UK,Trade & Hospitality,142.14246180404447,Gross Value Added
2011.5,UK,Trade & Hospitality,141.56181101155195,Gross Value Added
2011.75,UK,Trade & Hospitality,142.68781389671253,Gross Value Added
2012.0,UK,Trade & Hospitality,143.8392652792253,Gross Value Added
2012.25,UK,Trade & Hospitality,145.8156596944387,Gross Value Added
2012.5,UK,Trade & Hospitality,146.92319519070767,Gross Value Added
2012.75,UK,Trade & Hospitality,148.28023816810173,Gross Value Added
2013.0,UK,Trade & Hospitality,152.2143482520019,Gross Value Added
2013.25,UK,Trade & Hospitality,151.42039530537153,Gross Value Added
2013.5,UK,Trade & Hospitality,153.82603268192773,Gross Value Added
2013.75,UK,Trade & Hospitality,153.45649136640833,Gross Value Added
2014.0,UK,Trade & Hospitality,153.6831154505916,Gross Value Added
2014.25,UK,Trade & Hospitality,154.88975728188524,Gross Value Added
2014.5,UK,Trade & Hospitality,153.99188171689482,Gross Value Added
2014.75,UK,Trade & Hospitality,152.1864059089999,Gross Value Added
2015.0,UK,Trade & Hospitality,147.64443950841883,Gross Value Added
2015.25,UK,Trade & Hospitality,145.43929347610728,Gross Value Added
2015.5,UK,Trade & Hospitality,145.5317272511291,Gross Value Added
2015.75,UK,Trade & Hospitality,145.16936490925707,Gross Value Added
2016.0,UK,Trade & Hospitality,146.35949732848036,Gross Value Added
2016.25,UK,Trade & Hospitality,147.6027350102323,Gross Value Added
2016.5,UK,Trade & Hospitality,149.3581400289787,Gross Value Added
2016.75,UK,Trade & Hospitality,150.65883731993355,Gross Value Added
2017.0,UK,Trade & Hospitality,153.0162524248062,Gross Value Added
2017.25,UK,Trade & Hospitality,155.60017741471623,Gross Value Added
2017.5,UK,Trade & Hospitality,157.63829928074597,Gross Value Added
2017.75,UK,Trade & Hospitality,156.4439915518604,Gross Value Added
2018.0,UK,Trade & Hospitality,155.2199173268531,Gross Value Added
2018.25,UK,Trade & Hospitality,159.79576995652894,Gross Value Added
2018.5,UK,Trade & Hospitality,162.7562855130967,Gross Value Added
2018.75,UK,Trade & Hospitality,165.5050819761533,Gross Value Added
2019.0,UK,Trade & Hospitality,166.74798138768062,Gross Value Added
2019.25,UK,Trade & Hospitality,165.77285594523923,Gross Value Added
2019.5,UK,Trade & Hospitality,165.32748665494339,Gross Value Added
2019.75,UK,Trade & Hospitality,163.8223640062332,Gross Value Added
2020.0,UK,Trade & Hospitality,141.06668813536584,Gross Value Added
2020.25,UK,Trade & Hospitality,55.28153954993728,Gross Value Added
2020.5,UK,Trade & Hospitality,106.64463896080092,Gross Value Added
2020.75,UK,Trade & Hospitality,97.00713335389595,Gross Value Added
2021.0,UK,Trade & Hospitality,92.3741501863934,Gross Value Added
2021.25,UK,Trade & Hospitality,113.15591904611838,Gross Value Added
2021.5,UK,Trade & Hospitality,124.54880184399056,Gross Value Added
2021.75,UK,Trade & Hospitality,125.88794935654623,Gross Value Added
2022.0,UK,Trade & Hospitality,133.7280394121789,Gross Value Added
2022.25,UK,Trade & Hospitality,137.88801288251526,Gross Value Added
2022.5,UK,Trade & Hospitality,141.8092225305763,Gross Value Added
2022.75,UK,Trade & Hospitality,143.2919806276059,Gross Value Added
2023.0,UK,Trade & Hospitality,143.50828716014067,Gross Value Added
2023.25,UK,Trade & Hospitality,141.54455360646483,Gross Value Added
2023.5,UK,Trade & Hospitality,139.47628009241063,Gross Value Added
2023.75,UK,Trade & Hospitality,140.60351462900806,Gross Value Added
2024.0,UK,Trade & Hospitality,144.16566226899226,Gross Value Added
2024.25,UK,Trade & Hospitality,146.816561604792,Gross Value Added
2024.5,UK,Trade & Hospitality,145.35050495357865,Gross Value Added
2024.75,UK,Trade & Hospitality,144.70194564934295,Gross Value Added
2025.0,UK,Trade & Hospitality,144.87846232008025,Gross Value Added
1997.0,UK,Information and communication,45.74203947334601,Gross Value Added
1997.25,UK,Information and communication,47.46172064752099,Gross Value Added
1997.5,UK,Information and communication,45.70040221797208,Gross Value Added
1997.75,UK,Information and communication,49.49001115947953,Gross Value Added
1998.0,UK,Information and communication,48.76443275573569,Gross Value Added
1998.25,UK,Information and communication,50.836318702291194,Gross Value Added
1998.5,UK,Information and communication,50.41578651367429,Gross Value Added
1998.75,UK,Information and communication,52.4459654919479,Gross Value Added
1999.0,UK,Information and communication,51.67822571790036,Gross Value Added
1999.25,UK,Information and communication,50.928301369049166,Gross Value Added
1999.5,UK,Information and communication,55.688003847070476,Gross Value Added
1999.75,UK,Information and communication,56.68390586898223,Gross Value Added
2000.0,UK,Information and communication,58.788131378694594,Gross Value Added
2000.25,UK,Information and communication,61.1350497083659,Gross Value Added
2000.5,UK,Information and communication,62.514248885966275,Gross Value Added
2000.75,UK,Information and communication,61.96271649824487,Gross Value Added
2001.0,UK,Information and communication,63.279503145557705,Gross Value Added
2001.25,UK,Information and communication,63.24916460053572,Gross Value Added
2001.5,UK,Information and communication,63.18798101458807,Gross Value Added
2001.75,UK,Information and communication,64.65825196754693,Gross Value Added
2002.0,UK,Information and communication,64.99289319439222,Gross Value Added
2002.25,UK,Information and communication,65.52901320593769,Gross Value Added
2002.5,UK,Information and communication,64.15265816291065,Gross Value Added
2002.75,UK,Information and communication,66.03763555957299,Gross Value Added
2003.0,UK,Information and communication,68.15759911472917,Gross Value Added
2003.25,UK,Information and communication,69.37539069509626,Gross Value Added
2003.5,UK,Information and communication,68.93563116986996,Gross Value Added
2003.75,UK,Information and communication,71.8246332191015,Gross Value Added
2004.0,UK,Information and communication,71.960589846668,Gross Value Added
2004.25,UK,Information and communication,72.42967029830399,Gross Value Added
2004.5,UK,Information and communication,75.22013859318768,Gross Value Added
2004.75,UK,Information and communication,74.3386037716355,Gross Value Added
2005.0,UK,Information and communication,75.27265638793517,Gross Value Added
2005.25,UK,Information and communication,75.73525481253614,Gross Value Added
2005.5,UK,Information and communication,78.12187399123772,Gross Value Added
2005.75,UK,Information and communication,78.8569146430802,Gross Value Added
2006.0,UK,Information and communication,79.14611415377996,Gross Value Added
2006.25,UK,Information and communication,75.59729282625474,Gross Value Added
2006.5,UK,Information and communication,76.93451729299909,Gross Value Added
2006.75,UK,Information and communication,78.28523850865786,Gross Value Added
2007.0,UK,Information and communication,80.07091054997998,Gross Value Added
2007.25,UK,Information and communication,82.49014917444454,Gross Value Added
2007.5,UK,Information and communication,84.94370449702139,Gross Value Added
2007.75,UK,Information and communication,83.97164768512715,Gross Value Added
2008.0,UK,Information and communication,85.5578296028413,Gross Value Added
2008.25,UK,Information and communication,85.96928763102699,Gross Value Added
2008.5,UK,Information and communication,84.35418879944089,Gross Value Added
2008.75,UK,Information and communication,83.8019098914211,Gross Value Added
2009.0,UK,Information and communication,82.87749924542128,Gross Value Added
2009.25,UK,Information and communication,83.72043977251063,Gross Value Added
2009.5,UK,Information and communication,83.93395108385752,Gross Value Added
2009.75,UK,Information and communication,86.14298677811105,Gross Value Added
2010.0,UK,Information and communication,84.55855273281328,Gross Value Added
2010.25,UK,Information and communication,83.583264572284,Gross Value Added
2010.5,UK,Information and communication,84.25667607671282,Gross Value Added
2010.75,UK,Information and communication,84.17728329525191,Gross Value Added
2011.0,UK,Information and communication,82.87336217240967,Gross Value Added
2011.25,UK,Information and communication,86.55910536606652,Gross Value Added
2011.5,UK,Information and communication,87.50927250924613,Gross Value Added
2011.75,UK,Information and communication,86.31597504525054,Gross Value Added
2012.0,UK,Information and communication,90.43926188685309,Gross Value Added
2012.25,UK,Information and communication,86.29286371694245,Gross Value Added
2012.5,UK,Information and communication,84.39380491323001,Gross Value Added
2012.75,UK,Information and communication,87.30482228323636,Gross Value Added
2013.0,UK,Information and communication,90.77124798196736,Gross Value Added
2013.25,UK,Information and communication,90.37342560810124,Gross Value Added
2013.5,UK,Information and communication,94.54358903235038,Gross Value Added
2013.75,UK,Information and communication,95.74655820896177,Gross Value Added
2014.0,UK,Information and communication,91.61547468584126,Gross Value Added
2014.25,UK,Information and communication,93.94602031289712,Gross Value Added
2014.5,UK,Information and communication,94.07018852688469,Gross Value Added
2014.75,UK,Information and communication,93.55328182005827,Gross Value Added
2015.0,UK,Information and communication,94.9462184456092,Gross Value Added
2015.25,UK,Information and communication,95.30723659494794,Gross Value Added
2015.5,UK,Information and communication,95.44107642606862,Gross Value Added
2015.75,UK,Information and communication,97.24874900040406,Gross Value Added
2016.0,UK,Information and communication,98.65052910683478,Gross Value Added
2016.25,UK,Information and communication,99.26526732467387,Gross Value Added
2016.5,UK,Information and communication,101.54748131729447,Gross Value Added
2016.75,UK,Information and communication,99.39461967777108,Gross Value Added
2017.0,UK,Information and communication,97.03977332271488,Gross Value Added
2017.25,UK,Information and communication,96.18890392223413,Gross Value Added
2017.5,UK,Information and communication,94.88910679138333,Gross Value Added
2017.75,UK,Information and communication,96.24815859147881,Gross Value Added
2018.0,UK,Information and communication,97.06491898522897,Gross Value Added
2018.25,UK,Information and communication,97.22893641625645,Gross Value Added
2018.5,UK,Information and communication,97.74336799876448,Gross Value Added
2018.75,UK,Information and communication,98.13921888479015,Gross Value Added
2019.0,UK,Information and communication,99.44669887150765,Gross Value Added
2019.25,UK,Information and communication,100.33269209783849,Gross Value Added
2019.5,UK,Information and communication,101.70690817136199,Gross Value Added
2019.75,UK,Information and communication,102.99135651297375,Gross Value Added
2020.0,UK,Information and communication,103.0117576310852,Gross Value Added
2020.25,UK,Information and communication,94.04188417819906,Gross Value Added
2020.5,UK,Information and communication,100.27035699648026,Gross Value Added
2020.75,UK,Information and communication,102.6760011942355,Gross Value Added
2021.0,UK,Information and communication,103.1574969062253,Gross Value Added
2021.25,UK,Information and communication,106.82990556356513,Gross Value Added
2021.5,UK,Information and communication,107.37857232004386,Gross Value Added
2021.75,UK,Information and communication,110.91772014103383,Gross Value Added
2022.0,UK,Information and communication,113.23046753065056,Gross Value Added
2022.25,UK,Information and communication,113.25426533382985,Gross Value Added
2022.5,UK,Information and communication,112.65869275855118,Gross Value Added
2022.75,UK,Information and communication,111.88804654533561,Gross Value Added
2023.0,UK,Information and communication,110.91334713864289,Gross Value Added
2023.25,UK,Information and communication,111.86723084395345,Gross Value Added
2023.5,UK,Information and communication,110.81875889782127,Gross Value Added
2023.75,UK,Information and communication,109.60051772159811,Gross Value Added
2024.0,UK,Information and communication,110.29683901292515,Gross Value Added
2024.25,UK,Information and communication,112.95318806474728,Gross Value Added
2024.5,UK,Information and communication,112.77162284423747,Gross Value Added
2024.75,UK,Information and communication,113.53537564361274,Gross Value Added
2025.0,UK,Information and communication,117.49388217082645,Gross Value Added
1997.0,UK,Finance and insurance,76.07147379403439,Gross Value Added
1997.25,UK,Finance and insurance,76.0393245172691,Gross Value Added
1997.5,UK,Finance and insurance,75.16472769672362,Gross Value Added
1997.75,UK,Finance and insurance,72.21738723833158,Gross Value Added
1998.0,UK,Finance and insurance,81.88351805531418,Gross Value Added
1998.25,UK,Finance and insurance,77.67569659808568,Gross Value Added
1998.5,UK,Finance and insurance,74.47062883623593,Gross Value Added
1998.75,UK,Finance and insurance,69.90816855209246,Gross Value Added
1999.0,UK,Finance and insurance,72.60464304862762,Gross Value Added
1999.25,UK,Finance and insurance,74.96302943694768,Gross Value Added
1999.5,UK,Finance and insurance,76.10583637526351,Gross Value Added
1999.75,UK,Finance and insurance,79.99701754367159,Gross Value Added
2000.0,UK,Finance and insurance,81.2894824319236,Gross Value Added
2000.25,UK,Finance and insurance,80.31044912536579,Gross Value Added
2000.5,UK,Finance and insurance,79.82630806356052,Gross Value Added
2000.75,UK,Finance and insurance,79.64429709792725,Gross Value Added
2001.0,UK,Finance and insurance,78.71773712012936,Gross Value Added
2001.25,UK,Finance and insurance,76.42804380217385,Gross Value Added
2001.5,UK,Finance and insurance,77.06202045115887,Gross Value Added
2001.75,UK,Finance and insurance,76.16178192296728,Gross Value Added
2002.0,UK,Finance and insurance,78.45806205738235,Gross Value Added
2002.25,UK,Finance and insurance,79.39342607881169,Gross Value Added
2002.5,UK,Finance and insurance,78.74181511064802,Gross Value Added
2002.75,UK,Finance and insurance,80.73322050332294,Gross Value Added
2003.0,UK,Finance and insurance,80.94087845718975,Gross Value Added
2003.25,UK,Finance and insurance,81.4560868782085,Gross Value Added
2003.5,UK,Finance and insurance,83.22687243446653,Gross Value Added
2003.75,UK,Finance and insurance,80.40793269983381,Gross Value Added
2004.0,UK,Finance and insurance,77.86354501853512,Gross Value Added
2004.25,UK,Finance and insurance,79.79692906234254,Gross Value Added
2004.5,UK,Finance and insurance,84.64165398430939,Gross Value Added
2004.75,UK,Finance and insurance,90.4197199067131,Gross Value Added
2005.0,UK,Finance and insurance,93.62592869168968,Gross Value Added
2005.25,UK,Finance and insurance,93.52338565861017,Gross Value Added
2005.5,UK,Finance and insurance,95.77333191161644,Gross Value Added
2005.75,UK,Finance and insurance,93.04465152248541,Gross Value Added
2006.0,UK,Finance and insurance,91.34699308066297,Gross Value Added
2006.25,UK,Finance and insurance,88.5534412710044,Gross Value Added
2006.5,UK,Finance and insurance,89.46501219114636,Gross Value Added
2006.75,UK,Finance and insurance,97.1170943440644,Gross Value Added
2007.0,UK,Finance and insurance,103.64638885922899,Gross Value Added
2007.25,UK,Finance and insurance,111.34760734125142,Gross Value Added
2007.5,UK,Finance and insurance,115.56707308522658,Gross Value Added
2007.75,UK,Finance and insurance,115.50974141250612,Gross Value Added
2008.0,UK,Finance and insurance,116.95957843045062,Gross Value Added
2008.25,UK,Finance and insurance,115.6069853619749,Gross Value Added
2008.5,UK,Finance and insurance,112.48546322841703,Gross Value Added
2008.75,UK,Finance and insurance,106.21731512232829,Gross Value Added
2009.0,UK,Finance and insurance,107.10710482957657,Gross Value Added
2009.25,UK,Finance and insurance,105.33330306329107,Gross Value Added
2009.5,UK,Finance and insurance,104.60572557054772,Gross Value Added
2009.75,UK,Finance and insurance,104.57476710753954,Gross Value Added
2010.0,UK,Finance and insurance,103.24111297397232,Gross Value Added
2010.25,UK,Finance and insurance,103.6126881508031,Gross Value Added
2010.5,UK,Finance and insurance,103.5142278961225,Gross Value Added
2010.75,UK,Finance and insurance,104.66627227762186,Gross Value Added
2011.0,UK,Finance and insurance,98.94803866538362,Gross Value Added
2011.25,UK,Finance and insurance,95.52489744166544,Gross Value Added
2011.5,UK,Finance and insurance,97.76147828818016,Gross Value Added
2011.75,UK,Finance and insurance,97.79440303019096,Gross Value Added
2012.0,UK,Finance and insurance,98.87817169491619,Gross Value Added
2012.25,UK,Finance and insurance,100.61155257278007,Gross Value Added
2012.5,UK,Finance and insurance,100.51183272545636,Gross Value Added
2012.75,UK,Finance and insurance,98.0751055125648,Gross Value Added
2013.0,UK,Finance and insurance,96.42392124948084,Gross Value Added
2013.25,UK,Finance and insurance,95.80482516619688,Gross Value Added
2013.5,UK,Finance and insurance,93.00303247865544,Gross Value Added
2013.75,UK,Finance and insurance,93.15210139873282,Gross Value Added
2014.0,UK,Finance and insurance,92.03672332171533,Gross Value Added
2014.25,UK,Finance and insurance,94.10645100638203,Gross Value Added
2014.5,UK,Finance and insurance,95.0591725935915,Gross Value Added
2014.75,UK,Finance and insurance,95.43973546546161,Gross Value Added
2015.0,UK,Finance and insurance,92.88221876557088,Gross Value Added
2015.25,UK,Finance and insurance,88.44220827290442,Gross Value Added
2015.5,UK,Finance and insurance,87.4825160778989,Gross Value Added
2015.75,UK,Finance and insurance,88.69913436613106,Gross Value Added
2016.0,UK,Finance and insurance,91.73003795474757,Gross Value Added
2016.25,UK,Finance and insurance,92.65749114967764,Gross Value Added
2016.5,UK,Finance and insurance,97.46009022277237,Gross Value Added
2016.75,UK,Finance and insurance,100.78616899590787,Gross Value Added
2017.0,UK,Finance and insurance,100.71872036829545,Gross Value Added
2017.25,UK,Finance and insurance,102.75688468573591,Gross Value Added
2017.5,UK,Finance and insurance,103.60737005063847,Gross Value Added
2017.75,UK,Finance and insurance,105.68675737164055,Gross Value Added
2018.0,UK,Finance and insurance,104.61856304219226,Gross Value Added
2018.25,UK,Finance and insurance,103.06644283382862,Gross Value Added
2018.5,UK,Finance and insurance,101.00998719173471,Gross Value Added
2018.75,UK,Finance and insurance,100.00202220379617,Gross Value Added
2019.0,UK,Finance and insurance,98.29846987682804,Gross Value Added
2019.25,UK,Finance and insurance,99.01557823015975,Gross Value Added
2019.5,UK,Finance and insurance,100.02979635738609,Gross Value Added
2019.75,UK,Finance and insurance,100.15485062268954,Gross Value Added
2020.0,UK,Finance and insurance,99.17386828821638,Gross Value Added
2020.25,UK,Finance and insurance,96.57951671087017,Gross Value Added
2020.5,UK,Finance and insurance,99.64477872689297,Gross Value Added
2020.75,UK,Finance and insurance,104.60183627402049,Gross Value Added
2021.0,UK,Finance and insurance,105.98435594122233,Gross Value Added
2021.25,UK,Finance and insurance,105.9538113928802,Gross Value Added
2021.5,UK,Finance and insurance,104.45924727287309,Gross Value Added
2021.75,UK,Finance and insurance,106.51275745615712,Gross Value Added
2022.0,UK,Finance and insurance,105.14607281174808,Gross Value Added
2022.25,UK,Finance and insurance,103.99459231402226,Gross Value Added
2022.5,UK,Finance and insurance,102.94813433607305,Gross Value Added
2022.75,UK,Finance and insurance,101.68406427923118,Gross Value Added
2023.0,UK,Finance and insurance,103.13707012500161,Gross Value Added
2023.25,UK,Finance and insurance,102.45618574165547,Gross Value Added
2023.5,UK,Finance and insurance,101.5534574658087,Gross Value Added
2023.75,UK,Finance and insurance,101.77128921135197,Gross Value Added
2024.0,UK,Finance and insurance,102.50958874454778,Gross Value Added
2024.25,UK,Finance and insurance,102.27659243340909,Gross Value Added
2024.5,UK,Finance and insurance,101.75119804122473,Gross Value Added
2024.75,UK,Finance and insurance,101.7714332867826,Gross Value Added
2025.0,UK,Finance and insurance,101.31346313468362,Gross Value Added
1997.0,UK,Professional & Admin Services,74.05500475043468,Gross Value Added
1997.25,UK,Professional & Admin Services,74.11725649286718,Gross Value Added
1997.5,UK,Professional & Admin Services,75.42323452959636,Gross Value Added
1997.75,UK,Professional & Admin Services,73.63440695448459,Gross Value Added
1998.0,UK,Professional & Admin Services,72.26445631880837,Gross Value Added
1998.25,UK,Professional & Admin Services,73.86234658638372,Gross Value Added
1998.5,UK,Professional & Admin Services,74.02954468428308,Gross Value Added
1998.75,UK,Professional & Admin Services,76.08046652063561,Gross Value Added
1999.0,UK,Professional & Admin Services,73.65627709577119,Gross Value Added
1999.25,UK,Professional & Admin Services,73.62526976029747,Gross Value Added
1999.5,UK,Professional & Admin Services,72.66942186995551,Gross Value Added
1999.75,UK,Professional & Admin Services,76.84209712095702,Gross Value Added
2000.0,UK,Professional & Admin Services,73.01275832026572,Gross Value Added
2000.25,UK,Professional & Admin Services,74.33910294323958,Gross Value Added
2000.5,UK,Professional & Admin Services,74.23112675424623,Gross Value Added
2000.75,UK,Professional & Admin Services,74.28043918371834,Gross Value Added
2001.0,UK,Professional & Admin Services,75.860101296397,Gross Value Added
2001.25,UK,Professional & Admin Services,75.29104410529104,Gross Value Added
2001.5,UK,Professional & Admin Services,75.15126948877175,Gross Value Added
2001.75,UK,Professional & Admin Services,73.19387557432975,Gross Value Added
2002.0,UK,Professional & Admin Services,73.0203869962071,Gross Value Added
2002.25,UK,Professional & Admin Services,75.84900618773187,Gross Value Added
2002.5,UK,Professional & Admin Services,75.49812092110244,Gross Value Added
2002.75,UK,Professional & Admin Services,74.34598787053515,Gross Value Added
2003.0,UK,Professional & Admin Services,75.04051457719676,Gross Value Added
2003.25,UK,Professional & Admin Services,74.76270404622295,Gross Value Added
2003.5,UK,Professional & Admin Services,77.54888192419341,Gross Value Added
2003.75,UK,Professional & Admin Services,80.03312362898608,Gross Value Added
2004.0,UK,Professional & Admin Services,79.06881845150976,Gross Value Added
2004.25,UK,Professional & Admin Services,80.73576353827224,Gross Value Added
2004.5,UK,Professional & Admin Services,80.33137921653854,Gross Value Added
2004.75,UK,Professional & Admin Services,81.13688421961453,Gross Value Added
2005.0,UK,Professional & Admin Services,81.7505157346151,Gross Value Added
2005.25,UK,Professional & Admin Services,81.49991752955484,Gross Value Added
2005.5,UK,Professional & Admin Services,83.14195965399382,Gross Value Added
2005.75,UK,Professional & Admin Services,86.59178213592864,Gross Value Added
2006.0,UK,Professional & Admin Services,86.81095440766468,Gross Value Added
2006.25,UK,Professional & Admin Services,86.95155341685994,Gross Value Added
2006.5,UK,Professional & Admin Services,87.05692323492795,Gross Value Added
2006.75,UK,Professional & Admin Services,87.06848387322246,Gross Value Added
2007.0,UK,Professional & Admin Services,89.71561079352519,Gross Value Added
2007.25,UK,Professional & Admin Services,90.07956847564131,Gross Value Added
2007.5,UK,Professional & Admin Services,91.52787969317245,Gross Value Added
2007.75,UK,Professional & Admin Services,91.36099261133425,Gross Value Added
2008.0,UK,Professional & Admin Services,92.73570224728527,Gross Value Added
2008.25,UK,Professional & Admin Services,91.09041014243088,Gross Value Added
2008.5,UK,Professional & Admin Services,88.91458643647374,Gross Value Added
2008.75,UK,Professional & Admin Services,88.60964050422515,Gross Value Added
2009.0,UK,Professional & Admin Services,84.41254590019156,Gross Value Added
2009.25,UK,Professional & Admin Services,86.23805153459564,Gross Value Added
2009.5,UK,Professional & Admin Services,84.50581348583609,Gross Value Added
2009.75,UK,Professional & Admin Services,83.61628936453089,Gross Value Added
2010.0,UK,Professional & Admin Services,87.13015411704296,Gross Value Added
2010.25,UK,Professional & Admin Services,87.47619671294345,Gross Value Added
2010.5,UK,Professional & Admin Services,88.2624716161446,Gross Value Added
2010.75,UK,Professional & Admin Services,87.23306973042799,Gross Value Added
2011.0,UK,Professional & Admin Services,89.94101345599678,Gross Value Added
2011.25,UK,Professional & Admin Services,89.66422074295545,Gross Value Added
2011.5,UK,Professional & Admin Services,89.19375057751729,Gross Value Added
2011.75,UK,Professional & Admin Services,88.12958604704187,Gross Value Added
2012.0,UK,Professional & Admin Services,91.00233535591104,Gross Value Added
2012.25,UK,Professional & Admin Services,89.29317545978797,Gross Value Added
2012.5,UK,Professional & Admin Services,91.74484227654295,Gross Value Added
2012.75,UK,Professional & Admin Services,92.60210206058727,Gross Value Added
2013.0,UK,Professional & Admin Services,92.48174839050975,Gross Value Added
2013.25,UK,Professional & Admin Services,94.65226864571234,Gross Value Added
2013.5,UK,Professional & Admin Services,97.05260649983084,Gross Value Added
2013.75,UK,Professional & Admin Services,98.35481139616824,Gross Value Added
2014.0,UK,Professional & Admin Services,99.13621297246438,Gross Value Added
2014.25,UK,Professional & Admin Services,100.02876906257714,Gross Value Added
2014.5,UK,Professional & Admin Services,101.70406229776823,Gross Value Added
2014.75,UK,Professional & Admin Services,102.98636968157355,Gross Value Added
2015.0,UK,Professional & Admin Services,104.27739208346179,Gross Value Added
2015.25,UK,Professional & Admin Services,105.38968476740646,Gross Value Added
2015.5,UK,Professional & Admin Services,106.23673335430016,Gross Value Added
2015.75,UK,Professional & Admin Services,106.07161339991879,Gross Value Added
2016.0,UK,Professional & Admin Services,106.22073664909037,Gross Value Added
2016.25,UK,Professional & Admin Services,107.60081521943876,Gross Value Added
2016.5,UK,Professional & Admin Services,107.31034864699443,Gross Value Added
2016.75,UK,Professional & Admin Services,108.72080344152748,Gross Value Added
2017.0,UK,Professional & Admin Services,110.20826762835117,Gross Value Added
2017.25,UK,Professional & Admin Services,110.63888343262786,Gross Value Added
2017.5,UK,Professional & Admin Services,110.66470202885066,Gross Value Added
2017.75,UK,Professional & Admin Services,111.56886862994267,Gross Value Added
2018.0,UK,Professional & Admin Services,111.12840394747651,Gross Value Added
2018.25,UK,Professional & Admin Services,112.7754173844632,Gross Value Added
2018.5,UK,Professional & Admin Services,112.25145961321499,Gross Value Added
2018.75,UK,Professional & Admin Services,112.61836379845374,Gross Value Added
2019.0,UK,Professional & Admin Services,113.90106342908699,Gross Value Added
2019.25,UK,Professional & Admin Services,113.94981084690356,Gross Value Added
2019.5,UK,Professional & Admin Services,114.92548723374443,Gross Value Added
2019.75,UK,Professional & Admin Services,113.89100341397271,Gross Value Added
2020.0,UK,Professional & Admin Services,112.02006136651153,Gross Value Added
2020.25,UK,Professional & Admin Services,86.83160679380656,Gross Value Added
2020.5,UK,Professional & Admin Services,98.28452946613027,Gross Value Added
2020.75,UK,Professional & Admin Services,102.86380237355164,Gross Value Added
2021.0,UK,Professional & Admin Services,101.8987353325761,Gross Value Added
2021.25,UK,Professional & Admin Services,107.48204897275156,Gross Value Added
2021.5,UK,Professional & Admin Services,110.81197252334181,Gross Value Added
2021.75,UK,Professional & Admin Services,114.86043362440567,Gross Value Added
2022.0,UK,Professional & Admin Services,117.31181361298239,Gross Value Added
2022.25,UK,Professional & Admin Services,121.18487199351095,Gross Value Added
2022.5,UK,Professional & Admin Services,122.27506115574141,Gross Value Added
2022.75,UK,Professional & Admin Services,125.24213183348097,Gross Value Added
2023.0,UK,Professional & Admin Services,125.95691665522388,Gross Value Added
2023.25,UK,Professional & Admin Services,125.68111237895766,Gross Value Added
2023.5,UK,Professional & Admin Services,124.92860396595944,Gross Value Added
2023.75,UK,Professional & Admin Services,125.34782167209764,Gross Value Added
2024.0,UK,Professional & Admin Services,128.4145047114214,Gross Value Added
2024.25,UK,Professional & Admin Services,130.28980746575726,Gross Value Added
2024.5,UK,Professional & Admin Services,130.34391162336064,Gross Value Added
2024.75,UK,Professional & Admin Services,130.75998850580262,Gross Value Added
2025.0,UK,Professional & Admin Services,133.39328790149733,Gross Value Added
1997.0,UK,Public Services,90.87473779173526,Gross Value Added
1997.25,UK,Public Services,91.65509740913318,Gross Value Added
1997.5,UK,Public Services,91.66269979788028,Gross Value Added
1997.75,UK,Public Services,92.64515033721071,Gross Value Added
1998.0,UK,Public Services,92.2911687000836,Gross Value Added
1998.25,UK,Public Services,92.36428145243592,Gross Value Added
1998.5,UK,Public Services,92.10032185858769,Gross Value Added
1998.75,UK,Public Services,92.74057645686146,Gross Value Added
1999.0,UK,Public Services,93.02747150781173,Gross Value Added
1999.25,UK,Public Services,93.8593691341859,Gross Value Added
1999.5,UK,Public Services,94.6597792852638,Gross Value Added
1999.75,UK,Public Services,95.38044016218626,Gross Value Added
2000.0,UK,Public Services,96.37176775592042,Gross Value Added
2000.25,UK,Public Services,95.51496079676696,Gross Value Added
2000.5,UK,Public Services,95.88537073177595,Gross Value Added
2000.75,UK,Public Services,96.24648031995333,Gross Value Added
2001.0,UK,Public Services,96.56518545444402,Gross Value Added
2001.25,UK,Public Services,96.58134616091351,Gross Value Added
2001.5,UK,Public Services,96.99532261088876,Gross Value Added
2001.75,UK,Public Services,96.13798179983387,Gross Value Added
2002.0,UK,Public Services,96.46853727669111,Gross Value Added
2002.25,UK,Public Services,96.56201106546273,Gross Value Added
2002.5,UK,Public Services,97.93865291042061,Gross Value Added
2002.75,UK,Public Services,97.82220522607574,Gross Value Added
2003.0,UK,Public Services,98.0742564135817,Gross Value Added
2003.25,UK,Public Services,98.15893798702307,Gross Value Added
2003.5,UK,Public Services,98.94736480336016,Gross Value Added
2003.75,UK,Public Services,100.49523150480351,Gross Value Added
2004.0,UK,Public Services,101.27849274190315,Gross Value Added
2004.25,UK,Public Services,101.98919203783248,Gross Value Added
2004.5,UK,Public Services,101.36911503352638,Gross Value Added
2004.75,UK,Public Services,101.94310420702348,Gross Value Added
2005.0,UK,Public Services,102.6071166388111,Gross Value Added
2005.25,UK,Public Services,102.91616949517615,Gross Value Added
2005.5,UK,Public Services,103.35487338433431,Gross Value Added
2005.75,UK,Public Services,104.331943767995,Gross Value Added
2006.0,UK,Public Services,104.75918543906442,Gross Value Added
2006.25,UK,Public Services,104.91546216397145,Gross Value Added
2006.5,UK,Public Services,105.07629644309479,Gross Value Added
2006.75,UK,Public Services,104.82983279552833,Gross Value Added
2007.0,UK,Public Services,104.33540931822034,Gross Value Added
2007.25,UK,Public Services,104.25132215861038,Gross Value Added
2007.5,UK,Public Services,104.69652821047075,Gross Value Added
2007.75,UK,Public Services,105.94522672360532,Gross Value Added
2008.0,UK,Public Services,107.21402720359445,Gross Value Added
2008.25,UK,Public Services,106.86456733602627,Gross Value Added
2008.5,UK,Public Services,105.0927589313968,Gross Value Added
2008.75,UK,Public Services,102.08018038506835,Gross Value Added
2009.0,UK,Public Services,98.60701545891523,Gross Value Added
2009.25,UK,Public Services,97.65021915656457,Gross Value Added
2009.5,UK,Public Services,97.47601253318253,Gross Value Added
2009.75,UK,Public Services,97.79760373805908,Gross Value Added
2010.0,UK,Public Services,98.68666006890396,Gross Value Added
2010.25,UK,Public Services,99.56513038329432,Gross Value Added
2010.5,UK,Public Services,99.68388955451853,Gross Value Added
2010.75,UK,Public Services,98.8399762884817,Gross Value Added
2011.0,UK,Public Services,98.77100826218782,Gross Value Added
2011.25,UK,Public Services,98.43359649023199,Gross Value Added
2011.5,UK,Public Services,98.00242410510553,Gross Value Added
2011.75,UK,Public Services,98.22326488550777,Gross Value Added
2012.0,UK,Public Services,99.211286477873,Gross Value Added
2012.25,UK,Public Services,99.06246835912229,Gross Value Added
2012.5,UK,Public Services,100.36777298360443,Gross Value Added
2012.75,UK,Public Services,100.18444010298913,Gross Value Added
2013.0,UK,Public Services,100.80073331805312,Gross Value Added
2013.25,UK,Public Services,101.86899959462745,Gross Value Added
2013.5,UK,Public Services,103.56245330900862,Gross Value Added
2013.75,UK,Public Services,104.3069693977789,Gross Value Added
2014.0,UK,Public Services,104.93041435931785,Gross Value Added
2014.25,UK,Public Services,105.82259359187371,Gross Value Added
2014.5,UK,Public Services,106.65204930657839,Gross Value Added
2014.75,UK,Public Services,107.66642149782406,Gross Value Added
2015.0,UK,Public Services,108.14242179741147,Gross Value Added
2015.25,UK,Public Services,109.21319754002296,Gross Value Added
2015.5,UK,Public Services,109.2134512360267,Gross Value Added
2015.75,UK,Public Services,109.32695255999627,Gross Value Added
2016.0,UK,Public Services,107.97094118117334,Gross Value Added
2016.25,UK,Public Services,107.824681228641,Gross Value Added
2016.5,UK,Public Services,107.86545189388444,Gross Value Added
2016.75,UK,Public Services,108.39250265499814,Gross Value Added
2017.0,UK,Public Services,109.72399956531996,Gross Value Added
2017.25,UK,Public Services,110.20651173852131,Gross Value Added
2017.5,UK,Public Services,110.53575231420115,Gross Value Added
2017.75,UK,Public Services,111.33251880303196,Gross Value Added
2018.0,UK,Public Services,111.17438546484549,Gross Value Added
2018.25,UK,Public Services,111.92138248665648,Gross Value Added
2018.5,UK,Public Services,111.92821174204963,Gross Value Added
2018.75,UK,Public Services,111.090843127749,Gross Value Added
2019.0,UK,Public Services,112.24613369591374,Gross Value Added
2019.25,UK,Public Services,112.26929872548206,Gross Value Added
2019.5,UK,Public Services,113.41065325943806,Gross Value Added
2019.75,UK,Public Services,114.09468848441189,Gross Value Added
2020.0,UK,Public Services,110.71159830220229,Gross Value Added
2020.25,UK,Public Services,83.516525998252,Gross Value Added
2020.5,UK,Public Services,101.91808479221865,Gross Value Added
2020.75,UK,Public Services,103.85379090732707,Gross Value Added
2021.0,UK,Public Services,101.50764633570515,Gross Value Added
2021.25,UK,Public Services,106.10009149560544,Gross Value Added
2021.5,UK,Public Services,107.32739057487932,Gross Value Added
2021.75,UK,Public Services,108.428125877577,Gross Value Added
2022.0,UK,Public Services,109.04042800570973,Gross Value Added
2022.25,UK,Public Services,109.53916152734169,Gross Value Added
2022.5,UK,Public Services,109.29480851241206,Gross Value Added
2022.75,UK,Public Services,109.77162841990913,Gross Value Added
2023.0,UK,Public Services,110.07029507644151,Gross Value Added
2023.25,UK,Public Services,110.08053016504408,Gross Value Added
2023.5,UK,Public Services,109.41516786272423,Gross Value Added
2023.75,UK,Public Services,108.8618100631197,Gross Value Added
2024.0,UK,Public Services,110.10761352786264,Gross Value Added
2024.25,UK,Public Services,110.52214821842018,Gross Value Added
2024.5,UK,Public Services,110.00014475045019,Gross Value Added
2024.75,UK,Public Services,110.09156465379772,Gross Value Added
2025.0,UK,Public Services,111.65369789518893,Gross Value Added
1997.0,UK,Industry (except construction),93.9215911093706,Gross Value Added
1997.25,UK,Industry (except construction),94.22229783377453,Gross Value Added
1997.5,UK,Industry (except construction),95.39137868316048,Gross Value Added
1997.75,UK,Industry (except construction),96.01810023462576,Gross Value Added
1998.0,UK,Industry (except construction),96.28316137098201,Gross Value Added
1998.25,UK,Industry (except construction),96.72108844235511,Gross Value Added
1998.5,UK,Industry (except construction),95.42164516901187,Gross Value Added
1998.75,UK,Industry (except construction),95.80757029094875,Gross Value Added
1999.0,UK,Industry (except construction),97.66582654613036,Gross Value Added
1999.25,UK,Industry (except construction),98.56694454370097,Gross Value Added
1999.5,UK,Industry (except construction),99.8837649770158,Gross Value Added
1999.75,UK,Industry (except construction),99.64213000494405,Gross Value Added
2000.0,UK,Industry (except construction),99.955239036811,Gross Value Added
2000.25,UK,Industry (except construction),98.41536843191575,Gross Value Added
2000.5,UK,Industry (except construction),97.99050082604468,Gross Value Added
2000.75,UK,Industry (except construction),99.37115813752344,Gross Value Added
2001.0,UK,Industry (except construction),99.6240861209881,Gross Value Added
2001.25,UK,Industry (except construction),99.61097577788071,Gross Value Added
2001.5,UK,Industry (except construction),100.61019105940383,Gross Value Added
2001.75,UK,Industry (except construction),99.50365301491122,Gross Value Added
2002.0,UK,Industry (except construction),99.06257843557395,Gross Value Added
2002.25,UK,Industry (except construction),98.07579583112114,Gross Value Added
2002.5,UK,Industry (except construction),100.95915331679544,Gross Value Added
2002.75,UK,Industry (except construction),100.77596242777886,Gross Value Added
2003.0,UK,Industry (except construction),101.12979018973635,Gross Value Added
2003.25,UK,Industry (except construction),99.60736155988063,Gross Value Added
2003.5,UK,Industry (except construction),99.95580719521419,Gross Value Added
2003.75,UK,Industry (except construction),100.93806621552856,Gross Value Added
2004.0,UK,Industry (except construction),101.72405306010536,Gross Value Added
2004.25,UK,Industry (except construction),101.51335053063228,Gross Value Added
2004.5,UK,Industry (except construction),99.33281292573149,Gross Value Added
2004.75,UK,Industry (except construction),98.74336359054979,Gross Value Added
2005.0,UK,Industry (except construction),98.44450568684073,Gross Value Added
2005.25,UK,Industry (except construction),98.68576981992544,Gross Value Added
2005.5,UK,Industry (except construction),97.50379534187576,Gross Value Added
2005.75,UK,Industry (except construction),98.65403942432354,Gross Value Added
2006.0,UK,Industry (except construction),100.24464299929375,Gross Value Added
2006.25,UK,Industry (except construction),101.89278626831883,Gross Value Added
2006.5,UK,Industry (except construction),102.5191745504878,Gross Value Added
2006.75,UK,Industry (except construction),102.68854664987236,Gross Value Added
2007.0,UK,Industry (except construction),101.08634655733182,Gross Value Added
2007.25,UK,Industry (except construction),99.85718344111179,Gross Value Added
2007.5,UK,Industry (except construction),99.50809138565404,Gross Value Added
2007.75,UK,Industry (except construction),100.65659027664384,Gross Value Added
2008.0,UK,Industry (except construction),99.97791379591682,Gross Value Added
2008.25,UK,Industry (except construction),99.6509173104737,Gross Value Added
2008.5,UK,Industry (except construction),98.92406081349753,Gross Value Added
2008.75,UK,Industry (except construction),95.73005986431328,Gross Value Added
2009.0,UK,Industry (except construction),90.50792423742965,Gross Value Added
2009.25,UK,Industry (except construction),90.37479606576598,Gross Value Added
2009.5,UK,Industry (except construction),90.71250779941235,Gross Value Added
2009.75,UK,Industry (except construction),91.27773043722847,Gross Value Added
2010.0,UK,Industry (except construction),91.68025489569253,Gross Value Added
2010.25,UK,Industry (except construction),91.87560401992368,Gross Value Added
2010.5,UK,Industry (except construction),90.41657629353776,Gross Value Added
2010.75,UK,Industry (except construction),88.63619208567872,Gross Value Added
2011.0,UK,Industry (except construction),84.92045104637552,Gross Value Added
2011.25,UK,Industry (except construction),83.46958537894893,Gross Value Added
2011.5,UK,Industry (except construction),82.91249472042456,Gross Value Added
2011.75,UK,Industry (except construction),84.17153719503638,Gross Value Added
2012.0,UK,Industry (except construction),85.18930812168678,Gross Value Added
2012.25,UK,Industry (except construction),86.61433785834795,Gross Value Added
2012.5,UK,Industry (except construction),87.73257256020761,Gross Value Added
2012.75,UK,Industry (except construction),87.3603852856476,Gross Value Added
2013.0,UK,Industry (except construction),87.3341742862766,Gross Value Added
2013.25,UK,Industry (except construction),87.99462031764497,Gross Value Added
2013.5,UK,Industry (except construction),89.2645414172886,Gross Value Added
2013.75,UK,Industry (except construction),89.6685806702512,Gross Value Added
2014.0,UK,Industry (except construction),90.21936072673523,Gross Value Added
2014.25,UK,Industry (except construction),90.56654210469242,Gross Value Added
2014.5,UK,Industry (except construction),92.16549646494411,Gross Value Added
2014.75,UK,Industry (except construction),94.34562846834558,Gross Value Added
2015.0,UK,Industry (except construction),98.1098568810211,Gross Value Added
2015.25,UK,Industry (except construction),100.7671420087878,Gross Value Added
2015.5,UK,Industry (except construction),100.88980117220588,Gross Value Added
2015.75,UK,Industry (except construction),100.79008004544778,Gross Value Added
2016.0,UK,Industry (except construction),97.37664908919896,Gross Value Added
2016.25,UK,Industry (except construction),96.7048019881266,Gross Value Added
2016.5,UK,Industry (except construction),95.20933364623464,Gross Value Added
2016.75,UK,Industry (except construction),94.98823857318598,Gross Value Added
2017.0,UK,Industry (except construction),95.40281377035281,Gross Value Added
2017.25,UK,Industry (except construction),95.3395472287972,Gross Value Added
2017.5,UK,Industry (except construction),96.0530602278074,Gross Value Added
2017.75,UK,Industry (except construction),97.592156188754,Gross Value Added
2018.0,UK,Industry (except construction),98.14960455549839,Gross Value Added
2018.25,UK,Industry (except construction),98.32034832694988,Gross Value Added
2018.5,UK,Industry (except construction),98.04884855747191,Gross Value Added
2018.75,UK,Industry (except construction),95.5076525363869,Gross Value Added
2019.0,UK,Industry (except construction),97.07826997491486,Gross Value Added
2019.25,UK,Industry (except construction),97.22290753177333,Gross Value Added
2019.5,UK,Industry (except construction),98.97981049549742,Gross Value Added
2019.75,UK,Industry (except construction),101.87667911105083,Gross Value Added
2020.0,UK,Industry (except construction),103.13256420220863,Gross Value Added
2020.25,UK,Industry (except construction),86.46029882672562,Gross Value Added
2020.5,UK,Industry (except construction),104.2126321116543,Gross Value Added
2020.75,UK,Industry (except construction),106.19450485941147,Gross Value Added
2021.0,UK,Industry (except construction),102.21669768317278,Gross Value Added
2021.25,UK,Industry (except construction),101.34013492702032,Gross Value Added
2021.5,UK,Industry (except construction),98.11108991123871,Gross Value Added
2021.75,UK,Industry (except construction),96.15842306420797,Gross Value Added
2022.0,UK,Industry (except construction),93.94800978879178,Gross Value Added
2022.25,UK,Industry (except construction),92.2937971503617,Gross Value Added
2022.5,UK,Industry (except construction),90.13388310844941,Gross Value Added
2022.75,UK,Industry (except construction),89.37619403322844,Gross Value Added
2023.0,UK,Industry (except construction),89.4674879985823,Gross Value Added
2023.25,UK,Industry (except construction),90.07353814698831,Gross Value Added
2023.5,UK,Industry (except construction),89.2827166422672,Gross Value Added
2023.75,UK,Industry (except construction),87.93222720340766,Gross Value Added
2024.0,UK,Industry (except construction),88.24512343873059,Gross Value Added
2024.25,UK,Industry (except construction),87.38832514887304,Gross Value Added
2024.5,UK,Industry (except construction),86.82248507467075,Gross Value Added
2024.75,UK,Industry (except construction),86.43003967369572,Gross Value Added
2025.0,UK,Industry (except construction),87.83420738851768,Gross Value Added
1997.0,US,Total,55.664751318309655,Gross Value Added
1997.25,US,Total,56.792732290264524,Gross Value Added
1997.5,US,Total,57.61869611575071,Gross Value Added
1997.75,US,Total,58.14264279476824,Gross Value Added
1998.0,US,Total,58.986939929464995,Gross Value Added
1998.25,US,Total,59.600623332513145,Gross Value Added
1998.5,US,Total,60.491236195741834,Gross Value Added
1998.75,US,Total,61.69737495959434,Gross Value Added
1999.0,US,Total,62.44228626014965,Gross Value Added
1999.25,US,Total,63.02219777780993,Gross Value Added
1999.5,US,Total,63.998687721024915,Gross Value Added
1999.75,US,Total,65.2106159509439,Gross Value Added
2000.0,US,Total,65.3563175136173,Gross Value Added
2000.25,US,Total,66.7872805430519,Gross Value Added
2000.5,US,Total,66.7718419668746,Gross Value Added
2000.75,US,Total,67.18578879062879,Gross Value Added
2001.0,US,Total,66.78052616597434,Gross Value Added
2001.25,US,Total,67.2166659429834,Gross Value Added
2001.5,US,Total,66.75833321271945,Gross Value Added
2001.75,US,Total,66.9435961268472,Gross Value Added
2002.0,US,Total,67.57947248315024,Gross Value Added
2002.25,US,Total,68.01947190420363,Gross Value Added
2002.5,US,Total,68.3156995846058,Gross Value Added
2002.75,US,Total,68.36298022414883,Gross Value Added
2003.0,US,Total,68.67947103578372,Gross Value Added
2003.25,US,Total,69.40701393813954,Gross Value Added
2003.5,US,Total,70.91420493744963,Gross Value Added
2003.75,US,Total,71.85981772830999,Gross Value Added
2004.0,US,Total,72.1869225610668,Gross Value Added
2004.25,US,Total,72.85271115871338,Gross Value Added
2004.5,US,Total,73.65937676397792,Gross Value Added
2004.75,US,Total,74.49402478856388,Gross Value Added
2005.0,US,Total,75.45700597762371,Gross Value Added
2005.25,US,Total,75.77156696723644,Gross Value Added
2005.5,US,Total,76.47691691633737,Gross Value Added
2005.75,US,Total,77.00375832838816,Gross Value Added
2006.0,US,Total,78.29480926121587,Gross Value Added
2006.25,US,Total,78.47138797624389,Gross Value Added
2006.5,US,Total,78.54279139106394,Gross Value Added
2006.75,US,Total,79.3870885257607,Gross Value Added
2007.0,US,Total,79.6447197657196,Gross Value Added
2007.25,US,Total,80.15322786855981,Gross Value Added
2007.5,US,Total,80.59033255657995,Gross Value Added
2007.75,US,Total,80.99848991426765,Gross Value Added
2008.0,US,Total,80.27480665595614,Gross Value Added
2008.25,US,Total,80.68585874667708,Gross Value Added
2008.5,US,Total,79.96796495443206,Gross Value Added
2008.75,US,Total,77.62033646446955,Gross Value Added
2009.0,US,Total,76.4498994080271,Gross Value Added
2009.25,US,Total,76.28393471412099,Gross Value Added
2009.5,US,Total,76.60042552575588,Gross Value Added
2009.75,US,Total,77.59910842222575,Gross Value Added
2010.0,US,Total,77.95323076329285,Gross Value Added
2010.25,US,Total,78.83998398247721,Gross Value Added
2010.5,US,Total,79.71129862548425,Gross Value Added
2010.75,US,Total,80.28735049910021,Gross Value Added
2011.0,US,Total,79.89559662860091,Gross Value Added
2011.25,US,Total,80.62603426399,Gross Value Added
2011.5,US,Total,80.67910436959951,Gross Value Added
2011.75,US,Total,81.88427822244093,Gross Value Added
2012.0,US,Total,82.88971549598837,Gross Value Added
2012.25,US,Total,83.39725868781751,Gross Value Added
2012.5,US,Total,83.55453918262387,Gross Value Added
2012.75,US,Total,83.68383725810887,Gross Value Added
2013.0,US,Total,84.72690606108851,Gross Value Added
2013.25,US,Total,85.01155480935769,Gross Value Added
2013.5,US,Total,85.97164126538429,Gross Value Added
2013.75,US,Total,86.99830658117554,Gross Value Added
2014.0,US,Total,86.56313171517755,Gross Value Added
2014.25,US,Total,88.0404104731441,Gross Value Added
2014.5,US,Total,89.47040859156765,Gross Value Added
2014.75,US,Total,90.06286395237197,Gross Value Added
2015.0,US,Total,91.09049417917431,Gross Value Added
2015.25,US,Total,91.78715992917552,Gross Value Added
2015.5,US,Total,92.17891379967482,Gross Value Added
2015.75,US,Total,92.3140013412263,Gross Value Added
2016.0,US,Total,92.93443912135201,Gross Value Added
2016.25,US,Total,93.25768431006449,Gross Value Added
2016.5,US,Total,94.05180607218497,Gross Value Added
2016.75,US,Total,94.71277011477615,Gross Value Added
2017.0,US,Total,95.22127821761637,Gross Value Added
2017.25,US,Total,95.84461073077534,Gross Value Added
2017.5,US,Total,96.79215334365787,Gross Value Added
2017.75,US,Total,98.10636214075157,Gross Value Added
2018.0,US,Total,99.02206269026838,Gross Value Added
2018.25,US,Total,99.56337776748538,Gross Value Added
2018.5,US,Total,100.26776280557526,Gross Value Added
2018.75,US,Total,100.40670999117106,Gross Value Added
2019.0,US,Total,101.20758613036911,Gross Value Added
2019.25,US,Total,102.13293578999676,Gross Value Added
2019.5,US,Total,103.54846024325404,Gross Value Added
2019.75,US,Total,104.27600314560988,Gross Value Added
2020.0,US,Total,102.29311101783638,Gross Value Added
2020.25,US,Total,92.58031678028493,Gross Value Added
2020.5,US,Total,101.84925195273864,Gross Value Added
2020.75,US,Total,103.27732024914,Gross Value Added
2021.0,US,Total,105.11451081424015,Gross Value Added
2021.25,US,Total,107.02696443820467,Gross Value Added
2021.5,US,Total,107.9204720344666,Gross Value Added
2021.75,US,Total,110.31731098599428,Gross Value Added
2022.0,US,Total,109.73643455732294,Gross Value Added
2022.25,US,Total,109.62836452408176,Gross Value Added
2022.5,US,Total,110.32503027408296,Gross Value Added
2022.75,US,Total,111.32274825954174,Gross Value Added
2023.0,US,Total,112.00879998842106,Gross Value Added
2023.25,US,Total,112.71607975954416,Gross Value Added
2023.5,US,Total,114.06888499708113,Gross Value Added
2023.75,US,Total,115.02414689805232,Gross Value Added
2024.0,US,Total,115.41686567956269,Gross Value Added
2024.25,US,Total,116.34993462727898,Gross Value Added
2024.5,US,Total,117.36309118891508,Gross Value Added
2024.75,US,Total,118.08966918025983,Gross Value Added
2025.0,US,Total,117.81563445311254,Gross Value Added
2025.25,US,Total,118.9117733617017,Gross Value Added
1997.0,US,Total,61.72538698682687,Output Per Worker
1997.25,US,Total,62.68419363988485,Output Per Worker
1997.5,US,Total,63.334247811065794,Output Per Worker
1997.75,US,Total,63.55930233098823,Output Per Worker
1998.0,US,Total,64.1628576344166,Output Per Worker
1998.25,US,Total,64.39442199582439,Output Per Worker
1998.5,US,Total,65.0658656461715,Output Per Worker
1998.75,US,Total,66.07303112169218,Output Per Worker
1999.0,US,Total,66.88862126207226,Output Per Worker
1999.25,US,Total,66.99835858996833,Output Per Worker
1999.5,US,Total,67.73211072310387,Output Per Worker
1999.75,US,Total,68.65185832724973,Output Per Worker
2000.0,US,Total,68.42773378468233,Output Per Worker
2000.25,US,Total,69.69436294226234,Output Per Worker
2000.5,US,Total,69.68041328193658,Output Per Worker
2000.75,US,Total,70.12866236707136,Output Per Worker
2001.0,US,Total,69.57718579552588,Output Per Worker
2001.25,US,Total,70.43183498481811,Output Per Worker
2001.5,US,Total,70.4643841922449,Output Per Worker
2001.75,US,Total,71.29950385708108,Output Per Worker
2002.0,US,Total,72.46197555089533,Output Per Worker
2002.25,US,Total,73.14643888421315,Output Per Worker
2002.5,US,Total,73.6011978108333,Output Per Worker
2002.75,US,Total,73.65327654271617,Output Per Worker
2003.0,US,Total,73.98992834524479,Output Per Worker
2003.25,US,Total,75.02313318670689,Output Per Worker
2003.5,US,Total,76.48040770207245,Output Per Worker
2003.75,US,Total,77.15743121654987,Output Per Worker
2004.0,US,Total,77.34714659698037,Output Per Worker
2004.25,US,Total,77.59452057342403,Output Per Worker
2004.5,US,Total,78.13390743935383,Output Per Worker
2004.75,US,Total,78.68817394296448,Output Per Worker
2005.0,US,Total,79.34566793298582,Output Per Worker
2005.25,US,Total,79.27684960871201,Output Per Worker
2005.5,US,Total,79.65535039221795,Output Per Worker
2005.75,US,Total,79.92504382518284,Output Per Worker
2006.0,US,Total,80.69692502987552,Output Per Worker
2006.25,US,Total,80.51836937770564,Output Per Worker
2006.5,US,Total,80.32772401992011,Output Per Worker
2006.75,US,Total,81.04008667388948,Output Per Worker
2007.0,US,Total,81.00939742117278,Output Per Worker
2007.25,US,Total,81.4529966195323,Output Per Worker
2007.5,US,Total,81.94030475357924,Output Per Worker
2007.75,US,Total,82.27881651081795,Output Per Worker
2008.0,US,Total,81.70781041481638,Output Per Worker
2008.25,US,Total,82.5475799664278,Output Per Worker
2008.5,US,Total,82.45923211769794,Output Per Worker
2008.75,US,Total,81.40556777442468,Output Per Worker
2009.0,US,Total,81.9561143686151,Output Per Worker
2009.25,US,Total,83.19670416025369,Output Per Worker
2009.5,US,Total,84.32197675986589,Output Per Worker
2009.75,US,Total,85.91409799171389,Output Per Worker
2010.0,US,Total,86.50928349894679,Output Per Worker
2010.25,US,Total,87.19560678697472,Output Per Worker
2010.5,US,Total,87.98794749347853,Output Per Worker
2010.75,US,Total,88.34319884310815,Output Per Worker
2011.0,US,Total,87.50063935943159,Output Per Worker
2011.25,US,Total,87.89029987119812,Output Per Worker
2011.5,US,Total,87.54155836305384,Output Per Worker
2011.75,US,Total,88.5701133177407,Output Per Worker
2012.0,US,Total,88.97837337660826,Output Per Worker
2012.25,US,Total,89.21365764743628,Output Per Worker
2012.5,US,Total,89.02208231229568,Output Per Worker
2012.75,US,Total,88.7328593548747,Output Per Worker
2013.0,US,Total,89.43685221264862,Output Per Worker
2013.25,US,Total,89.3261849073975,Output Per Worker
2013.5,US,Total,89.88138138836318,Output Per Worker
2013.75,US,Total,90.5184158765734,Output Per Worker
2014.0,US,Total,89.6916660079327,Output Per Worker
2014.25,US,Total,90.61234358943359,Output Per Worker
2014.5,US,Total,91.3181964019176,Output Per Worker
2014.75,US,Total,91.22426868905741,Output Per Worker
2015.0,US,Total,91.77016539647259,Output Per Worker
2015.25,US,Total,92.02125928233646,Output Per Worker
2015.5,US,Total,91.85479333578226,Output Per Worker
2015.75,US,Total,91.50605182763799,Output Per Worker
2016.0,US,Total,91.73668621169074,Output Per Worker
2016.25,US,Total,91.50791178234809,Output Per Worker
2016.5,US,Total,91.83991369810144,Output Per Worker
2016.75,US,Total,92.38674038287166,Output Per Worker
2017.0,US,Total,92.35233122073477,Output Per Worker
2017.25,US,Total,92.57459580859205,Output Per Worker
2017.5,US,Total,93.09910303684103,Output Per Worker
2017.75,US,Total,93.94817236200298,Output Per Worker
2018.0,US,Total,94.35643242087053,Output Per Worker
2018.25,US,Total,94.46151986199135,Output Per Worker
2018.5,US,Total,94.77399225328863,Output Per Worker
2018.75,US,Total,94.47360956760701,Output Per Worker
2019.0,US,Total,95.03159598063786,Output Per Worker
2019.25,US,Total,95.68908997065921,Output Per Worker
2019.5,US,Total,96.66184628404298,Output Per Worker
2019.75,US,Total,97.06452647878024,Output Per Worker
2020.0,US,Total,96.20801733477788,Output Per Worker
2020.25,US,Total,99.1718551653267,Output Per Worker
2020.5,US,Total,102.53372330383755,Output Per Worker
2020.75,US,Total,102.08640419605781,Output Per Worker
2021.0,US,Total,103.13727860726591,Output Per Worker
2021.25,US,Total,103.53344896051779,Output Per Worker
2021.5,US,Total,102.81457646506307,Output Per Worker
2021.75,US,Total,103.55855834910419,Output Per Worker
2022.0,US,Total,101.76370205385498,Output Per Worker
2022.25,US,Total,100.90905286456274,Output Per Worker
2022.5,US,Total,100.8523242459046,Output Per Worker
2022.75,US,Total,101.30243328574949,Output Per Worker
2023.0,US,Total,101.4493697078476,Output Per Worker
2023.25,US,Total,101.94969752486527,Output Per Worker
2023.5,US,Total,102.96337284187129,Output Per Worker
2023.75,US,Total,103.63946637899366,Output Per Worker
2024.0,US,Total,103.68875517881138,Output Per Worker
2024.25,US,Total,104.33787937263727,Output Per Worker
2024.5,US,Total,104.95631431374643,Output Per Worker
2024.75,US,Total,105.60636848492739,Output Per Worker
2025.0,US,Total,105.01211295504953,Output Per Worker
2025.25,US,Total,105.82491316336447,Output Per Worker
1997.0,US,Total,58.754828114535265,Output Per Hour
1997.25,US,Total,59.67595438406562,Output Per Hour
1997.5,US,Total,60.22000605521254,Output Per Hour
1997.75,US,Total,60.54662054918942,Output Per Hour
1998.0,US,Total,61.08791985100508,Output Per Hour
1998.25,US,Total,61.351229850362856,Output Per Hour
1998.5,US,Total,62.21363890749287,Output Per Hour
1998.75,US,Total,62.720992320889565,Output Per Hour
1999.0,US,Total,63.68065176105764,Output Per Hour
1999.25,US,Total,63.89808893822766,Output Per Hour
1999.5,US,Total,64.49260071378112,Output Per Hour
1999.75,US,Total,65.37519381267374,Output Per Hour
2000.0,US,Total,65.23482297677917,Output Per Hour
2000.25,US,Total,66.51834454159288,Output Per Hour
2000.5,US,Total,66.55963008156188,Output Per Hour
2000.75,US,Total,67.25597952237217,Output Per Hour
2001.0,US,Total,66.88532711909502,Output Per Hour
2001.25,US,Total,68.0073763498078,Output Per Hour
2001.5,US,Total,68.37986366597245,Output Per Hour
2001.75,US,Total,69.30374230483409,Output Per Hour
2002.0,US,Total,70.47716909639715,Output Per Hour
2002.25,US,Total,70.82213271924915,Output Per Hour
2002.5,US,Total,71.41480958191511,Output Per Hour
2002.75,US,Total,71.35792728240227,Output Per Hour
2003.0,US,Total,72.03867996366871,Output Per Hour
2003.25,US,Total,73.15063717350019,Output Per Hour
2003.5,US,Total,74.54700588089581,Output Per Hour
2003.75,US,Total,75.15160967733057,Output Per Hour
2004.0,US,Total,75.24886006036864,Output Per Hour
2004.25,US,Total,75.83786709725956,Output Per Hour
2004.5,US,Total,76.23145591163059,Output Per Hour
2004.75,US,Total,76.85440883694046,Output Per Hour
2005.0,US,Total,77.591126361276,Output Per Hour
2005.25,US,Total,77.3957081387561,Output Per Hour
2005.5,US,Total,77.93333761479673,Output Per Hour
2005.75,US,Total,78.04618475737864,Output Per Hour
2006.0,US,Total,78.5645476481004,Output Per Hour
2006.25,US,Total,78.5131700872501,Output Per Hour
2006.5,US,Total,78.28931071497381,Output Per Hour
2006.75,US,Total,78.70767085332623,Output Per Hour
2007.0,US,Total,78.98474269934034,Output Per Hour
2007.25,US,Total,79.30493499821097,Output Per Hour
2007.5,US,Total,79.98201785370239,Output Per Hour
2007.75,US,Total,80.5095553088617,Output Per Hour
2008.0,US,Total,80.03431287099644,Output Per Hour
2008.25,US,Total,80.92791544721415,Output Per Hour
2008.5,US,Total,81.06553391377744,Output Per Hour
2008.75,US,Total,80.7049735313816,Output Per Hour
2009.0,US,Total,81.66463297154968,Output Per Hour
2009.25,US,Total,83.48027927374147,Output Per Hour
2009.5,US,Total,84.91334623888731,Output Per Hour
2009.75,US,Total,86.03264310026881,Output Per Hour
2010.0,US,Total,86.06291916291275,Output Per Hour
2010.25,US,Total,86.3308164444893,Output Per Hour
2010.5,US,Total,86.99505490976817,Output Per Hour
2010.75,US,Total,87.18313348073801,Output Per Hour
2011.0,US,Total,86.57394240208446,Output Per Hour
2011.25,US,Total,86.56109801187189,Output Per Hour
2011.5,US,Total,86.34641320403314,Output Per Hour
2011.75,US,Total,86.83541748855473,Output Per Hour
2012.0,US,Total,87.18588585006927,Output Per Hour
2012.25,US,Total,87.60332853197794,Output Per Hour
2012.5,US,Total,87.32625668596384,Output Per Hour
2012.75,US,Total,87.0372579061809,Output Per Hour
2013.0,US,Total,87.67122030881583,Output Per Hour
2013.25,US,Total,87.58130957732781,Output Per Hour
2013.5,US,Total,88.17398643999375,Output Per Hour
2013.75,US,Total,88.94923713496702,Output Per Hour
2014.0,US,Total,88.21985926218152,Output Per Hour
2014.25,US,Total,88.75381891244713,Output Per Hour
2014.5,US,Total,89.35291797021935,Output Per Hour
2014.75,US,Total,88.9987797829298,Output Per Hour
2015.0,US,Total,89.53182197675166,Output Per Hour
2015.25,US,Total,90.0318357385983,Output Per Hour
2015.5,US,Total,90.26853950108719,Output Per Hour
2015.75,US,Total,89.72173546060901,Output Per Hour
2016.0,US,Total,90.0978926025487,Output Per Hour
2016.25,US,Total,90.09055295099864,Output Per Hour
2016.5,US,Total,90.42817692230061,Output Per Hour
2016.75,US,Total,91.19517050928008,Output Per Hour
2017.0,US,Total,91.26673211189298,Output Per Hour
2017.25,US,Total,91.26673211189298,Output Per Hour
2017.5,US,Total,92.0080369184473,Output Per Hour
2017.75,US,Total,92.65851353706984,Output Per Hour
2018.0,US,Total,93.06311182876593,Output Per Hour
2018.25,US,Total,93.160362211804,Output Per Hour
2018.5,US,Total,93.32183454590493,Output Per Hour
2018.75,US,Total,93.22091433709186,Output Per Hour
2019.0,US,Total,93.94937475343357,Output Per Hour
2019.25,US,Total,94.53929924676827,Output Per Hour
2019.5,US,Total,95.52556492380525,Output Per Hour
2019.75,US,Total,96.39623108892906,Output Per Hour
2020.0,US,Total,95.9209886510638,Output Per Hour
2020.25,US,Total,100.4458838316651,Output Per Hour
2020.5,US,Total,102.27345706762571,Output Per Hour
2020.75,US,Total,101.3596704496454,Output Per Hour
2021.0,US,Total,102.13125131884364,Output Per Hour
2021.25,US,Total,102.24226354853802,Output Per Hour
2021.5,US,Total,101.7642687413415,Output Per Hour
2021.75,US,Total,102.54961145719608,Output Per Hour
2022.0,US,Total,101.16792205290052,Output Per Hour
2022.25,US,Total,100.38349679348974,Output Per Hour
2022.5,US,Total,100.40918557391487,Output Per Hour
2022.75,US,Total,101.14131581603164,Output Per Hour
2023.0,US,Total,101.31746745323267,Output Per Hour
2023.25,US,Total,102.13125131884364,Output Per Hour
2023.5,US,Total,103.31018284906925,Output Per Hour
2023.75,US,Total,104.2230520106058,Output Per Hour
2024.0,US,Total,104.66526601649586,Output Per Hour
2024.25,US,Total,105.25243814049927,Output Per Hour
2024.5,US,Total,105.86713395781535,Output Per Hour
2024.75,US,Total,106.43595695294366,Output Per Hour
2025.0,US,Total,105.89649256401552,Output Per Hour
2025.25,US,Total,106.62862280613228,Output Per Hour
1997.0,UK,Total,76.17596648257474,Output Per Hour
1997.25,UK,Total,76.48067034850506,Output Per Hour
1997.5,UK,Total,76.93772614740048,Output Per Hour
1997.75,UK,Total,78.00418967815655,Output Per Hour
1998.0,UK,Total,78.23271757760426,Output Per Hour
1998.25,UK,Total,78.84212530946486,Output Per Hour
1998.5,UK,Total,78.84212530946486,Output Per Hour
1998.75,UK,Total,79.83241287373833,Output Per Hour
1999.0,UK,Total,79.9085888402209,Output Per Hour
1999.25,UK,Total,80.06094077318605,Output Per Hour
1999.5,UK,Total,81.05122833745953,Output Per Hour
1999.75,UK,Total,82.04151590173299,Output Per Hour
2000.0,UK,Total,84.09826699676253,Output Per Hour
2000.25,UK,Total,83.79356313083221,Output Per Hour
2000.5,UK,Total,84.32679489621025,Output Per Hour
2000.75,UK,Total,84.25061892972766,Output Per Hour
2001.0,UK,Total,85.24090649400115,Output Per Hour
2001.25,UK,Total,85.01237859455341,Output Per Hour
2001.5,UK,Total,85.46943439344886,Output Per Hour
2001.75,UK,Total,85.85031422586174,Output Per Hour
2002.0,UK,Total,86.15501809179203,Output Per Hour
2002.25,UK,Total,86.91677775661778,Output Per Hour
2002.5,UK,Total,86.99295372310036,Output Per Hour
2002.75,UK,Total,87.52618548847838,Output Per Hour
2003.0,UK,Total,88.13559322033898,Output Per Hour
2003.25,UK,Total,88.74500095219958,Output Per Hour
2003.5,UK,Total,89.43058465054276,Output Per Hour
2003.75,UK,Total,90.57322414778137,Output Per Hour
2004.0,UK,Total,89.96381641592077,Output Per Hour
2004.25,UK,Total,90.72557608074652,Output Per Hour
2004.5,UK,Total,90.72557608074652,Output Per Hour
2004.75,UK,Total,90.26852028185107,Output Per Hour
2005.0,UK,Total,90.87792801371167,Output Per Hour
2005.25,UK,Total,91.86821557798514,Output Per Hour
2005.5,UK,Total,92.02056751095029,Output Per Hour
2005.75,UK,Total,93.01085507522376,Output Per Hour
2006.0,UK,Total,93.31555894115407,Output Per Hour
2006.25,UK,Total,93.69643877356694,Output Per Hour
2006.5,UK,Total,93.7726147400495,Output Per Hour
2006.75,UK,Total,93.8487907065321,Output Per Hour
2007.0,UK,Total,94.68672633784041,Output Per Hour
2007.25,UK,Total,94.9914302037707,Output Per Hour
2007.5,UK,Total,95.44848600266616,Output Per Hour
2007.75,UK,Total,95.90554180156161,Output Per Hour
2008.0,UK,Total,95.296134069701,Output Per Hour
2008.25,UK,Total,95.98171776804418,Output Per Hour
2008.5,UK,Total,94.45819843839269,Output Per Hour
2008.75,UK,Total,92.9346791087412,Output Per Hour
2009.0,UK,Total,92.70615120929347,Output Per Hour
2009.25,UK,Total,92.62997524281089,Output Per Hour
2009.5,UK,Total,93.23938297467149,Output Per Hour
2009.75,UK,Total,93.46791087411921,Output Per Hour
2010.0,UK,Total,94.61055037135783,Output Per Hour
2010.25,UK,Total,94.83907827080556,Output Per Hour
2010.5,UK,Total,94.91525423728812,Output Per Hour
2010.75,UK,Total,94.61055037135783,Output Per Hour
2011.0,UK,Total,94.76290230432298,Output Per Hour
2011.25,UK,Total,95.90554180156161,Output Per Hour
2011.5,UK,Total,95.6008379356313,Output Per Hour
2011.75,UK,Total,95.90554180156161,Output Per Hour
2012.0,UK,Total,95.90554180156161,Output Per Hour
2012.25,UK,Total,95.14378213673585,Output Per Hour
2012.5,UK,Total,95.14378213673585,Output Per Hour
2012.75,UK,Total,94.68672633784041,Output Per Hour
2013.0,UK,Total,94.83907827080556,Output Per Hour
2013.25,UK,Total,95.21995810321843,Output Per Hour
2013.5,UK,Total,94.76290230432298,Output Per Hour
2013.75,UK,Total,95.21995810321843,Output Per Hour
2014.0,UK,Total,95.14378213673585,Output Per Hour
2014.25,UK,Total,95.14378213673585,Output Per Hour
2014.5,UK,Total,95.67701390211387,Output Per Hour
2014.75,UK,Total,95.75318986859645,Output Per Hour
2015.0,UK,Total,95.6008379356313,Output Per Hour
2015.25,UK,Total,96.2102456674919,Output Per Hour
2015.5,UK,Total,96.43877356693962,Output Per Hour
2015.75,UK,Total,95.06760617025328,Output Per Hour
2016.0,UK,Total,95.98171776804418,Output Per Hour
2016.25,UK,Total,96.36259760045705,Output Per Hour
2016.5,UK,Total,96.66730146638736,Output Per Hour
2016.75,UK,Total,96.97200533231765,Output Per Hour
2017.0,UK,Total,97.20053323176538,Output Per Hour
2017.25,UK,Total,97.27670919824794,Output Per Hour
2017.5,UK,Total,98.80022852789943,Output Per Hour
2017.75,UK,Total,99.18110836031231,Output Per Hour
2018.0,UK,Total,98.80022852789943,Output Per Hour
2018.25,UK,Total,98.80022852789943,Output Per Hour
2018.5,UK,Total,98.26699676252142,Output Per Hour
2018.75,UK,Total,98.49552466196916,Output Per Hour
2019.0,UK,Total,97.80994096362598,Output Per Hour
2019.25,UK,Total,98.19082079603885,Output Per Hour
2019.5,UK,Total,99.48581222624261,Output Per Hour
2019.75,UK,Total,99.79051609217292,Output Per Hour
2020.0,UK,Total,99.40963625976003,Output Per Hour
2020.25,UK,Total,96.5149495334222,Output Per Hour
2020.5,UK,Total,104.58960198057514,Output Per Hour
2020.75,UK,Total,99.48581222624261,Output Per Hour
2021.0,UK,Total,100.62845172348122,Output Per Hour
2021.25,UK,Total,102.07579508665017,Output Per Hour
2021.5,UK,Total,100.93315558941154,Output Per Hour
2021.75,UK,Total,101.9996191201676,Output Per Hour
2022.0,UK,Total,102.15197105313271,Output Per Hour
2022.25,UK,Total,101.92344315368503,Output Per Hour
2022.5,UK,Total,101.92344315368503,Output Per Hour
2022.75,UK,Total,101.92344315368503,Output Per Hour
2023.0,UK,Total,101.3140354218244,Output Per Hour
2023.25,UK,Total,101.54256332127214,Output Per Hour
2023.5,UK,Total,102.07579508665017,Output Per Hour
2023.75,UK,Total,101.16168348885928,Output Per Hour
2024.0,UK,Total,101.16168348885928,Output Per Hour
2024.25,UK,Total,101.08550752237669,Output Per Hour
2024.5,UK,Total,99.94286802513805,Output Per Hour
2024.75,UK,Total,100.62845172348122,Output Per Hour
2025.0,UK,Total,100.93315558941154,Output Per Hour
2025.25,UK,Total,100.24757189106836,Output Per Hour
1997.0,UK,Total,87.29812309035356,Output Per Worker
1997.25,UK,Total,87.73461370580532,Output Per Worker
1997.5,UK,Total,88.17110432125709,Output Per Worker
1997.75,UK,Total,89.13138367525096,Output Per Worker
1998.0,UK,Total,89.74247053688345,Output Per Worker
1998.25,UK,Total,90.26625927542557,Output Per Worker
1998.5,UK,Total,90.17896115233522,Output Per Worker
1998.75,UK,Total,90.52815364469663,Output Per Worker
1999.0,UK,Total,90.87734613705804,Output Per Worker
1999.25,UK,Total,91.05194238323875,Output Per Worker
1999.5,UK,Total,92.18681798341333,Output Per Worker
1999.75,UK,Total,93.14709733740723,Output Per Worker
2000.0,UK,Total,94.10737669140113,Output Per Worker
2000.25,UK,Total,94.54386730685289,Output Per Worker
2000.5,UK,Total,94.89305979921431,Output Per Worker
2000.75,UK,Total,95.59144478393713,Output Per Worker
2001.0,UK,Total,96.11523352247924,Output Per Worker
2001.25,UK,Total,96.20253164556961,Output Per Worker
2001.5,UK,Total,96.55172413793102,Output Per Worker
2001.75,UK,Total,96.55172413793102,Output Per Worker
2002.0,UK,Total,96.72632038411173,Output Per Worker
2002.25,UK,Total,96.63902226102138,Output Per Worker
2002.5,UK,Total,97.42470536883455,Output Per Worker
2002.75,UK,Total,97.51200349192492,Output Per Worker
2003.0,UK,Total,98.21038847664775,Output Per Worker
2003.25,UK,Total,98.64687909209951,Output Per Worker
2003.5,UK,Total,99.4325621999127,Output Per Worker
2003.75,UK,Total,100.13094718463553,Output Per Worker
2004.0,UK,Total,99.86905281536447,Output Per Worker
2004.25,UK,Total,100.30554343081623,Output Per Worker
2004.5,UK,Total,100.39284155390658,Output Per Worker
2004.75,UK,Total,100.48013967699694,Output Per Worker
2005.0,UK,Total,100.9166302924487,Output Per Worker
2005.25,UK,Total,101.78961152335224,Output Per Worker
2005.5,UK,Total,102.31340026189437,Output Per Worker
2005.75,UK,Total,103.53557398515932,Output Per Worker
2006.0,UK,Total,103.53557398515932,Output Per Worker
2006.25,UK,Total,103.71017023134002,Output Per Worker
2006.5,UK,Total,103.62287210824968,Output Per Worker
2006.75,UK,Total,103.97206460061108,Output Per Worker
2007.0,UK,Total,105.10694020078569,Output Per Worker
2007.25,UK,Total,105.54343081623745,Output Per Worker
2007.5,UK,Total,105.80532518550851,Output Per Worker
2007.75,UK,Total,105.80532518550851,Output Per Worker
2008.0,UK,Total,106.06721955477956,Output Per Worker
2008.25,UK,Total,105.54343081623745,Output Per Worker
2008.5,UK,Total,104.40855521606285,Output Per Worker
2008.75,UK,Total,102.31340026189437,Output Per Worker
2009.0,UK,Total,100.9166302924487,Output Per Worker
2009.25,UK,Total,101.44041903099084,Output Per Worker
2009.5,UK,Total,101.52771715408117,Output Per Worker
2009.75,UK,Total,101.78961152335224,Output Per Worker
2010.0,UK,Total,103.1863814927979,Output Per Worker
2010.25,UK,Total,103.71017023134002,Output Per Worker
2010.5,UK,Total,103.62287210824968,Output Per Worker
2010.75,UK,Total,103.88476647752071,Output Per Worker
2011.0,UK,Total,103.79746835443038,Output Per Worker
2011.25,UK,Total,103.79746835443038,Output Per Worker
2011.5,UK,Total,104.75774770842425,Output Per Worker
2011.75,UK,Total,104.75774770842425,Output Per Worker
2012.0,UK,Total,105.28153644696638,Output Per Worker
2012.25,UK,Total,104.40855521606285,Output Per Worker
2012.5,UK,Total,105.19423832387602,Output Per Worker
2012.75,UK,Total,104.49585333915321,Output Per Worker
2013.0,UK,Total,105.01964207769532,Output Per Worker
2013.25,UK,Total,105.36883457005675,Output Per Worker
2013.5,UK,Total,105.45613269314708,Output Per Worker
2013.75,UK,Total,105.54343081623745,Output Per Worker
2014.0,UK,Total,105.54343081623745,Output Per Worker
2014.25,UK,Total,105.97992143168922,Output Per Worker
2014.5,UK,Total,106.50371017023133,Output Per Worker
2014.75,UK,Total,106.76560453950239,Output Per Worker
2015.0,UK,Total,106.24181580096028,Output Per Worker
2015.25,UK,Total,106.94020078568309,Output Per Worker
2015.5,UK,Total,106.50371017023133,Output Per Worker
2015.75,UK,Total,106.24181580096028,Output Per Worker
2016.0,UK,Total,106.67830641641206,Output Per Worker
2016.25,UK,Total,106.76560453950239,Output Per Worker
2016.5,UK,Total,107.11479703186382,Output Per Worker
2016.75,UK,Total,107.81318201658662,Output Per Worker
2017.0,UK,Total,108.33697075512876,Output Per Worker
2017.25,UK,Total,108.59886512439982,Output Per Worker
2017.5,UK,Total,109.2099519860323,Output Per Worker
2017.75,UK,Total,109.5591444783937,Output Per Worker
2018.0,UK,Total,109.0353557398516,Output Per Worker
2018.25,UK,Total,109.12265386294193,Output Per Worker
2018.5,UK,Total,109.38454823221299,Output Per Worker
2018.75,UK,Total,108.94805761676123,Output Per Worker
2019.0,UK,Total,109.38454823221299,Output Per Worker
2019.25,UK,Total,109.12265386294193,Output Per Worker
2019.5,UK,Total,110.25752946311653,Output Per Worker
2019.75,UK,Total,109.82103884766477,Output Per Worker
2020.0,UK,Total,107.37669140113486,Output Per Worker
2020.25,UK,Total,86.59973810563072,Output Per Worker
2020.5,UK,Total,102.05150589262331,Output Per Worker
2020.75,UK,Total,103.97206460061108,Output Per Worker
2021.0,UK,Total,102.66259275425578,Output Per Worker
2021.25,UK,Total,109.5591444783937,Output Per Worker
2021.5,UK,Total,110.34482758620689,Output Per Worker
2021.75,UK,Total,111.74159755565253,Output Per Worker
2022.0,UK,Total,112.352684417285,Output Per Worker
2022.25,UK,Total,111.8288956787429,Output Per Worker
2022.5,UK,Total,112.09079004801397,Output Per Worker
2022.75,UK,Total,111.8288956787429,Output Per Worker
2023.0,UK,Total,111.21780881711044,Output Per Worker
2023.25,UK,Total,111.21780881711044,Output Per Worker
2023.5,UK,Total,111.13051069402007,Output Per Worker
2023.75,UK,Total,110.78131820165866,Output Per Worker
2024.0,UK,Total,111.91619380183324,Output Per Worker
2024.25,UK,Total,111.91619380183324,Output Per Worker
2024.5,UK,Total,111.04321257092971,Output Per Worker
2024.75,UK,Total,110.78131820165866,Output Per Worker
2025.0,UK,Total,111.21780881711044,Output Per Worker
2025.25,UK,Total,110.78131820165866,Output Per Worker
