STRUCTURE,STRUCTURE_ID,STRUCTURE_NAME,ACTION,REF_AREA,Reference area,FREQ,Frequency of observation,MEASURE,Measure,ACTIVITY,Economic activity,UNIT_MEASURE,Unit of measure,PRICE_BASE,Price base,TRANSFORMATION,Transformation,ADJUSTMENT,Adjustment,CONVERSION_TYPE,Conversion type,TIME_PERIOD,Time period,OBS_VALUE,Observation value,OBS_STATUS,Observation status,UNIT_MULT,Unit multiplier,BASE_PER,Base period,DECIMALS,Decimals
DATAFLOW,OECD.SDD.TPS:DSD_PDB@DF_PDB_GR(1.0),Productivity growth rates,I,ESP,Spain,A,Annual,GDPHRS,GDP per hour worked,_T,Total - all activities,IX,Index,Q,Constant prices,_Z,Not applicable,_Z,Not applicable,_Z,Not applicable,2019,,99.9547254142352,,A,Normal value,0,Units,2020,,2,Two
DATAFLOW,OECD.SDD.TPS:DSD_PDB@DF_PDB_GR(1.0),Productivity growth rates,I,ESP,Spain,A,Annual,GDPHRS,GDP per hour worked,_T,Total - all activities,IX,Index,Q,Constant prices,_Z,Not applicable,_Z,Not applicable,_Z,Not applicable,2020,,100,,A,Normal value,0,Units,2020,,2,Two
DATAFLOW,OECD.SDD.TPS:DSD_PDB@DF_PDB_GR(1.0),Productivity growth rates,I,USA,United States,A,Annual,GDPHRS,GDP per hour worked,_T,Total - all activities,IX,Index,Q,Constant prices,_Z,Not applicable,_Z,Not applicable,_Z,Not applicable,2014,,90.9700692937228,,A,Normal value,0,Units,2020,,2,Two
DATAFLOW,OECD.SDD.TPS:DSD_PDB@DF_PDB_GR(1.0),Productivity growth rates,I,ITA,Italy,A,Annual,GDPHRS,GDP per hour worked,_T,Total - all activities,IX,Index,Q,Constant prices,_Z,Not applicable,_Z,Not applicable,_Z,Not applicable,2004,,95.952809961037,,A,Normal value,0,Units,2020,,2,Two
DATAFLOW,OECD.SDD.TPS:DSD_PDB@DF_PDB_GR(1.0),Productivity growth rates,I,IRL,Ireland,A,Annual,GDPHRS,GDP per hour worked,_T,Total - all activities,IX,Index,Q,Constant prices,_Z,Not applicable,_Z,Not applicable,_Z,Not applicable,2004,,51.5748416816415,,A,Normal value,0,Units,2020,,2,Two
DATAFLOW,OECD.SDD.TPS:DSD_PDB@DF_PDB_GR(1.0),Productivity growth rates,I,EU27_2020,European Union (27 countries from 01/02/2020),A,Annual,GDPHRS,GDP per hour worked,_T,Total - all activities,IX,Index,Q,Constant prices,_Z,Not applicable,_Z,Not applicable,_Z,Not applicable,1997,,74.7455751355928,,A,Normal value,0,Units,2020,,2,Two
DATAFLOW,OECD.SDD.TPS:DSD_PDB@DF_PDB_GR(1.0),Productivity growth rates,I,EU27_2020,European Union (27 countries from 01/02/2020),A,Annual,GDPHRS,GDP per hour worked,_T,Total - all activities,IX,Index,Q,Constant prices,_Z,Not applicable,_Z,Not applicable,_Z,Not applicable,1998,,76.0394723746517,,A,Normal value,0,Units,2020,,2,Two
DATAFLOW,OECD.SDD.TPS:DSD_PDB@DF_PDB_GR(1.0),Productivity growth rates,I,PRT,Portugal,A,Annual,GDPHRS,GDP per hour worked,_T,Total - all activities,IX,Index,Q,Constant prices,_Z,Not applicable,_Z,Not applicable,_Z,Not applicable,1997,,80.783857946204,,A,Normal value,0,Units,2020,,2,Two
DATAFLOW,OECD.SDD.TPS:DSD_PDB@DF_PDB_GR(1.0),Productivity growth rates,I,DNK,Denmark,A,Annual,GDPHRS,GDP per hour worked,_T,Total - all activities,IX,Index,Q,Constant prices,_Z,Not applicable,_Z,Not applicable,_Z,Not applicable,2018,,97.4827258473377,,A,Normal value,0,Units,2020,,2,Two
DATAFLOW,OECD.SDD.TPS:DSD_PDB@DF_PDB_GR(1.0),Productivity growth rates,I,DNK,Denmark,A,Annual,GDPHRS,GDP per hour worked,_T,Total - all activities,IX,Index,Q,Constant prices,_Z,Not applicable,_Z,Not applicable,_Z,Not applicable,2019,,98.3502190248468,,A,Normal value,0,Units,2020,,2,Two
DATAFLOW,OECD.SDD.TPS:DSD_PDB@DF_PDB_GR(1.0),Productivity growth rates,I,DNK,Denmark,A,Annual,GDPHRS,GDP per hour worked,_T,Total - all activities,IX,Index,Q,Constant prices,_Z,Not applicable,_Z,Not applicable,_Z,Not applicable,2020,,100,,A,Normal value,0,Units,2020,,2,Two
DATAFLOW,OECD.SDD.TPS:DSD_PDB@DF_PDB_GR(1.0),Productivity growth rates,I,DNK,Denmark,A,Annual,GDPHRS,GDP per hour worked,_T,Total - all activities,IX,Index,Q,Constant prices,_Z,Not applicable,_Z,Not applicable,_Z,Not applicable,1999,,77.7461520782057,,A,Normal value,0,Units,2020,,2,Two
DATAFLOW,OECD.SDD.TPS:DSD_PDB@DF_PDB_GR(1.0),Productivity growth rates,I,OECD,OECD,A,Annual,GDPHRS,GDP per hour worked,_T,Total - all activities,IX,Index,Q,Constant prices,_Z,Not applicable,_Z,Not applicable,_Z,Not applicable,2023,,99.7455341967532,,E,Estimated value,0,Units,2020,,2,Two
DATAFLOW,OECD.SDD.TPS:DSD_PDB@DF_PDB_GR(1.0),Productivity growth rates,I,EU27_2020,European Union (27 countries from 01/02/2020),A,Annual,GDPHRS,GDP per hour worked,_T,Total - all activities,IX,Index,Q,Constant prices,_Z,Not applicable,_Z,Not applicable,_Z,Not applicable,2004,,85.6059799626091,,A,Normal value,0,Units,2020,,2,Two
DATAFLOW,OECD.SDD.TPS:DSD_PDB@DF_PDB_GR(1.0),Productivity growth rates,I,EA20,Euro area (20 countries),A,Annual,GDPHRS,GDP per hour worked,_T,Total - all activities,IX,Index,Q,Constant prices,_Z,Not applicable,_Z,Not applicable,_Z,Not applicable,2004,,86.9587956913582,,A,Normal value,0,Units,2020,,2,Two
DATAFLOW,OECD.SDD.TPS:DSD_PDB@DF_PDB_GR(1.0),Productivity growth rates,I,USA,United States,A,Annual,GDPHRS,GDP per hour worked,_T,Total - all activities,IX,Index,Q,Constant prices,_Z,Not applicable,_Z,Not applicable,_Z,Not applicable,2005,,81.3632505626146,,A,Normal value,0,Units,2020,,2,Two
DATAFLOW,OECD.SDD.TPS:DSD_PDB@DF_PDB_GR(1.0),Productivity growth rates,I,USA,United States,A,Annual,GDPHRS,GDP per hour worked,_T,Total - all activities,IX,Index,Q,Constant prices,_Z,Not applicable,_Z,Not applicable,_Z,Not applicable,2012,,89.8104865721473,,A,Normal value,0,Units,2020,,2,Two
DATAFLOW,OECD.SDD.TPS:DSD_PDB@DF_PDB_GR(1.0),Productivity growth rates,I,USA,United States,A,Annual,GDPHRS,GDP per hour worked,_T,Total - all activities,IX,Index,Q,Constant prices,_Z,Not applicable,_Z,Not applicable,_Z,Not applicable,2013,,90.4227957825882,,A,Normal value,0,Units,2020,,2,Two
DATAFLOW,OECD.SDD.TPS:DSD_PDB@DF_PDB_GR(1.0),Productivity growth rates,I,USA,United States,A,Annual,GDPHRS,GDP per hour worked,_T,Total - all activities,IX,Index,Q,Constant prices,_Z,Not applicable,_Z,Not applicable,_Z,Not applicable,2007,,83.3592608145079,,A,Normal value,0,Units,2020,,2,Two
DATAFLOW,OECD.SDD.TPS:DSD_PDB@DF_PDB_GR(1.0),Productivity growth rates,I,USA,United States,A,Annual,GDPHRS,GDP per hour worked,_T,Total - all activities,IX,Index,Q,Constant prices,_Z,Not applicable,_Z,Not applicable,_Z,Not applicable,2008,,84.3369082653454,,A,Normal value,0,Units,2020,,2,Two
DATAFLOW,OECD.SDD.TPS:DSD_PDB@DF_PDB_GR(1.0),Productivity growth rates,I,FIN,Finland,A,Annual,GDPHRS,GDP per hour worked,_T,Total - all activities,IX,Index,Q,Constant prices,_Z,Not applicable,_Z,Not applicable,_Z,Not applicable,1999,,79.3859517917942,,A,Normal value,0,Units,2020,,2,Two
DATAFLOW,OECD.SDD.TPS:DSD_PDB@DF_PDB_GR(1.0),Productivity growth rates,I,FIN,Finland,A,Annual,GDPHRS,GDP per hour worked,_T,Total - all activities,IX,Index,Q,Constant prices,_Z,Not applicable,_Z,Not applicable,_Z,Not applicable,2000,,82.6837565499681,,A,Normal value,0,Units,2020,,2,Two
DATAFLOW,OECD.SDD.TPS:DSD_PDB@DF_PDB_GR(1.0),Productivity growth rates,I,FIN,Finland,A,Annual,GDPHRS,GDP per hour worked,_T,Total - all activities,IX,Index,Q,Constant prices,_Z,Not applicable,_Z,Not applicable,_Z,Not applicable,2001,,84.3112728391961,,A,Normal value,0,Units,2020,,2,Two
DATAFLOW,OECD.SDD.TPS:DSD_PDB@DF_PDB_GR(1.0),Productivity growth rates,I,FIN,Finland,A,Annual,GDPHRS,GDP per hour worked,_T,Total - all activities,IX,Index,Q,Constant prices,_Z,Not applicable,_Z,Not applicable,_Z,Not applicable,2002,,85.0887447491709,,A,Normal value,0,Units,2020,,2,Two
DATAFLOW,OECD.SDD.TPS:DSD_PDB@DF_PDB_GR(1.0),Productivity growth rates,I,FIN,Finland,A,Annual,GDPHRS,GDP per hour worked,_T,Total - all activities,IX,Index,Q,Constant prices,_Z,Not applicable,_Z,Not applicable,_Z,Not applicable,2023,,97.9246448838908,,A,Normal value,0,Units,2020,,2,Two
DATAFLOW,OECD.SDD.TPS:DSD_PDB@DF_PDB_GR(1.0),Productivity growth rates,I,FIN,Finland,A,Annual,GDPHRS,GDP per hour worked,_T,Total - all activities,IX,Index,Q,Constant prices,_Z,Not applicable,_Z,Not applicable,_Z,Not applicable,2024,,98.619324232668,,A,Normal value,0,Units,2020,,2,Two
DATAFLOW,OECD.SDD.TPS:DSD_PDB@DF_PDB_GR(1.0),Productivity growth rates,I,FIN,Finland,A,Annual,GDPHRS,GDP per hour worked,_T,Total - all activities,IX,Index,Q,Constant prices,_Z,Not applicable,_Z,Not applicable,_Z,Not applicable,2020,,100,,A,Normal value,0,Units,2020,,2,Two
DATAFLOW,OECD.SDD.TPS:DSD_PDB@DF_PDB_GR(1.0),Productivity growth rates,I,FIN,Finland,A,Annual,GDPHRS,GDP per hour worked,_T,Total - all activities,IX,Index,Q,Constant prices,_Z,Not applicable,_Z,Not applicable,_Z,Not applicable,2003,,86.905497203172,,A,Normal value,0,Units,2020,,2,Two
DATAFLOW,OECD.SDD.TPS:DSD_PDB@DF_PDB_GR(1.0),Productivity growth rates,I,DNK,Denmark,A,Annual,GDPHRS,GDP per hour worked,_T,Total - all activities,IX,Index,Q,Constant prices,_Z,Not applicable,_Z,Not applicable,_Z,Not applicable,2001,,79.3496964768229,,A,Normal value,0,Units,2020,,2,Two
DATAFLOW,OECD.SDD.TPS:DSD_PDB@DF_PDB_GR(1.0),Productivity growth rates,I,DNK,Denmark,A,Annual,GDPHRS,GDP per hour worked,_T,Total - all activities,IX,Index,Q,Constant prices,_Z,Not applicable,_Z,Not applicable,_Z,Not applicable,2002,,79.9938338623694,,A,Normal value,0,Units,2020,,2,Two
DATAFLOW,OECD.SDD.TPS:DSD_PDB@DF_PDB_GR(1.0),Productivity growth rates,I,DNK,Denmark,A,Annual,GDPHRS,GDP per hour worked,_T,Total - all activities,IX,Index,Q,Constant prices,_Z,Not applicable,_Z,Not applicable,_Z,Not applicable,2003,,81.3556079353557,,A,Normal value,0,Units,2020,,2,Two
DATAFLOW,OECD.SDD.TPS:DSD_PDB@DF_PDB_GR(1.0),Productivity growth rates,I,DNK,Denmark,A,Annual,GDPHRS,GDP per hour worked,_T,Total - all activities,IX,Index,Q,Constant prices,_Z,Not applicable,_Z,Not applicable,_Z,Not applicable,2004,,84.0406312288283,,A,Normal value,0,Units,2020,,2,Two
DATAFLOW,OECD.SDD.TPS:DSD_PDB@DF_PDB_GR(1.0),Productivity growth rates,I,DNK,Denmark,A,Annual,GDPHRS,GDP per hour worked,_T,Total - all activities,IX,Index,Q,Constant prices,_Z,Not applicable,_Z,Not applicable,_Z,Not applicable,2005,,85.2101485099481,,A,Normal value,0,Units,2020,,2,Two
DATAFLOW,OECD.SDD.TPS:DSD_PDB@DF_PDB_GR(1.0),Productivity growth rates,I,DNK,Denmark,A,Annual,GDPHRS,GDP per hour worked,_T,Total - all activities,IX,Index,Q,Constant prices,_Z,Not applicable,_Z,Not applicable,_Z,Not applicable,2006,,86.2542586151426,,A,Normal value,0,Units,2020,,2,Two
DATAFLOW,OECD.SDD.TPS:DSD_PDB@DF_PDB_GR(1.0),Productivity growth rates,I,DNK,Denmark,A,Annual,GDPHRS,GDP per hour worked,_T,Total - all activities,IX,Index,Q,Constant prices,_Z,Not applicable,_Z,Not applicable,_Z,Not applicable,2007,,86.4794986328681,,A,Normal value,0,Units,2020,,2,Two
DATAFLOW,OECD.SDD.TPS:DSD_PDB@DF_PDB_GR(1.0),Productivity growth rates,I,DNK,Denmark,A,Annual,GDPHRS,GDP per hour worked,_T,Total - all activities,IX,Index,Q,Constant prices,_Z,Not applicable,_Z,Not applicable,_Z,Not applicable,2008,,85.2201229859952,,A,Normal value,0,Units,2020,,2,Two
DATAFLOW,OECD.SDD.TPS:DSD_PDB@DF_PDB_GR(1.0),Productivity growth rates,I,DNK,Denmark,A,Annual,GDPHRS,GDP per hour worked,_T,Total - all activities,IX,Index,Q,Constant prices,_Z,Not applicable,_Z,Not applicable,_Z,Not applicable,2009,,84.3785804741701,,A,Normal value,0,Units,2020,,2,Two
DATAFLOW,OECD.SDD.TPS:DSD_PDB@DF_PDB_GR(1.0),Productivity growth rates,I,DNK,Denmark,A,Annual,GDPHRS,GDP per hour worked,_T,Total - all activities,IX,Index,Q,Constant prices,_Z,Not applicable,_Z,Not applicable,_Z,Not applicable,2010,,87.4207143512975,,A,Normal value,0,Units,2020,,2,Two
DATAFLOW,OECD.SDD.TPS:DSD_PDB@DF_PDB_GR(1.0),Productivity growth rates,I,DNK,Denmark,A,Annual,GDPHRS,GDP per hour worked,_T,Total - all activities,IX,Index,Q,Constant prices,_Z,Not applicable,_Z,Not applicable,_Z,Not applicable,2011,,87.7725171430161,,A,Normal value,0,Units,2020,,2,Two
DATAFLOW,OECD.SDD.TPS:DSD_PDB@DF_PDB_GR(1.0),Productivity growth rates,I,DNK,Denmark,A,Annual,GDPHRS,GDP per hour worked,_T,Total - all activities,IX,Index,Q,Constant prices,_Z,Not applicable,_Z,Not applicable,_Z,Not applicable,2012,,89.2274247784044,,A,Normal value,0,Units,2020,,2,Two
DATAFLOW,OECD.SDD.TPS:DSD_PDB@DF_PDB_GR(1.0),Productivity growth rates,I,PRT,Portugal,A,Annual,GDPHRS,GDP per hour worked,_T,Total - all activities,IX,Index,Q,Constant prices,_Z,Not applicable,_Z,Not applicable,_Z,Not applicable,2022,,101.780778652973,,A,Normal value,0,Units,2020,,2,Two
DATAFLOW,OECD.SDD.TPS:DSD_PDB@DF_PDB_GR(1.0),Productivity growth rates,I,PRT,Portugal,A,Annual,GDPHRS,GDP per hour worked,_T,Total - all activities,IX,Index,Q,Constant prices,_Z,Not applicable,_Z,Not applicable,_Z,Not applicable,1995,,77.8392258099998,,A,Normal value,0,Units,2020,,2,Two
DATAFLOW,OECD.SDD.TPS:DSD_PDB@DF_PDB_GR(1.0),Productivity growth rates,I,PRT,Portugal,A,Annual,GDPHRS,GDP per hour worked,_T,Total - all activities,IX,Index,Q,Constant prices,_Z,Not applicable,_Z,Not applicable,_Z,Not applicable,1996,,79.1951408722386,,A,Normal value,0,Units,2020,,2,Two
DATAFLOW,OECD.SDD.TPS:DSD_PDB@DF_PDB_GR(1.0),Productivity growth rates,I,FRA,France,A,Annual,GDPHRS,GDP per hour worked,_T,Total - all activities,IX,Index,Q,Constant prices,_Z,Not applicable,_Z,Not applicable,_Z,Not applicable,2004,,89.8593959177478,,A,Normal value,0,Units,2020,,2,Two
DATAFLOW,OECD.SDD.TPS:DSD_PDB@DF_PDB_GR(1.0),Productivity growth rates,I,FIN,Finland,A,Annual,GDPHRS,GDP per hour worked,_T,Total - all activities,IX,Index,Q,Constant prices,_Z,Not applicable,_Z,Not applicable,_Z,Not applicable,2004,,89.8049777454664,,A,Normal value,0,Units,2020,,2,Two
DATAFLOW,OECD.SDD.TPS:DSD_PDB@DF_PDB_GR(1.0),Productivity growth rates,I,DNK,Denmark,A,Annual,GDPHRS,GDP per hour worked,_T,Total - all activities,IX,Index,Q,Constant prices,_Z,Not applicable,_Z,Not applicable,_Z,Not applicable,2000,,79.5293092608042,,A,Normal value,0,Units,2020,,2,Two
DATAFLOW,OECD.SDD.TPS:DSD_PDB@DF_PDB_GR(1.0),Productivity growth rates,I,DEU,Germany,A,Annual,GDPHRS,GDP per hour worked,_T,Total - all activities,IX,Index,Q,Constant prices,_Z,Not applicable,_Z,Not applicable,_Z,Not applicable,2013,,93.4393305463353,,A,Normal value,0,Units,2020,,2,Two
DATAFLOW,OECD.SDD.TPS:DSD_PDB@DF_PDB_GR(1.0),Productivity growth rates,I,DEU,Germany,A,Annual,GDPHRS,GDP per hour worked,_T,Total - all activities,IX,Index,Q,Constant prices,_Z,Not applicable,_Z,Not applicable,_Z,Not applicable,2014,,94.3336637764993,,A,Normal value,0,Units,2020,,2,Two
DATAFLOW,OECD.SDD.TPS:DSD_PDB@DF_PDB_GR(1.0),Productivity growth rates,I,DEU,Germany,A,Annual,GDPHRS,GDP per hour worked,_T,Total - all activities,IX,Index,Q,Constant prices,_Z,Not applicable,_Z,Not applicable,_Z,Not applicable,2015,,94.9384134108318,,A,Normal value,0,Units,2020,,2,Two
DATAFLOW,OECD.SDD.TPS:DSD_PDB@DF_PDB_GR(1.0),Productivity growth rates,I,DEU,Germany,A,Annual,GDPHRS,GDP per hour worked,_T,Total - all activities,IX,Index,Q,Constant prices,_Z,Not applicable,_Z,Not applicable,_Z,Not applicable,2016,,96.292300757262,,A,Normal value,0,Units,2020,,2,Two
DATAFLOW,OECD.SDD.TPS:DSD_PDB@DF_PDB_GR(1.0),Productivity growth rates,I,DEU,Germany,A,Annual,GDPHRS,GDP per hour worked,_T,Total - all activities,IX,Index,Q,Constant prices,_Z,Not applicable,_Z,Not applicable,_Z,Not applicable,2017,,98.0941162606635,,A,Normal value,0,Units,2020,,2,Two
DATAFLOW,OECD.SDD.TPS:DSD_PDB@DF_PDB_GR(1.0),Productivity growth rates,I,DEU,Germany,A,Annual,GDPHRS,GDP per hour worked,_T,Total - all activities,IX,Index,Q,Constant prices,_Z,Not applicable,_Z,Not applicable,_Z,Not applicable,2022,,101.264742560765,,P,Provisional value,0,Units,2020,,2,Two
DATAFLOW,OECD.SDD.TPS:DSD_PDB@DF_PDB_GR(1.0),Productivity growth rates,I,DEU,Germany,A,Annual,GDPHRS,GDP per hour worked,_T,Total - all activities,IX,Index,Q,Constant prices,_Z,Not applicable,_Z,Not applicable,_Z,Not applicable,2023,,100.668116532315,,P,Provisional value,0,Units,2020,,2,Two
DATAFLOW,OECD.SDD.TPS:DSD_PDB@DF_PDB_GR(1.0),Productivity growth rates,I,DEU,Germany,A,Annual,GDPHRS,GDP per hour worked,_T,Total - all activities,IX,Index,Q,Constant prices,_Z,Not applicable,_Z,Not applicable,_Z,Not applicable,2024,,100.644026539022,,P,Provisional value,0,Units,2020,,2,Two
DATAFLOW,OECD.SDD.TPS:DSD_PDB@DF_PDB_GR(1.0),Productivity growth rates,I,DEU,Germany,A,Annual,GDPHRS,GDP per hour worked,_T,Total - all activities,IX,Index,Q,Constant prices,_Z,Not applicable,_Z,Not applicable,_Z,Not applicable,2021,,101.363041592386,,A,Normal value,0,Units,2020,,2,Two
DATAFLOW,OECD.SDD.TPS:DSD_PDB@DF_PDB_GR(1.0),Productivity growth rates,I,DEU,Germany,A,Annual,GDPHRS,GDP per hour worked,_T,Total - all activities,IX,Index,Q,Constant prices,_Z,Not applicable,_Z,Not applicable,_Z,Not applicable,1995,,75.3142664953616,,A,Normal value,0,Units,2020,,2,Two
DATAFLOW,OECD.SDD.TPS:DSD_PDB@DF_PDB_GR(1.0),Productivity growth rates,I,DEU,Germany,A,Annual,GDPHRS,GDP per hour worked,_T,Total - all activities,IX,Index,Q,Constant prices,_Z,Not applicable,_Z,Not applicable,_Z,Not applicable,1996,,76.7367578507972,,A,Normal value,0,Units,2020,,2,Two
DATAFLOW,OECD.SDD.TPS:DSD_PDB@DF_PDB_GR(1.0),Productivity growth rates,I,DEU,Germany,A,Annual,GDPHRS,GDP per hour worked,_T,Total - all activities,IX,Index,Q,Constant prices,_Z,Not applicable,_Z,Not applicable,_Z,Not applicable,1997,,78.6799086389719,,A,Normal value,0,Units,2020,,2,Two
DATAFLOW,OECD.SDD.TPS:DSD_PDB@DF_PDB_GR(1.0),Productivity growth rates,I,DEU,Germany,A,Annual,GDPHRS,GDP per hour worked,_T,Total - all activities,IX,Index,Q,Constant prices,_Z,Not applicable,_Z,Not applicable,_Z,Not applicable,1998,,79.5459467552499,,A,Normal value,0,Units,2020,,2,Two
DATAFLOW,OECD.SDD.TPS:DSD_PDB@DF_PDB_GR(1.0),Productivity growth rates,I,DEU,Germany,A,Annual,GDPHRS,GDP per hour worked,_T,Total - all activities,IX,Index,Q,Constant prices,_Z,Not applicable,_Z,Not applicable,_Z,Not applicable,2018,,98.4204403531411,,A,Normal value,0,Units,2020,,2,Two
DATAFLOW,OECD.SDD.TPS:DSD_PDB@DF_PDB_GR(1.0),Productivity growth rates,I,DEU,Germany,A,Annual,GDPHRS,GDP per hour worked,_T,Total - all activities,IX,Index,Q,Constant prices,_Z,Not applicable,_Z,Not applicable,_Z,Not applicable,2019,,99.1094643894505,,A,Normal value,0,Units,2020,,2,Two
DATAFLOW,OECD.SDD.TPS:DSD_PDB@DF_PDB_GR(1.0),Productivity growth rates,I,DEU,Germany,A,Annual,GDPHRS,GDP per hour worked,_T,Total - all activities,IX,Index,Q,Constant prices,_Z,Not applicable,_Z,Not applicable,_Z,Not applicable,2020,,100,,A,Normal value,0,Units,2020,,2,Two
DATAFLOW,OECD.SDD.TPS:DSD_PDB@DF_PDB_GR(1.0),Productivity growth rates,I,DEU,Germany,A,Annual,GDPHRS,GDP per hour worked,_T,Total - all activities,IX,Index,Q,Constant prices,_Z,Not applicable,_Z,Not applicable,_Z,Not applicable,1999,,80.6261891958958,,A,Normal value,0,Units,2020,,2,Two
DATAFLOW,OECD.SDD.TPS:DSD_PDB@DF_PDB_GR(1.0),Productivity growth rates,I,FRA,France,A,Annual,GDPHRS,GDP per hour worked,_T,Total - all activities,IX,Index,Q,Constant prices,_Z,Not applicable,_Z,Not applicable,_Z,Not applicable,2005,,90.849298565974,,A,Normal value,0,Units,2020,,2,Two
DATAFLOW,OECD.SDD.TPS:DSD_PDB@DF_PDB_GR(1.0),Productivity growth rates,I,FRA,France,A,Annual,GDPHRS,GDP per hour worked,_T,Total - all activities,IX,Index,Q,Constant prices,_Z,Not applicable,_Z,Not applicable,_Z,Not applicable,2006,,93.239923290486,,A,Normal value,0,Units,2020,,2,Two
DATAFLOW,OECD.SDD.TPS:DSD_PDB@DF_PDB_GR(1.0),Productivity growth rates,I,FRA,France,A,Annual,GDPHRS,GDP per hour worked,_T,Total - all activities,IX,Index,Q,Constant prices,_Z,Not applicable,_Z,Not applicable,_Z,Not applicable,2007,,92.8752835899516,,A,Normal value,0,Units,2020,,2,Two
DATAFLOW,OECD.SDD.TPS:DSD_PDB@DF_PDB_GR(1.0),Productivity growth rates,I,FRA,France,A,Annual,GDPHRS,GDP per hour worked,_T,Total - all activities,IX,Index,Q,Constant prices,_Z,Not applicable,_Z,Not applicable,_Z,Not applicable,2008,,92.3546693260803,,A,Normal value,0,Units,2020,,2,Two
DATAFLOW,OECD.SDD.TPS:DSD_PDB@DF_PDB_GR(1.0),Productivity growth rates,I,FRA,France,A,Annual,GDPHRS,GDP per hour worked,_T,Total - all activities,IX,Index,Q,Constant prices,_Z,Not applicable,_Z,Not applicable,_Z,Not applicable,2009,,91.4759692085298,,A,Normal value,0,Units,2020,,2,Two
DATAFLOW,OECD.SDD.TPS:DSD_PDB@DF_PDB_GR(1.0),Productivity growth rates,I,FRA,France,A,Annual,GDPHRS,GDP per hour worked,_T,Total - all activities,IX,Index,Q,Constant prices,_Z,Not applicable,_Z,Not applicable,_Z,Not applicable,2010,,92.7275175248438,,A,Normal value,0,Units,2020,,2,Two
DATAFLOW,OECD.SDD.TPS:DSD_PDB@DF_PDB_GR(1.0),Productivity growth rates,I,FRA,France,A,Annual,GDPHRS,GDP per hour worked,_T,Total - all activities,IX,Index,Q,Constant prices,_Z,Not applicable,_Z,Not applicable,_Z,Not applicable,2011,,93.9120326351591,,A,Normal value,0,Units,2020,,2,Two
DATAFLOW,OECD.SDD.TPS:DSD_PDB@DF_PDB_GR(1.0),Productivity growth rates,I,FRA,France,A,Annual,GDPHRS,GDP per hour worked,_T,Total - all activities,IX,Index,Q,Constant prices,_Z,Not applicable,_Z,Not applicable,_Z,Not applicable,2012,,94.1056892669588,,A,Normal value,0,Units,2020,,2,Two
DATAFLOW,OECD.SDD.TPS:DSD_PDB@DF_PDB_GR(1.0),Productivity growth rates,I,FRA,France,A,Annual,GDPHRS,GDP per hour worked,_T,Total - all activities,IX,Index,Q,Constant prices,_Z,Not applicable,_Z,Not applicable,_Z,Not applicable,2013,,95.6057089203758,,A,Normal value,0,Units,2020,,2,Two
DATAFLOW,OECD.SDD.TPS:DSD_PDB@DF_PDB_GR(1.0),Productivity growth rates,I,FRA,France,A,Annual,GDPHRS,GDP per hour worked,_T,Total - all activities,IX,Index,Q,Constant prices,_Z,Not applicable,_Z,Not applicable,_Z,Not applicable,2014,,96.5931336169883,,A,Normal value,0,Units,2020,,2,Two
DATAFLOW,OECD.SDD.TPS:DSD_PDB@DF_PDB_GR(1.0),Productivity growth rates,I,FRA,France,A,Annual,GDPHRS,GDP per hour worked,_T,Total - all activities,IX,Index,Q,Constant prices,_Z,Not applicable,_Z,Not applicable,_Z,Not applicable,2015,,97.3686444439999,,A,Normal value,0,Units,2020,,2,Two
DATAFLOW,OECD.SDD.TPS:DSD_PDB@DF_PDB_GR(1.0),Productivity growth rates,I,FRA,France,A,Annual,GDPHRS,GDP per hour worked,_T,Total - all activities,IX,Index,Q,Constant prices,_Z,Not applicable,_Z,Not applicable,_Z,Not applicable,2016,,97.3033040484178,,A,Normal value,0,Units,2020,,2,Two
DATAFLOW,OECD.SDD.TPS:DSD_PDB@DF_PDB_GR(1.0),Productivity growth rates,I,FRA,France,A,Annual,GDPHRS,GDP per hour worked,_T,Total - all activities,IX,Index,Q,Constant prices,_Z,Not applicable,_Z,Not applicable,_Z,Not applicable,2017,,99.1826145872231,,A,Normal value,0,Units,2020,,2,Two
DATAFLOW,OECD.SDD.TPS:DSD_PDB@DF_PDB_GR(1.0),Productivity growth rates,I,FRA,France,A,Annual,GDPHRS,GDP per hour worked,_T,Total - all activities,IX,Index,Q,Constant prices,_Z,Not applicable,_Z,Not applicable,_Z,Not applicable,2018,,99.3083802957836,,A,Normal value,0,Units,2020,,2,Two
DATAFLOW,OECD.SDD.TPS:DSD_PDB@DF_PDB_GR(1.0),Productivity growth rates,I,FRA,France,A,Annual,GDPHRS,GDP per hour worked,_T,Total - all activities,IX,Index,Q,Constant prices,_Z,Not applicable,_Z,Not applicable,_Z,Not applicable,2019,,99.8263664607996,,A,Normal value,0,Units,2020,,2,Two
DATAFLOW,OECD.SDD.TPS:DSD_PDB@DF_PDB_GR(1.0),Productivity growth rates,I,FRA,France,A,Annual,GDPHRS,GDP per hour worked,_T,Total - all activities,IX,Index,Q,Constant prices,_Z,Not applicable,_Z,Not applicable,_Z,Not applicable,2021,,98.6406983829751,,A,Normal value,0,Units,2020,,2,Two
DATAFLOW,OECD.SDD.TPS:DSD_PDB@DF_PDB_GR(1.0),Productivity growth rates,I,FRA,France,A,Annual,GDPHRS,GDP per hour worked,_T,Total - all activities,IX,Index,Q,Constant prices,_Z,Not applicable,_Z,Not applicable,_Z,Not applicable,2022,,97.1222314528065,,A,Normal value,0,Units,2020,,2,Two
DATAFLOW,OECD.SDD.TPS:DSD_PDB@DF_PDB_GR(1.0),Productivity growth rates,I,FRA,France,A,Annual,GDPHRS,GDP per hour worked,_T,Total - all activities,IX,Index,Q,Constant prices,_Z,Not applicable,_Z,Not applicable,_Z,Not applicable,1995,,77.1061130569221,,A,Normal value,0,Units,2020,,2,Two
DATAFLOW,OECD.SDD.TPS:DSD_PDB@DF_PDB_GR(1.0),Productivity growth rates,I,FRA,France,A,Annual,GDPHRS,GDP per hour worked,_T,Total - all activities,IX,Index,Q,Constant prices,_Z,Not applicable,_Z,Not applicable,_Z,Not applicable,1996,,77.9211341633266,,A,Normal value,0,Units,2020,,2,Two
DATAFLOW,OECD.SDD.TPS:DSD_PDB@DF_PDB_GR(1.0),Productivity growth rates,I,FRA,France,A,Annual,GDPHRS,GDP per hour worked,_T,Total - all activities,IX,Index,Q,Constant prices,_Z,Not applicable,_Z,Not applicable,_Z,Not applicable,1997,,79.326273878748,,A,Normal value,0,Units,2020,,2,Two
DATAFLOW,OECD.SDD.TPS:DSD_PDB@DF_PDB_GR(1.0),Productivity growth rates,I,FRA,France,A,Annual,GDPHRS,GDP per hour worked,_T,Total - all activities,IX,Index,Q,Constant prices,_Z,Not applicable,_Z,Not applicable,_Z,Not applicable,1998,,81.1077323019994,,A,Normal value,0,Units,2020,,2,Two
DATAFLOW,OECD.SDD.TPS:DSD_PDB@DF_PDB_GR(1.0),Productivity growth rates,I,FRA,France,A,Annual,GDPHRS,GDP per hour worked,_T,Total - all activities,IX,Index,Q,Constant prices,_Z,Not applicable,_Z,Not applicable,_Z,Not applicable,1999,,82.0969199332416,,A,Normal value,0,Units,2020,,2,Two
DATAFLOW,OECD.SDD.TPS:DSD_PDB@DF_PDB_GR(1.0),Productivity growth rates,I,FRA,France,A,Annual,GDPHRS,GDP per hour worked,_T,Total - all activities,IX,Index,Q,Constant prices,_Z,Not applicable,_Z,Not applicable,_Z,Not applicable,2000,,84.3948743006293,,A,Normal value,0,Units,2020,,2,Two
DATAFLOW,OECD.SDD.TPS:DSD_PDB@DF_PDB_GR(1.0),Productivity growth rates,I,FRA,France,A,Annual,GDPHRS,GDP per hour worked,_T,Total - all activities,IX,Index,Q,Constant prices,_Z,Not applicable,_Z,Not applicable,_Z,Not applicable,2001,,85.8386765118881,,A,Normal value,0,Units,2020,,2,Two
DATAFLOW,OECD.SDD.TPS:DSD_PDB@DF_PDB_GR(1.0),Productivity growth rates,I,FRA,France,A,Annual,GDPHRS,GDP per hour worked,_T,Total - all activities,IX,Index,Q,Constant prices,_Z,Not applicable,_Z,Not applicable,_Z,Not applicable,2002,,88.2638199944405,,A,Normal value,0,Units,2020,,2,Two
DATAFLOW,OECD.SDD.TPS:DSD_PDB@DF_PDB_GR(1.0),Productivity growth rates,I,FRA,France,A,Annual,GDPHRS,GDP per hour worked,_T,Total - all activities,IX,Index,Q,Constant prices,_Z,Not applicable,_Z,Not applicable,_Z,Not applicable,2023,,97.1185396830662,,A,Normal value,0,Units,2020,,2,Two
DATAFLOW,OECD.SDD.TPS:DSD_PDB@DF_PDB_GR(1.0),Productivity growth rates,I,FRA,France,A,Annual,GDPHRS,GDP per hour worked,_T,Total - all activities,IX,Index,Q,Constant prices,_Z,Not applicable,_Z,Not applicable,_Z,Not applicable,2024,,97.1422314149127,,A,Normal value,0,Units,2020,,2,Two
DATAFLOW,OECD.SDD.TPS:DSD_PDB@DF_PDB_GR(1.0),Productivity growth rates,I,GBR,United Kingdom,A,Annual,GDPHRS,GDP per hour worked,_T,Total - all activities,IX,Index,Q,Constant prices,_Z,Not applicable,_Z,Not applicable,_Z,Not applicable,2004,,81.8827117756095,,A,Normal value,0,Units,2020,,2,Two
DATAFLOW,OECD.SDD.TPS:DSD_PDB@DF_PDB_GR(1.0),Productivity growth rates,I,SWE,Sweden,A,Annual,GDPHRS,GDP per hour worked,_T,Total - all activities,IX,Index,Q,Constant prices,_Z,Not applicable,_Z,Not applicable,_Z,Not applicable,2004,,86.9604412815846,,A,Normal value,0,Units,2020,,2,Two
DATAFLOW,OECD.SDD.TPS:DSD_PDB@DF_PDB_GR(1.0),Productivity growth rates,I,EA20,Euro area (20 countries),A,Annual,GDPHRS,GDP per hour worked,_T,Total - all activities,IX,Index,Q,Constant prices,_Z,Not applicable,_Z,Not applicable,_Z,Not applicable,2003,,85.9059424633934,,A,Normal value,0,Units,2020,,2,Two
DATAFLOW,OECD.SDD.TPS:DSD_PDB@DF_PDB_GR(1.0),Productivity growth rates,I,USA,United States,A,Annual,GDPHRS,GDP per hour worked,_T,Total - all activities,IX,Index,Q,Constant prices,_Z,Not applicable,_Z,Not applicable,_Z,Not applicable,2006,,82.1053784229862,,A,Normal value,0,Units,2020,,2,Two
DATAFLOW,OECD.SDD.TPS:DSD_PDB@DF_PDB_GR(1.0),Productivity growth rates,I,FIN,Finland,A,Annual,GDPHRS,GDP per hour worked,_T,Total - all activities,IX,Index,Q,Constant prices,_Z,Not applicable,_Z,Not applicable,_Z,Not applicable,2014,,95.2369755950765,,A,Normal value,0,Units,2020,,2,Two
DATAFLOW,OECD.SDD.TPS:DSD_PDB@DF_PDB_GR(1.0),Productivity growth rates,I,FIN,Finland,A,Annual,GDPHRS,GDP per hour worked,_T,Total - all activities,IX,Index,Q,Constant prices,_Z,Not applicable,_Z,Not applicable,_Z,Not applicable,2015,,95.436678375915,,A,Normal value,0,Units,2020,,2,Two
DATAFLOW,OECD.SDD.TPS:DSD_PDB@DF_PDB_GR(1.0),Productivity growth rates,I,ESP,Spain,A,Annual,GDPHRS,GDP per hour worked,_T,Total - all activities,IX,Index,Q,Constant prices,_Z,Not applicable,_Z,Not applicable,_Z,Not applicable,2001,,85.8753611375762,,A,Normal value,0,Units,2020,,2,Two
DATAFLOW,OECD.SDD.TPS:DSD_PDB@DF_PDB_GR(1.0),Productivity growth rates,I,PRT,Portugal,A,Annual,GDPHRS,GDP per hour worked,_T,Total - all activities,IX,Index,Q,Constant prices,_Z,Not applicable,_Z,Not applicable,_Z,Not applicable,2004,,88.178473739287,,A,Normal value,0,Units,2020,,2,Two
DATAFLOW,OECD.SDD.TPS:DSD_PDB@DF_PDB_GR(1.0),Productivity growth rates,I,POL,Poland,A,Annual,GDPHRS,GDP per hour worked,_T,Total - all activities,IX,Index,Q,Constant prices,_Z,Not applicable,_Z,Not applicable,_Z,Not applicable,2004,,65.6551049233673,,A,Normal value,0,Units,2020,,2,Two
DATAFLOW,OECD.SDD.TPS:DSD_PDB@DF_PDB_GR(1.0),Productivity growth rates,I,NOR,Norway,A,Annual,GDPHRS,GDP per hour worked,_T,Total - all activities,IX,Index,Q,Constant prices,_Z,Not applicable,_Z,Not applicable,_Z,Not applicable,2003,,96.6247589020659,,A,Normal value,0,Units,2020,,2,Two
DATAFLOW,OECD.SDD.TPS:DSD_PDB@DF_PDB_GR(1.0),Productivity growth rates,I,NLD,Netherlands,A,Annual,GDPHRS,GDP per hour worked,_T,Total - all activities,IX,Index,Q,Constant prices,_Z,Not applicable,_Z,Not applicable,_Z,Not applicable,2002,,88.6841803519908,,A,Normal value,0,Units,2020,,2,Two
DATAFLOW,OECD.SDD.TPS:DSD_PDB@DF_PDB_GR(1.0),Productivity growth rates,I,POL,Poland,A,Annual,GDPHRS,GDP per hour worked,_T,Total - all activities,IX,Index,Q,Constant prices,_Z,Not applicable,_Z,Not applicable,_Z,Not applicable,1997,,46.3263523373538,,A,Normal value,0,Units,2020,,2,Two
DATAFLOW,OECD.SDD.TPS:DSD_PDB@DF_PDB_GR(1.0),Productivity growth rates,I,POL,Poland,A,Annual,GDPHRS,GDP per hour worked,_T,Total - all activities,IX,Index,Q,Constant prices,_Z,Not applicable,_Z,Not applicable,_Z,Not applicable,1998,,47.9090771561514,,A,Normal value,0,Units,2020,,2,Two
DATAFLOW,OECD.SDD.TPS:DSD_PDB@DF_PDB_GR(1.0),Productivity growth rates,I,POL,Poland,A,Annual,GDPHRS,GDP per hour worked,_T,Total - all activities,IX,Index,Q,Constant prices,_Z,Not applicable,_Z,Not applicable,_Z,Not applicable,1999,,51.3938439138118,,A,Normal value,0,Units,2020,,2,Two
DATAFLOW,OECD.SDD.TPS:DSD_PDB@DF_PDB_GR(1.0),Productivity growth rates,I,POL,Poland,A,Annual,GDPHRS,GDP per hour worked,_T,Total - all activities,IX,Index,Q,Constant prices,_Z,Not applicable,_Z,Not applicable,_Z,Not applicable,2000,,55.5283673614365,,A,Normal value,0,Units,2020,,2,Two
DATAFLOW,OECD.SDD.TPS:DSD_PDB@DF_PDB_GR(1.0),Productivity growth rates,I,POL,Poland,A,Annual,GDPHRS,GDP per hour worked,_T,Total - all activities,IX,Index,Q,Constant prices,_Z,Not applicable,_Z,Not applicable,_Z,Not applicable,2001,,57.4328396603367,,A,Normal value,0,Units,2020,,2,Two
DATAFLOW,OECD.SDD.TPS:DSD_PDB@DF_PDB_GR(1.0),Productivity growth rates,I,POL,Poland,A,Annual,GDPHRS,GDP per hour worked,_T,Total - all activities,IX,Index,Q,Constant prices,_Z,Not applicable,_Z,Not applicable,_Z,Not applicable,2002,,60.4978641745518,,A,Normal value,0,Units,2020,,2,Two
DATAFLOW,OECD.SDD.TPS:DSD_PDB@DF_PDB_GR(1.0),Productivity growth rates,I,POL,Poland,A,Annual,GDPHRS,GDP per hour worked,_T,Total - all activities,IX,Index,Q,Constant prices,_Z,Not applicable,_Z,Not applicable,_Z,Not applicable,2023,,106.679919298935,,A,Normal value,0,Units,2020,,2,Two
DATAFLOW,OECD.SDD.TPS:DSD_PDB@DF_PDB_GR(1.0),Productivity growth rates,I,POL,Poland,A,Annual,GDPHRS,GDP per hour worked,_T,Total - all activities,IX,Index,Q,Constant prices,_Z,Not applicable,_Z,Not applicable,_Z,Not applicable,2024,,111.92982128429,,A,Normal value,0,Units,2020,,2,Two
DATAFLOW,OECD.SDD.TPS:DSD_PDB@DF_PDB_GR(1.0),Productivity growth rates,I,POL,Poland,A,Annual,GDPHRS,GDP per hour worked,_T,Total - all activities,IX,Index,Q,Constant prices,_Z,Not applicable,_Z,Not applicable,_Z,Not applicable,2020,,100,,A,Normal value,0,Units,2020,,2,Two
DATAFLOW,OECD.SDD.TPS:DSD_PDB@DF_PDB_GR(1.0),Productivity growth rates,I,POL,Poland,A,Annual,GDPHRS,GDP per hour worked,_T,Total - all activities,IX,Index,Q,Constant prices,_Z,Not applicable,_Z,Not applicable,_Z,Not applicable,2003,,63.1936149242376,,A,Normal value,0,Units,2020,,2,Two
DATAFLOW,OECD.SDD.TPS:DSD_PDB@DF_PDB_GR(1.0),Productivity growth rates,I,NOR,Norway,A,Annual,GDPHRS,GDP per hour worked,_T,Total - all activities,IX,Index,Q,Constant prices,_Z,Not applicable,_Z,Not applicable,_Z,Not applicable,2004,,98.5941794112524,,A,Normal value,0,Units,2020,,2,Two
DATAFLOW,OECD.SDD.TPS:DSD_PDB@DF_PDB_GR(1.0),Productivity growth rates,I,NOR,Norway,A,Annual,GDPHRS,GDP per hour worked,_T,Total - all activities,IX,Index,Q,Constant prices,_Z,Not applicable,_Z,Not applicable,_Z,Not applicable,2005,,99.7136106795433,,A,Normal value,0,Units,2020,,2,Two
DATAFLOW,OECD.SDD.TPS:DSD_PDB@DF_PDB_GR(1.0),Productivity growth rates,I,NOR,Norway,A,Annual,GDPHRS,GDP per hour worked,_T,Total - all activities,IX,Index,Q,Constant prices,_Z,Not applicable,_Z,Not applicable,_Z,Not applicable,2006,,99.0584425346754,,A,Normal value,0,Units,2020,,2,Two
DATAFLOW,OECD.SDD.TPS:DSD_PDB@DF_PDB_GR(1.0),Productivity growth rates,I,NOR,Norway,A,Annual,GDPHRS,GDP per hour worked,_T,Total - all activities,IX,Index,Q,Constant prices,_Z,Not applicable,_Z,Not applicable,_Z,Not applicable,2007,,97.3034132277428,,A,Normal value,0,Units,2020,,2,Two
DATAFLOW,OECD.SDD.TPS:DSD_PDB@DF_PDB_GR(1.0),Productivity growth rates,I,NOR,Norway,A,Annual,GDPHRS,GDP per hour worked,_T,Total - all activities,IX,Index,Q,Constant prices,_Z,Not applicable,_Z,Not applicable,_Z,Not applicable,2008,,94.3717895466488,,A,Normal value,0,Units,2020,,2,Two
DATAFLOW,OECD.SDD.TPS:DSD_PDB@DF_PDB_GR(1.0),Productivity growth rates,I,NOR,Norway,A,Annual,GDPHRS,GDP per hour worked,_T,Total - all activities,IX,Index,Q,Constant prices,_Z,Not applicable,_Z,Not applicable,_Z,Not applicable,2009,,94.3207492819116,,A,Normal value,0,Units,2020,,2,Two
DATAFLOW,OECD.SDD.TPS:DSD_PDB@DF_PDB_GR(1.0),Productivity growth rates,I,NOR,Norway,A,Annual,GDPHRS,GDP per hour worked,_T,Total - all activities,IX,Index,Q,Constant prices,_Z,Not applicable,_Z,Not applicable,_Z,Not applicable,2010,,94.8025841129004,,A,Normal value,0,Units,2020,,2,Two
DATAFLOW,OECD.SDD.TPS:DSD_PDB@DF_PDB_GR(1.0),Productivity growth rates,I,NOR,Norway,A,Annual,GDPHRS,GDP per hour worked,_T,Total - all activities,IX,Index,Q,Constant prices,_Z,Not applicable,_Z,Not applicable,_Z,Not applicable,2011,,94.1479075264849,,A,Normal value,0,Units,2020,,2,Two
DATAFLOW,OECD.SDD.TPS:DSD_PDB@DF_PDB_GR(1.0),Productivity growth rates,I,NOR,Norway,A,Annual,GDPHRS,GDP per hour worked,_T,Total - all activities,IX,Index,Q,Constant prices,_Z,Not applicable,_Z,Not applicable,_Z,Not applicable,2012,,94.9936006064854,,A,Normal value,0,Units,2020,,2,Two
DATAFLOW,OECD.SDD.TPS:DSD_PDB@DF_PDB_GR(1.0),Productivity growth rates,I,NOR,Norway,A,Annual,GDPHRS,GDP per hour worked,_T,Total - all activities,IX,Index,Q,Constant prices,_Z,Not applicable,_Z,Not applicable,_Z,Not applicable,2013,,95.5546663820494,,A,Normal value,0,Units,2020,,2,Two
DATAFLOW,OECD.SDD.TPS:DSD_PDB@DF_PDB_GR(1.0),Productivity growth rates,I,NOR,Norway,A,Annual,GDPHRS,GDP per hour worked,_T,Total - all activities,IX,Index,Q,Constant prices,_Z,Not applicable,_Z,Not applicable,_Z,Not applicable,2014,,96.3198008055617,,A,Normal value,0,Units,2020,,2,Two
DATAFLOW,OECD.SDD.TPS:DSD_PDB@DF_PDB_GR(1.0),Productivity growth rates,I,NOR,Norway,A,Annual,GDPHRS,GDP per hour worked,_T,Total - all activities,IX,Index,Q,Constant prices,_Z,Not applicable,_Z,Not applicable,_Z,Not applicable,2015,,97.6011087246538,,A,Normal value,0,Units,2020,,2,Two
DATAFLOW,OECD.SDD.TPS:DSD_PDB@DF_PDB_GR(1.0),Productivity growth rates,I,NOR,Norway,A,Annual,GDPHRS,GDP per hour worked,_T,Total - all activities,IX,Index,Q,Constant prices,_Z,Not applicable,_Z,Not applicable,_Z,Not applicable,2016,,98.2295892937494,,A,Normal value,0,Units,2020,,2,Two
DATAFLOW,OECD.SDD.TPS:DSD_PDB@DF_PDB_GR(1.0),Productivity growth rates,I,NOR,Norway,A,Annual,GDPHRS,GDP per hour worked,_T,Total - all activities,IX,Index,Q,Constant prices,_Z,Not applicable,_Z,Not applicable,_Z,Not applicable,2017,,100.262602976258,,A,Normal value,0,Units,2020,,2,Two
DATAFLOW,OECD.SDD.TPS:DSD_PDB@DF_PDB_GR(1.0),Productivity growth rates,I,NOR,Norway,A,Annual,GDPHRS,GDP per hour worked,_T,Total - all activities,IX,Index,Q,Constant prices,_Z,Not applicable,_Z,Not applicable,_Z,Not applicable,2018,,99.4866195927716,,A,Normal value,0,Units,2020,,2,Two
DATAFLOW,OECD.SDD.TPS:DSD_PDB@DF_PDB_GR(1.0),Productivity growth rates,I,NOR,Norway,A,Annual,GDPHRS,GDP per hour worked,_T,Total - all activities,IX,Index,Q,Constant prices,_Z,Not applicable,_Z,Not applicable,_Z,Not applicable,2019,,99.1041561428436,,A,Normal value,0,Units,2020,,2,Two
DATAFLOW,OECD.SDD.TPS:DSD_PDB@DF_PDB_GR(1.0),Productivity growth rates,I,NOR,Norway,A,Annual,GDPHRS,GDP per hour worked,_T,Total - all activities,IX,Index,Q,Constant prices,_Z,Not applicable,_Z,Not applicable,_Z,Not applicable,2020,,100,,A,Normal value,0,Units,2020,,2,Two
DATAFLOW,OECD.SDD.TPS:DSD_PDB@DF_PDB_GR(1.0),Productivity growth rates,I,NOR,Norway,A,Annual,GDPHRS,GDP per hour worked,_T,Total - all activities,IX,Index,Q,Constant prices,_Z,Not applicable,_Z,Not applicable,_Z,Not applicable,2024,,102.672032375784,,A,Normal value,0,Units,2020,,2,Two
DATAFLOW,OECD.SDD.TPS:DSD_PDB@DF_PDB_GR(1.0),Productivity growth rates,I,NOR,Norway,A,Annual,GDPHRS,GDP per hour worked,_T,Total - all activities,IX,Index,Q,Constant prices,_Z,Not applicable,_Z,Not applicable,_Z,Not applicable,1995,,79.2199635579498,,A,Normal value,0,Units,2020,,2,Two
DATAFLOW,OECD.SDD.TPS:DSD_PDB@DF_PDB_GR(1.0),Productivity growth rates,I,NOR,Norway,A,Annual,GDPHRS,GDP per hour worked,_T,Total - all activities,IX,Index,Q,Constant prices,_Z,Not applicable,_Z,Not applicable,_Z,Not applicable,1996,,81.7369410619284,,A,Normal value,0,Units,2020,,2,Two
DATAFLOW,OECD.SDD.TPS:DSD_PDB@DF_PDB_GR(1.0),Productivity growth rates,I,NOR,Norway,A,Annual,GDPHRS,GDP per hour worked,_T,Total - all activities,IX,Index,Q,Constant prices,_Z,Not applicable,_Z,Not applicable,_Z,Not applicable,1997,,83.8660815556302,,A,Normal value,0,Units,2020,,2,Two
DATAFLOW,OECD.SDD.TPS:DSD_PDB@DF_PDB_GR(1.0),Productivity growth rates,I,NOR,Norway,A,Annual,GDPHRS,GDP per hour worked,_T,Total - all activities,IX,Index,Q,Constant prices,_Z,Not applicable,_Z,Not applicable,_Z,Not applicable,1998,,83.992165877993,,A,Normal value,0,Units,2020,,2,Two
DATAFLOW,OECD.SDD.TPS:DSD_PDB@DF_PDB_GR(1.0),Productivity growth rates,I,NOR,Norway,A,Annual,GDPHRS,GDP per hour worked,_T,Total - all activities,IX,Index,Q,Constant prices,_Z,Not applicable,_Z,Not applicable,_Z,Not applicable,1999,,84.9952033514854,,A,Normal value,0,Units,2020,,2,Two
DATAFLOW,OECD.SDD.TPS:DSD_PDB@DF_PDB_GR(1.0),Productivity growth rates,I,NOR,Norway,A,Annual,GDPHRS,GDP per hour worked,_T,Total - all activities,IX,Index,Q,Constant prices,_Z,Not applicable,_Z,Not applicable,_Z,Not applicable,2000,,88.3401105041026,,A,Normal value,0,Units,2020,,2,Two
DATAFLOW,OECD.SDD.TPS:DSD_PDB@DF_PDB_GR(1.0),Productivity growth rates,I,NOR,Norway,A,Annual,GDPHRS,GDP per hour worked,_T,Total - all activities,IX,Index,Q,Constant prices,_Z,Not applicable,_Z,Not applicable,_Z,Not applicable,2001,,91.6147789698717,,A,Normal value,0,Units,2020,,2,Two
DATAFLOW,OECD.SDD.TPS:DSD_PDB@DF_PDB_GR(1.0),Productivity growth rates,I,NOR,Norway,A,Annual,GDPHRS,GDP per hour worked,_T,Total - all activities,IX,Index,Q,Constant prices,_Z,Not applicable,_Z,Not applicable,_Z,Not applicable,2021,,101.585839732848,,A,Normal value,0,Units,2020,,2,Two
DATAFLOW,OECD.SDD.TPS:DSD_PDB@DF_PDB_GR(1.0),Productivity growth rates,I,NOR,Norway,A,Annual,GDPHRS,GDP per hour worked,_T,Total - all activities,IX,Index,Q,Constant prices,_Z,Not applicable,_Z,Not applicable,_Z,Not applicable,2022,,101.334573052802,,A,Normal value,0,Units,2020,,2,Two
DATAFLOW,OECD.SDD.TPS:DSD_PDB@DF_PDB_GR(1.0),Productivity growth rates,I,NOR,Norway,A,Annual,GDPHRS,GDP per hour worked,_T,Total - all activities,IX,Index,Q,Constant prices,_Z,Not applicable,_Z,Not applicable,_Z,Not applicable,2023,,100.826939371673,,A,Normal value,0,Units,2020,,2,Two
DATAFLOW,OECD.SDD.TPS:DSD_PDB@DF_PDB_GR(1.0),Productivity growth rates,I,NOR,Norway,A,Annual,GDPHRS,GDP per hour worked,_T,Total - all activities,IX,Index,Q,Constant prices,_Z,Not applicable,_Z,Not applicable,_Z,Not applicable,2002,,93.6146180533686,,A,Normal value,0,Units,2020,,2,Two
DATAFLOW,OECD.SDD.TPS:DSD_PDB@DF_PDB_GR(1.0),Productivity growth rates,I,NLD,Netherlands,A,Annual,GDPHRS,GDP per hour worked,_T,Total - all activities,IX,Index,Q,Constant prices,_Z,Not applicable,_Z,Not applicable,_Z,Not applicable,2003,,89.8096726854317,,A,Normal value,0,Units,2020,,2,Two
DATAFLOW,OECD.SDD.TPS:DSD_PDB@DF_PDB_GR(1.0),Productivity growth rates,I,NLD,Netherlands,A,Annual,GDPHRS,GDP per hour worked,_T,Total - all activities,IX,Index,Q,Constant prices,_Z,Not applicable,_Z,Not applicable,_Z,Not applicable,2004,,92.0580530226301,,A,Normal value,0,Units,2020,,2,Two
DATAFLOW,OECD.SDD.TPS:DSD_PDB@DF_PDB_GR(1.0),Productivity growth rates,I,NLD,Netherlands,A,Annual,GDPHRS,GDP per hour worked,_T,Total - all activities,IX,Index,Q,Constant prices,_Z,Not applicable,_Z,Not applicable,_Z,Not applicable,2005,,93.9428988304161,,A,Normal value,0,Units,2020,,2,Two
DATAFLOW,OECD.SDD.TPS:DSD_PDB@DF_PDB_GR(1.0),Productivity growth rates,I,NLD,Netherlands,A,Annual,GDPHRS,GDP per hour worked,_T,Total - all activities,IX,Index,Q,Constant prices,_Z,Not applicable,_Z,Not applicable,_Z,Not applicable,2006,,95.2603158422488,,A,Normal value,0,Units,2020,,2,Two
DATAFLOW,OECD.SDD.TPS:DSD_PDB@DF_PDB_GR(1.0),Productivity growth rates,I,NLD,Netherlands,A,Annual,GDPHRS,GDP per hour worked,_T,Total - all activities,IX,Index,Q,Constant prices,_Z,Not applicable,_Z,Not applicable,_Z,Not applicable,2007,,95.9862959509919,,A,Normal value,0,Units,2020,,2,Two
DATAFLOW,OECD.SDD.TPS:DSD_PDB@DF_PDB_GR(1.0),Productivity growth rates,I,NLD,Netherlands,A,Annual,GDPHRS,GDP per hour worked,_T,Total - all activities,IX,Index,Q,Constant prices,_Z,Not applicable,_Z,Not applicable,_Z,Not applicable,2008,,96.7266383920436,,A,Normal value,0,Units,2020,,2,Two
DATAFLOW,OECD.SDD.TPS:DSD_PDB@DF_PDB_GR(1.0),Productivity growth rates,I,NLD,Netherlands,A,Annual,GDPHRS,GDP per hour worked,_T,Total - all activities,IX,Index,Q,Constant prices,_Z,Not applicable,_Z,Not applicable,_Z,Not applicable,2009,,94.6245602822101,,A,Normal value,0,Units,2020,,2,Two
DATAFLOW,OECD.SDD.TPS:DSD_PDB@DF_PDB_GR(1.0),Productivity growth rates,I,NLD,Netherlands,A,Annual,GDPHRS,GDP per hour worked,_T,Total - all activities,IX,Index,Q,Constant prices,_Z,Not applicable,_Z,Not applicable,_Z,Not applicable,2010,,96.5825517674975,,A,Normal value,0,Units,2020,,2,Two
DATAFLOW,OECD.SDD.TPS:DSD_PDB@DF_PDB_GR(1.0),Productivity growth rates,I,NLD,Netherlands,A,Annual,GDPHRS,GDP per hour worked,_T,Total - all activities,IX,Index,Q,Constant prices,_Z,Not applicable,_Z,Not applicable,_Z,Not applicable,2011,,97.6353290089588,,A,Normal value,0,Units,2020,,2,Two
DATAFLOW,OECD.SDD.TPS:DSD_PDB@DF_PDB_GR(1.0),Productivity growth rates,I,NLD,Netherlands,A,Annual,GDPHRS,GDP per hour worked,_T,Total - all activities,IX,Index,Q,Constant prices,_Z,Not applicable,_Z,Not applicable,_Z,Not applicable,2012,,97.2963071813846,,A,Normal value,0,Units,2020,,2,Two
DATAFLOW,OECD.SDD.TPS:DSD_PDB@DF_PDB_GR(1.0),Productivity growth rates,I,NLD,Netherlands,A,Annual,GDPHRS,GDP per hour worked,_T,Total - all activities,IX,Index,Q,Constant prices,_Z,Not applicable,_Z,Not applicable,_Z,Not applicable,2013,,97.8817446655802,,A,Normal value,0,Units,2020,,2,Two
DATAFLOW,OECD.SDD.TPS:DSD_PDB@DF_PDB_GR(1.0),Productivity growth rates,I,NLD,Netherlands,A,Annual,GDPHRS,GDP per hour worked,_T,Total - all activities,IX,Index,Q,Constant prices,_Z,Not applicable,_Z,Not applicable,_Z,Not applicable,2014,,99.0684986277269,,A,Normal value,0,Units,2020,,2,Two
DATAFLOW,OECD.SDD.TPS:DSD_PDB@DF_PDB_GR(1.0),Productivity growth rates,I,NLD,Netherlands,A,Annual,GDPHRS,GDP per hour worked,_T,Total - all activities,IX,Index,Q,Constant prices,_Z,Not applicable,_Z,Not applicable,_Z,Not applicable,2015,,100.144409915311,,A,Normal value,0,Units,2020,,2,Two
DATAFLOW,OECD.SDD.TPS:DSD_PDB@DF_PDB_GR(1.0),Productivity growth rates,I,NLD,Netherlands,A,Annual,GDPHRS,GDP per hour worked,_T,Total - all activities,IX,Index,Q,Constant prices,_Z,Not applicable,_Z,Not applicable,_Z,Not applicable,2016,,100.34577806173,,A,Normal value,0,Units,2020,,2,Two
DATAFLOW,OECD.SDD.TPS:DSD_PDB@DF_PDB_GR(1.0),Productivity growth rates,I,NLD,Netherlands,A,Annual,GDPHRS,GDP per hour worked,_T,Total - all activities,IX,Index,Q,Constant prices,_Z,Not applicable,_Z,Not applicable,_Z,Not applicable,2017,,100.533492887719,,A,Normal value,0,Units,2020,,2,Two
DATAFLOW,OECD.SDD.TPS:DSD_PDB@DF_PDB_GR(1.0),Productivity growth rates,I,NLD,Netherlands,A,Annual,GDPHRS,GDP per hour worked,_T,Total - all activities,IX,Index,Q,Constant prices,_Z,Not applicable,_Z,Not applicable,_Z,Not applicable,2018,,100.117962949054,,A,Normal value,0,Units,2020,,2,Two
DATAFLOW,OECD.SDD.TPS:DSD_PDB@DF_PDB_GR(1.0),Productivity growth rates,I,NLD,Netherlands,A,Annual,GDPHRS,GDP per hour worked,_T,Total - all activities,IX,Index,Q,Constant prices,_Z,Not applicable,_Z,Not applicable,_Z,Not applicable,2019,,100.021792531357,,A,Normal value,0,Units,2020,,2,Two
DATAFLOW,OECD.SDD.TPS:DSD_PDB@DF_PDB_GR(1.0),Productivity growth rates,I,NLD,Netherlands,A,Annual,GDPHRS,GDP per hour worked,_T,Total - all activities,IX,Index,Q,Constant prices,_Z,Not applicable,_Z,Not applicable,_Z,Not applicable,2023,,100.948588963594,,P,Provisional value,0,Units,2020,,2,Two
DATAFLOW,OECD.SDD.TPS:DSD_PDB@DF_PDB_GR(1.0),Productivity growth rates,I,NLD,Netherlands,A,Annual,GDPHRS,GDP per hour worked,_T,Total - all activities,IX,Index,Q,Constant prices,_Z,Not applicable,_Z,Not applicable,_Z,Not applicable,2024,,101.194699763286,,P,Provisional value,0,Units,2020,,2,Two
DATAFLOW,OECD.SDD.TPS:DSD_PDB@DF_PDB_GR(1.0),Productivity growth rates,I,NLD,Netherlands,A,Annual,GDPHRS,GDP per hour worked,_T,Total - all activities,IX,Index,Q,Constant prices,_Z,Not applicable,_Z,Not applicable,_Z,Not applicable,1995,,78.6987536511164,,A,Normal value,0,Units,2020,,2,Two
DATAFLOW,OECD.SDD.TPS:DSD_PDB@DF_PDB_GR(1.0),Productivity growth rates,I,NLD,Netherlands,A,Annual,GDPHRS,GDP per hour worked,_T,Total - all activities,IX,Index,Q,Constant prices,_Z,Not applicable,_Z,Not applicable,_Z,Not applicable,1996,,79.0852859088687,,A,Normal value,0,Units,2020,,2,Two
DATAFLOW,OECD.SDD.TPS:DSD_PDB@DF_PDB_GR(1.0),Productivity growth rates,I,NLD,Netherlands,A,Annual,GDPHRS,GDP per hour worked,_T,Total - all activities,IX,Index,Q,Constant prices,_Z,Not applicable,_Z,Not applicable,_Z,Not applicable,1997,,80.5051358334859,,A,Normal value,0,Units,2020,,2,Two
DATAFLOW,OECD.SDD.TPS:DSD_PDB@DF_PDB_GR(1.0),Productivity growth rates,I,NLD,Netherlands,A,Annual,GDPHRS,GDP per hour worked,_T,Total - all activities,IX,Index,Q,Constant prices,_Z,Not applicable,_Z,Not applicable,_Z,Not applicable,1998,,82.7128375665532,,A,Normal value,0,Units,2020,,2,Two
DATAFLOW,OECD.SDD.TPS:DSD_PDB@DF_PDB_GR(1.0),Productivity growth rates,I,NLD,Netherlands,A,Annual,GDPHRS,GDP per hour worked,_T,Total - all activities,IX,Index,Q,Constant prices,_Z,Not applicable,_Z,Not applicable,_Z,Not applicable,1999,,84.8136609016097,,A,Normal value,0,Units,2020,,2,Two
DATAFLOW,OECD.SDD.TPS:DSD_PDB@DF_PDB_GR(1.0),Productivity growth rates,I,NLD,Netherlands,A,Annual,GDPHRS,GDP per hour worked,_T,Total - all activities,IX,Index,Q,Constant prices,_Z,Not applicable,_Z,Not applicable,_Z,Not applicable,2000,,87.1527327603312,,A,Normal value,0,Units,2020,,2,Two
DATAFLOW,OECD.SDD.TPS:DSD_PDB@DF_PDB_GR(1.0),Productivity growth rates,I,NLD,Netherlands,A,Annual,GDPHRS,GDP per hour worked,_T,Total - all activities,IX,Index,Q,Constant prices,_Z,Not applicable,_Z,Not applicable,_Z,Not applicable,2021,,102.368589906254,,A,Normal value,0,Units,2020,,2,Two
DATAFLOW,OECD.SDD.TPS:DSD_PDB@DF_PDB_GR(1.0),Productivity growth rates,I,NLD,Netherlands,A,Annual,GDPHRS,GDP per hour worked,_T,Total - all activities,IX,Index,Q,Constant prices,_Z,Not applicable,_Z,Not applicable,_Z,Not applicable,2022,,103.21457719748,,A,Normal value,0,Units,2020,,2,Two
DATAFLOW,OECD.SDD.TPS:DSD_PDB@DF_PDB_GR(1.0),Productivity growth rates,I,NLD,Netherlands,A,Annual,GDPHRS,GDP per hour worked,_T,Total - all activities,IX,Index,Q,Constant prices,_Z,Not applicable,_Z,Not applicable,_Z,Not applicable,2020,,100,,A,Normal value,0,Units,2020,,2,Two
DATAFLOW,OECD.SDD.TPS:DSD_PDB@DF_PDB_GR(1.0),Productivity growth rates,I,NLD,Netherlands,A,Annual,GDPHRS,GDP per hour worked,_T,Total - all activities,IX,Index,Q,Constant prices,_Z,Not applicable,_Z,Not applicable,_Z,Not applicable,2001,,88.043818779552,,A,Normal value,0,Units,2020,,2,Two
DATAFLOW,OECD.SDD.TPS:DSD_PDB@DF_PDB_GR(1.0),Productivity growth rates,I,ITA,Italy,A,Annual,GDPHRS,GDP per hour worked,_T,Total - all activities,IX,Index,Q,Constant prices,_Z,Not applicable,_Z,Not applicable,_Z,Not applicable,2005,,96.3936109326035,,A,Normal value,0,Units,2020,,2,Two
DATAFLOW,OECD.SDD.TPS:DSD_PDB@DF_PDB_GR(1.0),Productivity growth rates,I,ITA,Italy,A,Annual,GDPHRS,GDP per hour worked,_T,Total - all activities,IX,Index,Q,Constant prices,_Z,Not applicable,_Z,Not applicable,_Z,Not applicable,2006,,96.1521309659151,,A,Normal value,0,Units,2020,,2,Two
DATAFLOW,OECD.SDD.TPS:DSD_PDB@DF_PDB_GR(1.0),Productivity growth rates,I,ITA,Italy,A,Annual,GDPHRS,GDP per hour worked,_T,Total - all activities,IX,Index,Q,Constant prices,_Z,Not applicable,_Z,Not applicable,_Z,Not applicable,2007,,96.0642539200445,,A,Normal value,0,Units,2020,,2,Two
DATAFLOW,OECD.SDD.TPS:DSD_PDB@DF_PDB_GR(1.0),Productivity growth rates,I,ITA,Italy,A,Annual,GDPHRS,GDP per hour worked,_T,Total - all activities,IX,Index,Q,Constant prices,_Z,Not applicable,_Z,Not applicable,_Z,Not applicable,2008,,95.4483788632937,,A,Normal value,0,Units,2020,,2,Two
DATAFLOW,OECD.SDD.TPS:DSD_PDB@DF_PDB_GR(1.0),Productivity growth rates,I,ITA,Italy,A,Annual,GDPHRS,GDP per hour worked,_T,Total - all activities,IX,Index,Q,Constant prices,_Z,Not applicable,_Z,Not applicable,_Z,Not applicable,2009,,93.6570462031963,,A,Normal value,0,Units,2020,,2,Two
DATAFLOW,OECD.SDD.TPS:DSD_PDB@DF_PDB_GR(1.0),Productivity growth rates,I,ITA,Italy,A,Annual,GDPHRS,GDP per hour worked,_T,Total - all activities,IX,Index,Q,Constant prices,_Z,Not applicable,_Z,Not applicable,_Z,Not applicable,2010,,95.6019376870533,,A,Normal value,0,Units,2020,,2,Two
DATAFLOW,OECD.SDD.TPS:DSD_PDB@DF_PDB_GR(1.0),Productivity growth rates,I,ITA,Italy,A,Annual,GDPHRS,GDP per hour worked,_T,Total - all activities,IX,Index,Q,Constant prices,_Z,Not applicable,_Z,Not applicable,_Z,Not applicable,2011,,96.2647931774641,,A,Normal value,0,Units,2020,,2,Two
DATAFLOW,OECD.SDD.TPS:DSD_PDB@DF_PDB_GR(1.0),Productivity growth rates,I,ITA,Italy,A,Annual,GDPHRS,GDP per hour worked,_T,Total - all activities,IX,Index,Q,Constant prices,_Z,Not applicable,_Z,Not applicable,_Z,Not applicable,2012,,95.6015873774277,,A,Normal value,0,Units,2020,,2,Two
DATAFLOW,OECD.SDD.TPS:DSD_PDB@DF_PDB_GR(1.0),Productivity growth rates,I,ITA,Italy,A,Annual,GDPHRS,GDP per hour worked,_T,Total - all activities,IX,Index,Q,Constant prices,_Z,Not applicable,_Z,Not applicable,_Z,Not applicable,2013,,96.352346971952,,A,Normal value,0,Units,2020,,2,Two
DATAFLOW,OECD.SDD.TPS:DSD_PDB@DF_PDB_GR(1.0),Productivity growth rates,I,ITA,Italy,A,Annual,GDPHRS,GDP per hour worked,_T,Total - all activities,IX,Index,Q,Constant prices,_Z,Not applicable,_Z,Not applicable,_Z,Not applicable,2014,,96.4539920969886,,A,Normal value,0,Units,2020,,2,Two
DATAFLOW,OECD.SDD.TPS:DSD_PDB@DF_PDB_GR(1.0),Productivity growth rates,I,ITA,Italy,A,Annual,GDPHRS,GDP per hour worked,_T,Total - all activities,IX,Index,Q,Constant prices,_Z,Not applicable,_Z,Not applicable,_Z,Not applicable,2015,,96.5331236646344,,A,Normal value,0,Units,2020,,2,Two
DATAFLOW,OECD.SDD.TPS:DSD_PDB@DF_PDB_GR(1.0),Productivity growth rates,I,ITA,Italy,A,Annual,GDPHRS,GDP per hour worked,_T,Total - all activities,IX,Index,Q,Constant prices,_Z,Not applicable,_Z,Not applicable,_Z,Not applicable,2016,,96.11695422986,,A,Normal value,0,Units,2020,,2,Two
DATAFLOW,OECD.SDD.TPS:DSD_PDB@DF_PDB_GR(1.0),Productivity growth rates,I,ITA,Italy,A,Annual,GDPHRS,GDP per hour worked,_T,Total - all activities,IX,Index,Q,Constant prices,_Z,Not applicable,_Z,Not applicable,_Z,Not applicable,2017,,96.6057714882756,,A,Normal value,0,Units,2020,,2,Two
DATAFLOW,OECD.SDD.TPS:DSD_PDB@DF_PDB_GR(1.0),Productivity growth rates,I,ITA,Italy,A,Annual,GDPHRS,GDP per hour worked,_T,Total - all activities,IX,Index,Q,Constant prices,_Z,Not applicable,_Z,Not applicable,_Z,Not applicable,2018,,96.451675652215,,A,Normal value,0,Units,2020,,2,Two
DATAFLOW,OECD.SDD.TPS:DSD_PDB@DF_PDB_GR(1.0),Productivity growth rates,I,ITA,Italy,A,Annual,GDPHRS,GDP per hour worked,_T,Total - all activities,IX,Index,Q,Constant prices,_Z,Not applicable,_Z,Not applicable,_Z,Not applicable,2019,,96.8315015639725,,A,Normal value,0,Units,2020,,2,Two
DATAFLOW,OECD.SDD.TPS:DSD_PDB@DF_PDB_GR(1.0),Productivity growth rates,I,ITA,Italy,A,Annual,GDPHRS,GDP per hour worked,_T,Total - all activities,IX,Index,Q,Constant prices,_Z,Not applicable,_Z,Not applicable,_Z,Not applicable,2020,,100,,A,Normal value,0,Units,2020,,2,Two
DATAFLOW,OECD.SDD.TPS:DSD_PDB@DF_PDB_GR(1.0),Productivity growth rates,I,ITA,Italy,A,Annual,GDPHRS,GDP per hour worked,_T,Total - all activities,IX,Index,Q,Constant prices,_Z,Not applicable,_Z,Not applicable,_Z,Not applicable,2021,,98.8124524694917,,A,Normal value,0,Units,2020,,2,Two
DATAFLOW,OECD.SDD.TPS:DSD_PDB@DF_PDB_GR(1.0),Productivity growth rates,I,ITA,Italy,A,Annual,GDPHRS,GDP per hour worked,_T,Total - all activities,IX,Index,Q,Constant prices,_Z,Not applicable,_Z,Not applicable,_Z,Not applicable,1995,,90.3400788332606,,A,Normal value,0,Units,2020,,2,Two
DATAFLOW,OECD.SDD.TPS:DSD_PDB@DF_PDB_GR(1.0),Productivity growth rates,I,ITA,Italy,A,Annual,GDPHRS,GDP per hour worked,_T,Total - all activities,IX,Index,Q,Constant prices,_Z,Not applicable,_Z,Not applicable,_Z,Not applicable,1996,,90.5579997809255,,A,Normal value,0,Units,2020,,2,Two
DATAFLOW,OECD.SDD.TPS:DSD_PDB@DF_PDB_GR(1.0),Productivity growth rates,I,ITA,Italy,A,Annual,GDPHRS,GDP per hour worked,_T,Total - all activities,IX,Index,Q,Constant prices,_Z,Not applicable,_Z,Not applicable,_Z,Not applicable,1997,,92.285574414473,,A,Normal value,0,Units,2020,,2,Two
DATAFLOW,OECD.SDD.TPS:DSD_PDB@DF_PDB_GR(1.0),Productivity growth rates,I,ITA,Italy,A,Annual,GDPHRS,GDP per hour worked,_T,Total - all activities,IX,Index,Q,Constant prices,_Z,Not applicable,_Z,Not applicable,_Z,Not applicable,1998,,92.2595319160547,,A,Normal value,0,Units,2020,,2,Two
DATAFLOW,OECD.SDD.TPS:DSD_PDB@DF_PDB_GR(1.0),Productivity growth rates,I,ITA,Italy,A,Annual,GDPHRS,GDP per hour worked,_T,Total - all activities,IX,Index,Q,Constant prices,_Z,Not applicable,_Z,Not applicable,_Z,Not applicable,1999,,92.8685497902864,,A,Normal value,0,Units,2020,,2,Two
DATAFLOW,OECD.SDD.TPS:DSD_PDB@DF_PDB_GR(1.0),Productivity growth rates,I,ITA,Italy,A,Annual,GDPHRS,GDP per hour worked,_T,Total - all activities,IX,Index,Q,Constant prices,_Z,Not applicable,_Z,Not applicable,_Z,Not applicable,2000,,95.592977116556,,A,Normal value,0,Units,2020,,2,Two
DATAFLOW,OECD.SDD.TPS:DSD_PDB@DF_PDB_GR(1.0),Productivity growth rates,I,DNK,Denmark,A,Annual,GDPHRS,GDP per hour worked,_T,Total - all activities,IX,Index,Q,Constant prices,_Z,Not applicable,_Z,Not applicable,_Z,Not applicable,2013,,90.2775235612826,,A,Normal value,0,Units,2020,,2,Two
DATAFLOW,OECD.SDD.TPS:DSD_PDB@DF_PDB_GR(1.0),Productivity growth rates,I,DNK,Denmark,A,Annual,GDPHRS,GDP per hour worked,_T,Total - all activities,IX,Index,Q,Constant prices,_Z,Not applicable,_Z,Not applicable,_Z,Not applicable,2014,,91.6192997792136,,A,Normal value,0,Units,2020,,2,Two
DATAFLOW,OECD.SDD.TPS:DSD_PDB@DF_PDB_GR(1.0),Productivity growth rates,I,DNK,Denmark,A,Annual,GDPHRS,GDP per hour worked,_T,Total - all activities,IX,Index,Q,Constant prices,_Z,Not applicable,_Z,Not applicable,_Z,Not applicable,2015,,92.6348074153011,,A,Normal value,0,Units,2020,,2,Two
DATAFLOW,OECD.SDD.TPS:DSD_PDB@DF_PDB_GR(1.0),Productivity growth rates,I,DNK,Denmark,A,Annual,GDPHRS,GDP per hour worked,_T,Total - all activities,IX,Index,Q,Constant prices,_Z,Not applicable,_Z,Not applicable,_Z,Not applicable,2016,,93.603562659948,,A,Normal value,0,Units,2020,,2,Two
DATAFLOW,OECD.SDD.TPS:DSD_PDB@DF_PDB_GR(1.0),Productivity growth rates,I,DNK,Denmark,A,Annual,GDPHRS,GDP per hour worked,_T,Total - all activities,IX,Index,Q,Constant prices,_Z,Not applicable,_Z,Not applicable,_Z,Not applicable,2017,,95.5717804568382,,A,Normal value,0,Units,2020,,2,Two
DATAFLOW,OECD.SDD.TPS:DSD_PDB@DF_PDB_GR(1.0),Productivity growth rates,I,DNK,Denmark,A,Annual,GDPHRS,GDP per hour worked,_T,Total - all activities,IX,Index,Q,Constant prices,_Z,Not applicable,_Z,Not applicable,_Z,Not applicable,2021,,100.523418305326,,A,Normal value,0,Units,2020,,2,Two
DATAFLOW,OECD.SDD.TPS:DSD_PDB@DF_PDB_GR(1.0),Productivity growth rates,I,DEU,Germany,A,Annual,GDPHRS,GDP per hour worked,_T,Total - all activities,IX,Index,Q,Constant prices,_Z,Not applicable,_Z,Not applicable,_Z,Not applicable,2000,,82.6066885798053,,A,Normal value,0,Units,2020,,2,Two
DATAFLOW,OECD.SDD.TPS:DSD_PDB@DF_PDB_GR(1.0),Productivity growth rates,I,IRL,Ireland,A,Annual,GDPHRS,GDP per hour worked,_T,Total - all activities,IX,Index,Q,Constant prices,_Z,Not applicable,_Z,Not applicable,_Z,Not applicable,2015,,79.0588140981399,,A,Normal value,0,Units,2020,,2,Two
DATAFLOW,OECD.SDD.TPS:DSD_PDB@DF_PDB_GR(1.0),Productivity growth rates,I,IRL,Ireland,A,Annual,GDPHRS,GDP per hour worked,_T,Total - all activities,IX,Index,Q,Constant prices,_Z,Not applicable,_Z,Not applicable,_Z,Not applicable,2016,,76.0523203304297,,A,Normal value,0,Units,2020,,2,Two
DATAFLOW,OECD.SDD.TPS:DSD_PDB@DF_PDB_GR(1.0),Productivity growth rates,I,IRL,Ireland,A,Annual,GDPHRS,GDP per hour worked,_T,Total - all activities,IX,Index,Q,Constant prices,_Z,Not applicable,_Z,Not applicable,_Z,Not applicable,2017,,80.1537458914692,,A,Normal value,0,Units,2020,,2,Two
DATAFLOW,OECD.SDD.TPS:DSD_PDB@DF_PDB_GR(1.0),Productivity growth rates,I,IRL,Ireland,A,Annual,GDPHRS,GDP per hour worked,_T,Total - all activities,IX,Index,Q,Constant prices,_Z,Not applicable,_Z,Not applicable,_Z,Not applicable,2018,,83.166399786402,,A,Normal value,0,Units,2020,,2,Two
DATAFLOW,OECD.SDD.TPS:DSD_PDB@DF_PDB_GR(1.0),Productivity growth rates,I,IRL,Ireland,A,Annual,GDPHRS,GDP per hour worked,_T,Total - all activities,IX,Index,Q,Constant prices,_Z,Not applicable,_Z,Not applicable,_Z,Not applicable,2019,,84.5664056254485,,A,Normal value,0,Units,2020,,2,Two
DATAFLOW,OECD.SDD.TPS:DSD_PDB@DF_PDB_GR(1.0),Productivity growth rates,I,IRL,Ireland,A,Annual,GDPHRS,GDP per hour worked,_T,Total - all activities,IX,Index,Q,Constant prices,_Z,Not applicable,_Z,Not applicable,_Z,Not applicable,2021,,108.121159962759,,A,Normal value,0,Units,2020,,2,Two
DATAFLOW,OECD.SDD.TPS:DSD_PDB@DF_PDB_GR(1.0),Productivity growth rates,I,IRL,Ireland,A,Annual,GDPHRS,GDP per hour worked,_T,Total - all activities,IX,Index,Q,Constant prices,_Z,Not applicable,_Z,Not applicable,_Z,Not applicable,2022,,106.640198998564,,A,Normal value,0,Units,2020,,2,Two
DATAFLOW,OECD.SDD.TPS:DSD_PDB@DF_PDB_GR(1.0),Productivity growth rates,I,IRL,Ireland,A,Annual,GDPHRS,GDP per hour worked,_T,Total - all activities,IX,Index,Q,Constant prices,_Z,Not applicable,_Z,Not applicable,_Z,Not applicable,1995,,32.1232959841388,,E,Estimated value,0,Units,2020,,2,Two
DATAFLOW,OECD.SDD.TPS:DSD_PDB@DF_PDB_GR(1.0),Productivity growth rates,I,IRL,Ireland,A,Annual,GDPHRS,GDP per hour worked,_T,Total - all activities,IX,Index,Q,Constant prices,_Z,Not applicable,_Z,Not applicable,_Z,Not applicable,1996,,34.2213983002534,,E,Estimated value,0,Units,2020,,2,Two
DATAFLOW,OECD.SDD.TPS:DSD_PDB@DF_PDB_GR(1.0),Productivity growth rates,I,IRL,Ireland,A,Annual,GDPHRS,GDP per hour worked,_T,Total - all activities,IX,Index,Q,Constant prices,_Z,Not applicable,_Z,Not applicable,_Z,Not applicable,1997,,37.720701531503,,E,Estimated value,0,Units,2020,,2,Two
DATAFLOW,OECD.SDD.TPS:DSD_PDB@DF_PDB_GR(1.0),Productivity growth rates,I,IRL,Ireland,A,Annual,GDPHRS,GDP per hour worked,_T,Total - all activities,IX,Index,Q,Constant prices,_Z,Not applicable,_Z,Not applicable,_Z,Not applicable,1998,,40.0737512012068,,B,Time series break,0,Units,2020,,2,Two
DATAFLOW,OECD.SDD.TPS:DSD_PDB@DF_PDB_GR(1.0),Productivity growth rates,I,DNK,Denmark,A,Annual,GDPHRS,GDP per hour worked,_T,Total - all activities,IX,Index,Q,Constant prices,_Z,Not applicable,_Z,Not applicable,_Z,Not applicable,2022,,97.274103124188,,A,Normal value,0,Units,2020,,2,Two
DATAFLOW,OECD.SDD.TPS:DSD_PDB@DF_PDB_GR(1.0),Productivity growth rates,I,DNK,Denmark,A,Annual,GDPHRS,GDP per hour worked,_T,Total - all activities,IX,Index,Q,Constant prices,_Z,Not applicable,_Z,Not applicable,_Z,Not applicable,2023,,97.5814838547362,,A,Normal value,0,Units,2020,,2,Two
DATAFLOW,OECD.SDD.TPS:DSD_PDB@DF_PDB_GR(1.0),Productivity growth rates,I,DNK,Denmark,A,Annual,GDPHRS,GDP per hour worked,_T,Total - all activities,IX,Index,Q,Constant prices,_Z,Not applicable,_Z,Not applicable,_Z,Not applicable,2024,,100.510685672101,,A,Normal value,0,Units,2020,,2,Two
DATAFLOW,OECD.SDD.TPS:DSD_PDB@DF_PDB_GR(1.0),Productivity growth rates,I,DNK,Denmark,A,Annual,GDPHRS,GDP per hour worked,_T,Total - all activities,IX,Index,Q,Constant prices,_Z,Not applicable,_Z,Not applicable,_Z,Not applicable,1995,,74.6931466830354,,A,Normal value,0,Units,2020,,2,Two
DATAFLOW,OECD.SDD.TPS:DSD_PDB@DF_PDB_GR(1.0),Productivity growth rates,I,DNK,Denmark,A,Annual,GDPHRS,GDP per hour worked,_T,Total - all activities,IX,Index,Q,Constant prices,_Z,Not applicable,_Z,Not applicable,_Z,Not applicable,1996,,76.4702977896207,,A,Normal value,0,Units,2020,,2,Two
DATAFLOW,OECD.SDD.TPS:DSD_PDB@DF_PDB_GR(1.0),Productivity growth rates,I,DNK,Denmark,A,Annual,GDPHRS,GDP per hour worked,_T,Total - all activities,IX,Index,Q,Constant prices,_Z,Not applicable,_Z,Not applicable,_Z,Not applicable,1997,,76.955668390381,,A,Normal value,0,Units,2020,,2,Two
DATAFLOW,OECD.SDD.TPS:DSD_PDB@DF_PDB_GR(1.0),Productivity growth rates,I,DNK,Denmark,A,Annual,GDPHRS,GDP per hour worked,_T,Total - all activities,IX,Index,Q,Constant prices,_Z,Not applicable,_Z,Not applicable,_Z,Not applicable,1998,,76.9487472589189,,A,Normal value,0,Units,2020,,2,Two
DATAFLOW,OECD.SDD.TPS:DSD_PDB@DF_PDB_GR(1.0),Productivity growth rates,I,DEU,Germany,A,Annual,GDPHRS,GDP per hour worked,_T,Total - all activities,IX,Index,Q,Constant prices,_Z,Not applicable,_Z,Not applicable,_Z,Not applicable,2011,,92.360003009343,,A,Normal value,0,Units,2020,,2,Two
DATAFLOW,OECD.SDD.TPS:DSD_PDB@DF_PDB_GR(1.0),Productivity growth rates,I,DEU,Germany,A,Annual,GDPHRS,GDP per hour worked,_T,Total - all activities,IX,Index,Q,Constant prices,_Z,Not applicable,_Z,Not applicable,_Z,Not applicable,2012,,93.088017128992,,A,Normal value,0,Units,2020,,2,Two
DATAFLOW,OECD.SDD.TPS:DSD_PDB@DF_PDB_GR(1.0),Productivity growth rates,I,USA,United States,A,Annual,GDPHRS,GDP per hour worked,_T,Total - all activities,IX,Index,Q,Constant prices,_Z,Not applicable,_Z,Not applicable,_Z,Not applicable,2015,,91.7417545192213,,A,Normal value,0,Units,2020,,2,Two
DATAFLOW,OECD.SDD.TPS:DSD_PDB@DF_PDB_GR(1.0),Productivity growth rates,I,USA,United States,A,Annual,GDPHRS,GDP per hour worked,_T,Total - all activities,IX,Index,Q,Constant prices,_Z,Not applicable,_Z,Not applicable,_Z,Not applicable,2016,,92.0983941826323,,A,Normal value,0,Units,2020,,2,Two
DATAFLOW,OECD.SDD.TPS:DSD_PDB@DF_PDB_GR(1.0),Productivity growth rates,I,USA,United States,A,Annual,GDPHRS,GDP per hour worked,_T,Total - all activities,IX,Index,Q,Constant prices,_Z,Not applicable,_Z,Not applicable,_Z,Not applicable,2017,,93.1392647172091,,A,Normal value,0,Units,2020,,2,Two
DATAFLOW,OECD.SDD.TPS:DSD_PDB@DF_PDB_GR(1.0),Productivity growth rates,I,USA,United States,A,Annual,GDPHRS,GDP per hour worked,_T,Total - all activities,IX,Index,Q,Constant prices,_Z,Not applicable,_Z,Not applicable,_Z,Not applicable,2018,,94.3460446074419,,A,Normal value,0,Units,2020,,2,Two
DATAFLOW,OECD.SDD.TPS:DSD_PDB@DF_PDB_GR(1.0),Productivity growth rates,I,USA,United States,A,Annual,GDPHRS,GDP per hour worked,_T,Total - all activities,IX,Index,Q,Constant prices,_Z,Not applicable,_Z,Not applicable,_Z,Not applicable,2019,,95.6316641340034,,A,Normal value,0,Units,2020,,2,Two
DATAFLOW,OECD.SDD.TPS:DSD_PDB@DF_PDB_GR(1.0),Productivity growth rates,I,USA,United States,A,Annual,GDPHRS,GDP per hour worked,_T,Total - all activities,IX,Index,Q,Constant prices,_Z,Not applicable,_Z,Not applicable,_Z,Not applicable,2020,,100,,A,Normal value,0,Units,2020,,2,Two
DATAFLOW,OECD.SDD.TPS:DSD_PDB@DF_PDB_GR(1.0),Productivity growth rates,I,USA,United States,A,Annual,GDPHRS,GDP per hour worked,_T,Total - all activities,IX,Index,Q,Constant prices,_Z,Not applicable,_Z,Not applicable,_Z,Not applicable,2021,,101.441185052553,,A,Normal value,0,Units,2020,,2,Two
DATAFLOW,OECD.SDD.TPS:DSD_PDB@DF_PDB_GR(1.0),Productivity growth rates,I,USA,United States,A,Annual,GDPHRS,GDP per hour worked,_T,Total - all activities,IX,Index,Q,Constant prices,_Z,Not applicable,_Z,Not applicable,_Z,Not applicable,1995,,63.792266569774,,E,Estimated value,0,Units,2020,,2,Two
DATAFLOW,OECD.SDD.TPS:DSD_PDB@DF_PDB_GR(1.0),Productivity growth rates,I,USA,United States,A,Annual,GDPHRS,GDP per hour worked,_T,Total - all activities,IX,Index,Q,Constant prices,_Z,Not applicable,_Z,Not applicable,_Z,Not applicable,1996,,65.3783133639665,,E,Estimated value,0,Units,2020,,2,Two
DATAFLOW,OECD.SDD.TPS:DSD_PDB@DF_PDB_GR(1.0),Productivity growth rates,I,USA,United States,A,Annual,GDPHRS,GDP per hour worked,_T,Total - all activities,IX,Index,Q,Constant prices,_Z,Not applicable,_Z,Not applicable,_Z,Not applicable,1997,,66.3259566259929,,E,Estimated value,0,Units,2020,,2,Two
DATAFLOW,OECD.SDD.TPS:DSD_PDB@DF_PDB_GR(1.0),Productivity growth rates,I,USA,United States,A,Annual,GDPHRS,GDP per hour worked,_T,Total - all activities,IX,Index,Q,Constant prices,_Z,Not applicable,_Z,Not applicable,_Z,Not applicable,1998,,67.8192312241329,,A,Normal value,0,Units,2020,,2,Two
DATAFLOW,OECD.SDD.TPS:DSD_PDB@DF_PDB_GR(1.0),Productivity growth rates,I,USA,United States,A,Annual,GDPHRS,GDP per hour worked,_T,Total - all activities,IX,Index,Q,Constant prices,_Z,Not applicable,_Z,Not applicable,_Z,Not applicable,1999,,69.818528861613,,A,Normal value,0,Units,2020,,2,Two
DATAFLOW,OECD.SDD.TPS:DSD_PDB@DF_PDB_GR(1.0),Productivity growth rates,I,USA,United States,A,Annual,GDPHRS,GDP per hour worked,_T,Total - all activities,IX,Index,Q,Constant prices,_Z,Not applicable,_Z,Not applicable,_Z,Not applicable,2000,,71.736322666602,,A,Normal value,0,Units,2020,,2,Two
DATAFLOW,OECD.SDD.TPS:DSD_PDB@DF_PDB_GR(1.0),Productivity growth rates,I,USA,United States,A,Annual,GDPHRS,GDP per hour worked,_T,Total - all activities,IX,Index,Q,Constant prices,_Z,Not applicable,_Z,Not applicable,_Z,Not applicable,2001,,73.3350611407301,,A,Normal value,0,Units,2020,,2,Two
DATAFLOW,OECD.SDD.TPS:DSD_PDB@DF_PDB_GR(1.0),Productivity growth rates,I,USA,United States,A,Annual,GDPHRS,GDP per hour worked,_T,Total - all activities,IX,Index,Q,Constant prices,_Z,Not applicable,_Z,Not applicable,_Z,Not applicable,2002,,75.3793146765499,,A,Normal value,0,Units,2020,,2,Two
DATAFLOW,OECD.SDD.TPS:DSD_PDB@DF_PDB_GR(1.0),Productivity growth rates,I,USA,United States,A,Annual,GDPHRS,GDP per hour worked,_T,Total - all activities,IX,Index,Q,Constant prices,_Z,Not applicable,_Z,Not applicable,_Z,Not applicable,2022,,100.357934770869,,A,Normal value,0,Units,2020,,2,Two
DATAFLOW,OECD.SDD.TPS:DSD_PDB@DF_PDB_GR(1.0),Productivity growth rates,I,USA,United States,A,Annual,GDPHRS,GDP per hour worked,_T,Total - all activities,IX,Index,Q,Constant prices,_Z,Not applicable,_Z,Not applicable,_Z,Not applicable,2023,,101.940741794893,,A,Normal value,0,Units,2020,,2,Two
DATAFLOW,OECD.SDD.TPS:DSD_PDB@DF_PDB_GR(1.0),Productivity growth rates,I,USA,United States,A,Annual,GDPHRS,GDP per hour worked,_T,Total - all activities,IX,Index,Q,Constant prices,_Z,Not applicable,_Z,Not applicable,_Z,Not applicable,2003,,77.6541483204713,,A,Normal value,0,Units,2020,,2,Two
DATAFLOW,OECD.SDD.TPS:DSD_PDB@DF_PDB_GR(1.0),Productivity growth rates,I,USA,United States,A,Annual,GDPHRS,GDP per hour worked,_T,Total - all activities,IX,Index,Q,Constant prices,_Z,Not applicable,_Z,Not applicable,_Z,Not applicable,2004,,79.6890210613168,,A,Normal value,0,Units,2020,,2,Two
DATAFLOW,OECD.SDD.TPS:DSD_PDB@DF_PDB_GR(1.0),Productivity growth rates,I,GBR,United Kingdom,A,Annual,GDPHRS,GDP per hour worked,_T,Total - all activities,IX,Index,Q,Constant prices,_Z,Not applicable,_Z,Not applicable,_Z,Not applicable,2005,,82.0124075128486,,A,Normal value,0,Units,2020,,2,Two
DATAFLOW,OECD.SDD.TPS:DSD_PDB@DF_PDB_GR(1.0),Productivity growth rates,I,GBR,United Kingdom,A,Annual,GDPHRS,GDP per hour worked,_T,Total - all activities,IX,Index,Q,Constant prices,_Z,Not applicable,_Z,Not applicable,_Z,Not applicable,2006,,84.2283765233301,,A,Normal value,0,Units,2020,,2,Two
DATAFLOW,OECD.SDD.TPS:DSD_PDB@DF_PDB_GR(1.0),Productivity growth rates,I,GBR,United Kingdom,A,Annual,GDPHRS,GDP per hour worked,_T,Total - all activities,IX,Index,Q,Constant prices,_Z,Not applicable,_Z,Not applicable,_Z,Not applicable,2007,,85.2801926251893,,A,Normal value,0,Units,2020,,2,Two
DATAFLOW,OECD.SDD.TPS:DSD_PDB@DF_PDB_GR(1.0),Productivity growth rates,I,GBR,United Kingdom,A,Annual,GDPHRS,GDP per hour worked,_T,Total - all activities,IX,Index,Q,Constant prices,_Z,Not applicable,_Z,Not applicable,_Z,Not applicable,2008,,84.1538104671556,,A,Normal value,0,Units,2020,,2,Two
DATAFLOW,OECD.SDD.TPS:DSD_PDB@DF_PDB_GR(1.0),Productivity growth rates,I,GBR,United Kingdom,A,Annual,GDPHRS,GDP per hour worked,_T,Total - all activities,IX,Index,Q,Constant prices,_Z,Not applicable,_Z,Not applicable,_Z,Not applicable,2009,,82.8936301477411,,A,Normal value,0,Units,2020,,2,Two
DATAFLOW,OECD.SDD.TPS:DSD_PDB@DF_PDB_GR(1.0),Productivity growth rates,I,GBR,United Kingdom,A,Annual,GDPHRS,GDP per hour worked,_T,Total - all activities,IX,Index,Q,Constant prices,_Z,Not applicable,_Z,Not applicable,_Z,Not applicable,2010,,84.5343897070201,,A,Normal value,0,Units,2020,,2,Two
DATAFLOW,OECD.SDD.TPS:DSD_PDB@DF_PDB_GR(1.0),Productivity growth rates,I,GBR,United Kingdom,A,Annual,GDPHRS,GDP per hour worked,_T,Total - all activities,IX,Index,Q,Constant prices,_Z,Not applicable,_Z,Not applicable,_Z,Not applicable,2011,,85.6857091389424,,A,Normal value,0,Units,2020,,2,Two
DATAFLOW,OECD.SDD.TPS:DSD_PDB@DF_PDB_GR(1.0),Productivity growth rates,I,GBR,United Kingdom,A,Annual,GDPHRS,GDP per hour worked,_T,Total - all activities,IX,Index,Q,Constant prices,_Z,Not applicable,_Z,Not applicable,_Z,Not applicable,2012,,85.1133444713214,,A,Normal value,0,Units,2020,,2,Two
DATAFLOW,OECD.SDD.TPS:DSD_PDB@DF_PDB_GR(1.0),Productivity growth rates,I,GBR,United Kingdom,A,Annual,GDPHRS,GDP per hour worked,_T,Total - all activities,IX,Index,Q,Constant prices,_Z,Not applicable,_Z,Not applicable,_Z,Not applicable,2013,,84.1796731243902,,A,Normal value,0,Units,2020,,2,Two
DATAFLOW,OECD.SDD.TPS:DSD_PDB@DF_PDB_GR(1.0),Productivity growth rates,I,GBR,United Kingdom,A,Annual,GDPHRS,GDP per hour worked,_T,Total - all activities,IX,Index,Q,Constant prices,_Z,Not applicable,_Z,Not applicable,_Z,Not applicable,2014,,85.2126744659013,,A,Normal value,0,Units,2020,,2,Two
DATAFLOW,OECD.SDD.TPS:DSD_PDB@DF_PDB_GR(1.0),Productivity growth rates,I,GBR,United Kingdom,A,Annual,GDPHRS,GDP per hour worked,_T,Total - all activities,IX,Index,Q,Constant prices,_Z,Not applicable,_Z,Not applicable,_Z,Not applicable,2015,,85.8273284603831,,A,Normal value,0,Units,2020,,2,Two
DATAFLOW,OECD.SDD.TPS:DSD_PDB@DF_PDB_GR(1.0),Productivity growth rates,I,GBR,United Kingdom,A,Annual,GDPHRS,GDP per hour worked,_T,Total - all activities,IX,Index,Q,Constant prices,_Z,Not applicable,_Z,Not applicable,_Z,Not applicable,2016,,84.6518655681743,,A,Normal value,0,Units,2020,,2,Two
DATAFLOW,OECD.SDD.TPS:DSD_PDB@DF_PDB_GR(1.0),Productivity growth rates,I,GBR,United Kingdom,A,Annual,GDPHRS,GDP per hour worked,_T,Total - all activities,IX,Index,Q,Constant prices,_Z,Not applicable,_Z,Not applicable,_Z,Not applicable,2017,,87.1640567409879,,A,Normal value,0,Units,2020,,2,Two
DATAFLOW,OECD.SDD.TPS:DSD_PDB@DF_PDB_GR(1.0),Productivity growth rates,I,GBR,United Kingdom,A,Annual,GDPHRS,GDP per hour worked,_T,Total - all activities,IX,Index,Q,Constant prices,_Z,Not applicable,_Z,Not applicable,_Z,Not applicable,2018,,87.4491374861812,,A,Normal value,0,Units,2020,,2,Two
DATAFLOW,OECD.SDD.TPS:DSD_PDB@DF_PDB_GR(1.0),Productivity growth rates,I,GBR,United Kingdom,A,Annual,GDPHRS,GDP per hour worked,_T,Total - all activities,IX,Index,Q,Constant prices,_Z,Not applicable,_Z,Not applicable,_Z,Not applicable,2019,,88.2105709242608,,A,Normal value,0,Units,2020,,2,Two
DATAFLOW,OECD.SDD.TPS:DSD_PDB@DF_PDB_GR(1.0),Productivity growth rates,I,GBR,United Kingdom,A,Annual,GDPHRS,GDP per hour worked,_T,Total - all activities,IX,Index,Q,Constant prices,_Z,Not applicable,_Z,Not applicable,_Z,Not applicable,2021,,88.2480531575641,,A,Normal value,0,Units,2020,,2,Two
DATAFLOW,OECD.SDD.TPS:DSD_PDB@DF_PDB_GR(1.0),Productivity growth rates,I,GBR,United Kingdom,A,Annual,GDPHRS,GDP per hour worked,_T,Total - all activities,IX,Index,Q,Constant prices,_Z,Not applicable,_Z,Not applicable,_Z,Not applicable,2022,,90.1846605580348,,A,Normal value,0,Units,2020,,2,Two
DATAFLOW,OECD.SDD.TPS:DSD_PDB@DF_PDB_GR(1.0),Productivity growth rates,I,GBR,United Kingdom,A,Annual,GDPHRS,GDP per hour worked,_T,Total - all activities,IX,Index,Q,Constant prices,_Z,Not applicable,_Z,Not applicable,_Z,Not applicable,1995,,64.9220867559961,,A,Normal value,0,Units,2020,,2,Two
DATAFLOW,OECD.SDD.TPS:DSD_PDB@DF_PDB_GR(1.0),Productivity growth rates,I,GBR,United Kingdom,A,Annual,GDPHRS,GDP per hour worked,_T,Total - all activities,IX,Index,Q,Constant prices,_Z,Not applicable,_Z,Not applicable,_Z,Not applicable,1996,,65.980064665128,,A,Normal value,0,Units,2020,,2,Two
DATAFLOW,OECD.SDD.TPS:DSD_PDB@DF_PDB_GR(1.0),Productivity growth rates,I,GBR,United Kingdom,A,Annual,GDPHRS,GDP per hour worked,_T,Total - all activities,IX,Index,Q,Constant prices,_Z,Not applicable,_Z,Not applicable,_Z,Not applicable,1997,,68.011603414403,,A,Normal value,0,Units,2020,,2,Two
DATAFLOW,OECD.SDD.TPS:DSD_PDB@DF_PDB_GR(1.0),Productivity growth rates,I,GBR,United Kingdom,A,Annual,GDPHRS,GDP per hour worked,_T,Total - all activities,IX,Index,Q,Constant prices,_Z,Not applicable,_Z,Not applicable,_Z,Not applicable,1998,,69.8168562146096,,A,Normal value,0,Units,2020,,2,Two
DATAFLOW,OECD.SDD.TPS:DSD_PDB@DF_PDB_GR(1.0),Productivity growth rates,I,GBR,United Kingdom,A,Annual,GDPHRS,GDP per hour worked,_T,Total - all activities,IX,Index,Q,Constant prices,_Z,Not applicable,_Z,Not applicable,_Z,Not applicable,1999,,71.3762583950459,,A,Normal value,0,Units,2020,,2,Two
DATAFLOW,OECD.SDD.TPS:DSD_PDB@DF_PDB_GR(1.0),Productivity growth rates,I,GBR,United Kingdom,A,Annual,GDPHRS,GDP per hour worked,_T,Total - all activities,IX,Index,Q,Constant prices,_Z,Not applicable,_Z,Not applicable,_Z,Not applicable,2000,,75.857469838096,,A,Normal value,0,Units,2020,,2,Two
DATAFLOW,OECD.SDD.TPS:DSD_PDB@DF_PDB_GR(1.0),Productivity growth rates,I,GBR,United Kingdom,A,Annual,GDPHRS,GDP per hour worked,_T,Total - all activities,IX,Index,Q,Constant prices,_Z,Not applicable,_Z,Not applicable,_Z,Not applicable,2001,,76.9423638360566,,A,Normal value,0,Units,2020,,2,Two
DATAFLOW,OECD.SDD.TPS:DSD_PDB@DF_PDB_GR(1.0),Productivity growth rates,I,GBR,United Kingdom,A,Annual,GDPHRS,GDP per hour worked,_T,Total - all activities,IX,Index,Q,Constant prices,_Z,Not applicable,_Z,Not applicable,_Z,Not applicable,2002,,78.6408425178897,,A,Normal value,0,Units,2020,,2,Two
DATAFLOW,OECD.SDD.TPS:DSD_PDB@DF_PDB_GR(1.0),Productivity growth rates,I,GBR,United Kingdom,A,Annual,GDPHRS,GDP per hour worked,_T,Total - all activities,IX,Index,Q,Constant prices,_Z,Not applicable,_Z,Not applicable,_Z,Not applicable,2023,,90.0122703985353,,A,Normal value,0,Units,2020,,2,Two
DATAFLOW,OECD.SDD.TPS:DSD_PDB@DF_PDB_GR(1.0),Productivity growth rates,I,GBR,United Kingdom,A,Annual,GDPHRS,GDP per hour worked,_T,Total - all activities,IX,Index,Q,Constant prices,_Z,Not applicable,_Z,Not applicable,_Z,Not applicable,2024,,89.3767861064862,,A,Normal value,0,Units,2020,,2,Two
DATAFLOW,OECD.SDD.TPS:DSD_PDB@DF_PDB_GR(1.0),Productivity growth rates,I,GBR,United Kingdom,A,Annual,GDPHRS,GDP per hour worked,_T,Total - all activities,IX,Index,Q,Constant prices,_Z,Not applicable,_Z,Not applicable,_Z,Not applicable,2020,,100,,A,Normal value,0,Units,2020,,2,Two
DATAFLOW,OECD.SDD.TPS:DSD_PDB@DF_PDB_GR(1.0),Productivity growth rates,I,GBR,United Kingdom,A,Annual,GDPHRS,GDP per hour worked,_T,Total - all activities,IX,Index,Q,Constant prices,_Z,Not applicable,_Z,Not applicable,_Z,Not applicable,2003,,80.7972902348401,,A,Normal value,0,Units,2020,,2,Two
DATAFLOW,OECD.SDD.TPS:DSD_PDB@DF_PDB_GR(1.0),Productivity growth rates,I,SWE,Sweden,A,Annual,GDPHRS,GDP per hour worked,_T,Total - all activities,IX,Index,Q,Constant prices,_Z,Not applicable,_Z,Not applicable,_Z,Not applicable,2005,,89.4817333665962,,A,Normal value,0,Units,2020,,2,Two
DATAFLOW,OECD.SDD.TPS:DSD_PDB@DF_PDB_GR(1.0),Productivity growth rates,I,SWE,Sweden,A,Annual,GDPHRS,GDP per hour worked,_T,Total - all activities,IX,Index,Q,Constant prices,_Z,Not applicable,_Z,Not applicable,_Z,Not applicable,2006,,92.0285808733916,,A,Normal value,0,Units,2020,,2,Two
DATAFLOW,OECD.SDD.TPS:DSD_PDB@DF_PDB_GR(1.0),Productivity growth rates,I,SWE,Sweden,A,Annual,GDPHRS,GDP per hour worked,_T,Total - all activities,IX,Index,Q,Constant prices,_Z,Not applicable,_Z,Not applicable,_Z,Not applicable,2007,,92.1091510809867,,A,Normal value,0,Units,2020,,2,Two
DATAFLOW,OECD.SDD.TPS:DSD_PDB@DF_PDB_GR(1.0),Productivity growth rates,I,SWE,Sweden,A,Annual,GDPHRS,GDP per hour worked,_T,Total - all activities,IX,Index,Q,Constant prices,_Z,Not applicable,_Z,Not applicable,_Z,Not applicable,2008,,90.020352642534,,A,Normal value,0,Units,2020,,2,Two
DATAFLOW,OECD.SDD.TPS:DSD_PDB@DF_PDB_GR(1.0),Productivity growth rates,I,SWE,Sweden,A,Annual,GDPHRS,GDP per hour worked,_T,Total - all activities,IX,Index,Q,Constant prices,_Z,Not applicable,_Z,Not applicable,_Z,Not applicable,2009,,88.8509312211391,,A,Normal value,0,Units,2020,,2,Two
DATAFLOW,OECD.SDD.TPS:DSD_PDB@DF_PDB_GR(1.0),Productivity growth rates,I,SWE,Sweden,A,Annual,GDPHRS,GDP per hour worked,_T,Total - all activities,IX,Index,Q,Constant prices,_Z,Not applicable,_Z,Not applicable,_Z,Not applicable,2010,,91.7420551484305,,A,Normal value,0,Units,2020,,2,Two
DATAFLOW,OECD.SDD.TPS:DSD_PDB@DF_PDB_GR(1.0),Productivity growth rates,I,SWE,Sweden,A,Annual,GDPHRS,GDP per hour worked,_T,Total - all activities,IX,Index,Q,Constant prices,_Z,Not applicable,_Z,Not applicable,_Z,Not applicable,2011,,92.460283207727,,A,Normal value,0,Units,2020,,2,Two
DATAFLOW,OECD.SDD.TPS:DSD_PDB@DF_PDB_GR(1.0),Productivity growth rates,I,SWE,Sweden,A,Annual,GDPHRS,GDP per hour worked,_T,Total - all activities,IX,Index,Q,Constant prices,_Z,Not applicable,_Z,Not applicable,_Z,Not applicable,2012,,92.2134425092031,,A,Normal value,0,Units,2020,,2,Two
DATAFLOW,OECD.SDD.TPS:DSD_PDB@DF_PDB_GR(1.0),Productivity growth rates,I,SWE,Sweden,A,Annual,GDPHRS,GDP per hour worked,_T,Total - all activities,IX,Index,Q,Constant prices,_Z,Not applicable,_Z,Not applicable,_Z,Not applicable,2013,,92.8354410051696,,A,Normal value,0,Units,2020,,2,Two
DATAFLOW,OECD.SDD.TPS:DSD_PDB@DF_PDB_GR(1.0),Productivity growth rates,I,SWE,Sweden,A,Annual,GDPHRS,GDP per hour worked,_T,Total - all activities,IX,Index,Q,Constant prices,_Z,Not applicable,_Z,Not applicable,_Z,Not applicable,2014,,93.5392948339178,,A,Normal value,0,Units,2020,,2,Two
DATAFLOW,OECD.SDD.TPS:DSD_PDB@DF_PDB_GR(1.0),Productivity growth rates,I,SWE,Sweden,A,Annual,GDPHRS,GDP per hour worked,_T,Total - all activities,IX,Index,Q,Constant prices,_Z,Not applicable,_Z,Not applicable,_Z,Not applicable,2015,,96.1351921802187,,A,Normal value,0,Units,2020,,2,Two
DATAFLOW,OECD.SDD.TPS:DSD_PDB@DF_PDB_GR(1.0),Productivity growth rates,I,SWE,Sweden,A,Annual,GDPHRS,GDP per hour worked,_T,Total - all activities,IX,Index,Q,Constant prices,_Z,Not applicable,_Z,Not applicable,_Z,Not applicable,2016,,95.4945720925972,,A,Normal value,0,Units,2020,,2,Two
DATAFLOW,OECD.SDD.TPS:DSD_PDB@DF_PDB_GR(1.0),Productivity growth rates,I,SWE,Sweden,A,Annual,GDPHRS,GDP per hour worked,_T,Total - all activities,IX,Index,Q,Constant prices,_Z,Not applicable,_Z,Not applicable,_Z,Not applicable,2017,,95.7334812952331,,A,Normal value,0,Units,2020,,2,Two
DATAFLOW,OECD.SDD.TPS:DSD_PDB@DF_PDB_GR(1.0),Productivity growth rates,I,SWE,Sweden,A,Annual,GDPHRS,GDP per hour worked,_T,Total - all activities,IX,Index,Q,Constant prices,_Z,Not applicable,_Z,Not applicable,_Z,Not applicable,2018,,95.8680901934725,,A,Normal value,0,Units,2020,,2,Two
DATAFLOW,OECD.SDD.TPS:DSD_PDB@DF_PDB_GR(1.0),Productivity growth rates,I,SWE,Sweden,A,Annual,GDPHRS,GDP per hour worked,_T,Total - all activities,IX,Index,Q,Constant prices,_Z,Not applicable,_Z,Not applicable,_Z,Not applicable,2019,,98.6567103651431,,A,Normal value,0,Units,2020,,2,Two
DATAFLOW,OECD.SDD.TPS:DSD_PDB@DF_PDB_GR(1.0),Productivity growth rates,I,SWE,Sweden,A,Annual,GDPHRS,GDP per hour worked,_T,Total - all activities,IX,Index,Q,Constant prices,_Z,Not applicable,_Z,Not applicable,_Z,Not applicable,2021,,102.538643943746,,A,Normal value,0,Units,2020,,2,Two
DATAFLOW,OECD.SDD.TPS:DSD_PDB@DF_PDB_GR(1.0),Productivity growth rates,I,SWE,Sweden,A,Annual,GDPHRS,GDP per hour worked,_T,Total - all activities,IX,Index,Q,Constant prices,_Z,Not applicable,_Z,Not applicable,_Z,Not applicable,2022,,100.702823039156,,A,Normal value,0,Units,2020,,2,Two
DATAFLOW,OECD.SDD.TPS:DSD_PDB@DF_PDB_GR(1.0),Productivity growth rates,I,SWE,Sweden,A,Annual,GDPHRS,GDP per hour worked,_T,Total - all activities,IX,Index,Q,Constant prices,_Z,Not applicable,_Z,Not applicable,_Z,Not applicable,1995,,68.5489245014078,,A,Normal value,0,Units,2020,,2,Two
DATAFLOW,OECD.SDD.TPS:DSD_PDB@DF_PDB_GR(1.0),Productivity growth rates,I,SWE,Sweden,A,Annual,GDPHRS,GDP per hour worked,_T,Total - all activities,IX,Index,Q,Constant prices,_Z,Not applicable,_Z,Not applicable,_Z,Not applicable,1996,,69.77749968544,,A,Normal value,0,Units,2020,,2,Two
DATAFLOW,OECD.SDD.TPS:DSD_PDB@DF_PDB_GR(1.0),Productivity growth rates,I,SWE,Sweden,A,Annual,GDPHRS,GDP per hour worked,_T,Total - all activities,IX,Index,Q,Constant prices,_Z,Not applicable,_Z,Not applicable,_Z,Not applicable,1997,,72.6293300765755,,A,Normal value,0,Units,2020,,2,Two
DATAFLOW,OECD.SDD.TPS:DSD_PDB@DF_PDB_GR(1.0),Productivity growth rates,I,SWE,Sweden,A,Annual,GDPHRS,GDP per hour worked,_T,Total - all activities,IX,Index,Q,Constant prices,_Z,Not applicable,_Z,Not applicable,_Z,Not applicable,1998,,74.5128145485764,,A,Normal value,0,Units,2020,,2,Two
DATAFLOW,OECD.SDD.TPS:DSD_PDB@DF_PDB_GR(1.0),Productivity growth rates,I,SWE,Sweden,A,Annual,GDPHRS,GDP per hour worked,_T,Total - all activities,IX,Index,Q,Constant prices,_Z,Not applicable,_Z,Not applicable,_Z,Not applicable,1999,,75.6012970797912,,A,Normal value,0,Units,2020,,2,Two
DATAFLOW,OECD.SDD.TPS:DSD_PDB@DF_PDB_GR(1.0),Productivity growth rates,I,SWE,Sweden,A,Annual,GDPHRS,GDP per hour worked,_T,Total - all activities,IX,Index,Q,Constant prices,_Z,Not applicable,_Z,Not applicable,_Z,Not applicable,2000,,78.0837007678628,,A,Normal value,0,Units,2020,,2,Two
DATAFLOW,OECD.SDD.TPS:DSD_PDB@DF_PDB_GR(1.0),Productivity growth rates,I,SWE,Sweden,A,Annual,GDPHRS,GDP per hour worked,_T,Total - all activities,IX,Index,Q,Constant prices,_Z,Not applicable,_Z,Not applicable,_Z,Not applicable,2001,,78.6419406185507,,A,Normal value,0,Units,2020,,2,Two
DATAFLOW,OECD.SDD.TPS:DSD_PDB@DF_PDB_GR(1.0),Productivity growth rates,I,SWE,Sweden,A,Annual,GDPHRS,GDP per hour worked,_T,Total - all activities,IX,Index,Q,Constant prices,_Z,Not applicable,_Z,Not applicable,_Z,Not applicable,2002,,81.5489742794869,,A,Normal value,0,Units,2020,,2,Two
DATAFLOW,OECD.SDD.TPS:DSD_PDB@DF_PDB_GR(1.0),Productivity growth rates,I,SWE,Sweden,A,Annual,GDPHRS,GDP per hour worked,_T,Total - all activities,IX,Index,Q,Constant prices,_Z,Not applicable,_Z,Not applicable,_Z,Not applicable,2023,,99.6000698236709,,A,Normal value,0,Units,2020,,2,Two
DATAFLOW,OECD.SDD.TPS:DSD_PDB@DF_PDB_GR(1.0),Productivity growth rates,I,SWE,Sweden,A,Annual,GDPHRS,GDP per hour worked,_T,Total - all activities,IX,Index,Q,Constant prices,_Z,Not applicable,_Z,Not applicable,_Z,Not applicable,2024,,100.913216176849,,A,Normal value,0,Units,2020,,2,Two
DATAFLOW,OECD.SDD.TPS:DSD_PDB@DF_PDB_GR(1.0),Productivity growth rates,I,SWE,Sweden,A,Annual,GDPHRS,GDP per hour worked,_T,Total - all activities,IX,Index,Q,Constant prices,_Z,Not applicable,_Z,Not applicable,_Z,Not applicable,2020,,100,,A,Normal value,0,Units,2020,,2,Two
DATAFLOW,OECD.SDD.TPS:DSD_PDB@DF_PDB_GR(1.0),Productivity growth rates,I,SWE,Sweden,A,Annual,GDPHRS,GDP per hour worked,_T,Total - all activities,IX,Index,Q,Constant prices,_Z,Not applicable,_Z,Not applicable,_Z,Not applicable,2003,,84.2695402501101,,A,Normal value,0,Units,2020,,2,Two
DATAFLOW,OECD.SDD.TPS:DSD_PDB@DF_PDB_GR(1.0),Productivity growth rates,I,ESP,Spain,A,Annual,GDPHRS,GDP per hour worked,_T,Total - all activities,IX,Index,Q,Constant prices,_Z,Not applicable,_Z,Not applicable,_Z,Not applicable,2002,,86.0418052292044,,A,Normal value,0,Units,2020,,2,Two
DATAFLOW,OECD.SDD.TPS:DSD_PDB@DF_PDB_GR(1.0),Productivity growth rates,I,ESP,Spain,A,Annual,GDPHRS,GDP per hour worked,_T,Total - all activities,IX,Index,Q,Constant prices,_Z,Not applicable,_Z,Not applicable,_Z,Not applicable,2003,,86.2936442293091,,A,Normal value,0,Units,2020,,2,Two
DATAFLOW,OECD.SDD.TPS:DSD_PDB@DF_PDB_GR(1.0),Productivity growth rates,I,ESP,Spain,A,Annual,GDPHRS,GDP per hour worked,_T,Total - all activities,IX,Index,Q,Constant prices,_Z,Not applicable,_Z,Not applicable,_Z,Not applicable,2004,,86.5727396567008,,A,Normal value,0,Units,2020,,2,Two
DATAFLOW,OECD.SDD.TPS:DSD_PDB@DF_PDB_GR(1.0),Productivity growth rates,I,ESP,Spain,A,Annual,GDPHRS,GDP per hour worked,_T,Total - all activities,IX,Index,Q,Constant prices,_Z,Not applicable,_Z,Not applicable,_Z,Not applicable,2005,,86.8418072996362,,A,Normal value,0,Units,2020,,2,Two
DATAFLOW,OECD.SDD.TPS:DSD_PDB@DF_PDB_GR(1.0),Productivity growth rates,I,ESP,Spain,A,Annual,GDPHRS,GDP per hour worked,_T,Total - all activities,IX,Index,Q,Constant prices,_Z,Not applicable,_Z,Not applicable,_Z,Not applicable,2006,,87.321454026785,,A,Normal value,0,Units,2020,,2,Two
DATAFLOW,OECD.SDD.TPS:DSD_PDB@DF_PDB_GR(1.0),Productivity growth rates,I,ESP,Spain,A,Annual,GDPHRS,GDP per hour worked,_T,Total - all activities,IX,Index,Q,Constant prices,_Z,Not applicable,_Z,Not applicable,_Z,Not applicable,2007,,88.1938155252534,,A,Normal value,0,Units,2020,,2,Two
DATAFLOW,OECD.SDD.TPS:DSD_PDB@DF_PDB_GR(1.0),Productivity growth rates,I,FRA,France,A,Annual,GDPHRS,GDP per hour worked,_T,Total - all activities,IX,Index,Q,Constant prices,_Z,Not applicable,_Z,Not applicable,_Z,Not applicable,2020,,100,,A,Normal value,0,Units,2020,,2,Two
DATAFLOW,OECD.SDD.TPS:DSD_PDB@DF_PDB_GR(1.0),Productivity growth rates,I,FRA,France,A,Annual,GDPHRS,GDP per hour worked,_T,Total - all activities,IX,Index,Q,Constant prices,_Z,Not applicable,_Z,Not applicable,_Z,Not applicable,2003,,88.8704446169993,,A,Normal value,0,Units,2020,,2,Two
DATAFLOW,OECD.SDD.TPS:DSD_PDB@DF_PDB_GR(1.0),Productivity growth rates,I,FIN,Finland,A,Annual,GDPHRS,GDP per hour worked,_T,Total - all activities,IX,Index,Q,Constant prices,_Z,Not applicable,_Z,Not applicable,_Z,Not applicable,2005,,91.5101115079617,,A,Normal value,0,Units,2020,,2,Two
DATAFLOW,OECD.SDD.TPS:DSD_PDB@DF_PDB_GR(1.0),Productivity growth rates,I,FIN,Finland,A,Annual,GDPHRS,GDP per hour worked,_T,Total - all activities,IX,Index,Q,Constant prices,_Z,Not applicable,_Z,Not applicable,_Z,Not applicable,2006,,93.712038443169,,A,Normal value,0,Units,2020,,2,Two
DATAFLOW,OECD.SDD.TPS:DSD_PDB@DF_PDB_GR(1.0),Productivity growth rates,I,FIN,Finland,A,Annual,GDPHRS,GDP per hour worked,_T,Total - all activities,IX,Index,Q,Constant prices,_Z,Not applicable,_Z,Not applicable,_Z,Not applicable,2007,,96.7884027034565,,A,Normal value,0,Units,2020,,2,Two
DATAFLOW,OECD.SDD.TPS:DSD_PDB@DF_PDB_GR(1.0),Productivity growth rates,I,FIN,Finland,A,Annual,GDPHRS,GDP per hour worked,_T,Total - all activities,IX,Index,Q,Constant prices,_Z,Not applicable,_Z,Not applicable,_Z,Not applicable,2008,,95.6494824433844,,A,Normal value,0,Units,2020,,2,Two
DATAFLOW,OECD.SDD.TPS:DSD_PDB@DF_PDB_GR(1.0),Productivity growth rates,I,FIN,Finland,A,Annual,GDPHRS,GDP per hour worked,_T,Total - all activities,IX,Index,Q,Constant prices,_Z,Not applicable,_Z,Not applicable,_Z,Not applicable,2009,,91.372530184514,,A,Normal value,0,Units,2020,,2,Two
DATAFLOW,OECD.SDD.TPS:DSD_PDB@DF_PDB_GR(1.0),Productivity growth rates,I,FIN,Finland,A,Annual,GDPHRS,GDP per hour worked,_T,Total - all activities,IX,Index,Q,Constant prices,_Z,Not applicable,_Z,Not applicable,_Z,Not applicable,2010,,94.6890176460173,,A,Normal value,0,Units,2020,,2,Two
DATAFLOW,OECD.SDD.TPS:DSD_PDB@DF_PDB_GR(1.0),Productivity growth rates,I,FIN,Finland,A,Annual,GDPHRS,GDP per hour worked,_T,Total - all activities,IX,Index,Q,Constant prices,_Z,Not applicable,_Z,Not applicable,_Z,Not applicable,2011,,95.9757576595142,,A,Normal value,0,Units,2020,,2,Two
DATAFLOW,OECD.SDD.TPS:DSD_PDB@DF_PDB_GR(1.0),Productivity growth rates,I,FIN,Finland,A,Annual,GDPHRS,GDP per hour worked,_T,Total - all activities,IX,Index,Q,Constant prices,_Z,Not applicable,_Z,Not applicable,_Z,Not applicable,2012,,94.6350953887973,,A,Normal value,0,Units,2020,,2,Two
DATAFLOW,OECD.SDD.TPS:DSD_PDB@DF_PDB_GR(1.0),Productivity growth rates,I,FIN,Finland,A,Annual,GDPHRS,GDP per hour worked,_T,Total - all activities,IX,Index,Q,Constant prices,_Z,Not applicable,_Z,Not applicable,_Z,Not applicable,2013,,94.9347572697514,,A,Normal value,0,Units,2020,,2,Two
DATAFLOW,OECD.SDD.TPS:DSD_PDB@DF_PDB_GR(1.0),Productivity growth rates,I,ESP,Spain,A,Annual,GDPHRS,GDP per hour worked,_T,Total - all activities,IX,Index,Q,Constant prices,_Z,Not applicable,_Z,Not applicable,_Z,Not applicable,2021,,99.4891356618666,,A,Normal value,0,Units,2020,,2,Two
DATAFLOW,OECD.SDD.TPS:DSD_PDB@DF_PDB_GR(1.0),Productivity growth rates,I,ESP,Spain,A,Annual,GDPHRS,GDP per hour worked,_T,Total - all activities,IX,Index,Q,Constant prices,_Z,Not applicable,_Z,Not applicable,_Z,Not applicable,2000,,85.8575528559209,,A,Normal value,0,Units,2020,,2,Two
DATAFLOW,OECD.SDD.TPS:DSD_PDB@DF_PDB_GR(1.0),Productivity growth rates,I,PRT,Portugal,A,Annual,GDPHRS,GDP per hour worked,_T,Total - all activities,IX,Index,Q,Constant prices,_Z,Not applicable,_Z,Not applicable,_Z,Not applicable,2005,,89.1805558690633,,A,Normal value,0,Units,2020,,2,Two
DATAFLOW,OECD.SDD.TPS:DSD_PDB@DF_PDB_GR(1.0),Productivity growth rates,I,PRT,Portugal,A,Annual,GDPHRS,GDP per hour worked,_T,Total - all activities,IX,Index,Q,Constant prices,_Z,Not applicable,_Z,Not applicable,_Z,Not applicable,2006,,90.8383593233628,,A,Normal value,0,Units,2020,,2,Two
DATAFLOW,OECD.SDD.TPS:DSD_PDB@DF_PDB_GR(1.0),Productivity growth rates,I,PRT,Portugal,A,Annual,GDPHRS,GDP per hour worked,_T,Total - all activities,IX,Index,Q,Constant prices,_Z,Not applicable,_Z,Not applicable,_Z,Not applicable,2007,,92.2634090127373,,A,Normal value,0,Units,2020,,2,Two
DATAFLOW,OECD.SDD.TPS:DSD_PDB@DF_PDB_GR(1.0),Productivity growth rates,I,PRT,Portugal,A,Annual,GDPHRS,GDP per hour worked,_T,Total - all activities,IX,Index,Q,Constant prices,_Z,Not applicable,_Z,Not applicable,_Z,Not applicable,2008,,92.8602568641041,,A,Normal value,0,Units,2020,,2,Two
DATAFLOW,OECD.SDD.TPS:DSD_PDB@DF_PDB_GR(1.0),Productivity growth rates,I,PRT,Portugal,A,Annual,GDPHRS,GDP per hour worked,_T,Total - all activities,IX,Index,Q,Constant prices,_Z,Not applicable,_Z,Not applicable,_Z,Not applicable,2009,,92.4601605344897,,A,Normal value,0,Units,2020,,2,Two
DATAFLOW,OECD.SDD.TPS:DSD_PDB@DF_PDB_GR(1.0),Productivity growth rates,I,PRT,Portugal,A,Annual,GDPHRS,GDP per hour worked,_T,Total - all activities,IX,Index,Q,Constant prices,_Z,Not applicable,_Z,Not applicable,_Z,Not applicable,2010,,95.28230191287,,A,Normal value,0,Units,2020,,2,Two
DATAFLOW,OECD.SDD.TPS:DSD_PDB@DF_PDB_GR(1.0),Productivity growth rates,I,PRT,Portugal,A,Annual,GDPHRS,GDP per hour worked,_T,Total - all activities,IX,Index,Q,Constant prices,_Z,Not applicable,_Z,Not applicable,_Z,Not applicable,2011,,96.8614865301078,,A,Normal value,0,Units,2020,,2,Two
DATAFLOW,OECD.SDD.TPS:DSD_PDB@DF_PDB_GR(1.0),Productivity growth rates,I,PRT,Portugal,A,Annual,GDPHRS,GDP per hour worked,_T,Total - all activities,IX,Index,Q,Constant prices,_Z,Not applicable,_Z,Not applicable,_Z,Not applicable,2012,,98.0557712089667,,A,Normal value,0,Units,2020,,2,Two
DATAFLOW,OECD.SDD.TPS:DSD_PDB@DF_PDB_GR(1.0),Productivity growth rates,I,PRT,Portugal,A,Annual,GDPHRS,GDP per hour worked,_T,Total - all activities,IX,Index,Q,Constant prices,_Z,Not applicable,_Z,Not applicable,_Z,Not applicable,2013,,99.3945501461835,,A,Normal value,0,Units,2020,,2,Two
DATAFLOW,OECD.SDD.TPS:DSD_PDB@DF_PDB_GR(1.0),Productivity growth rates,I,PRT,Portugal,A,Annual,GDPHRS,GDP per hour worked,_T,Total - all activities,IX,Index,Q,Constant prices,_Z,Not applicable,_Z,Not applicable,_Z,Not applicable,2014,,98.1748995704104,,A,Normal value,0,Units,2020,,2,Two
DATAFLOW,OECD.SDD.TPS:DSD_PDB@DF_PDB_GR(1.0),Productivity growth rates,I,PRT,Portugal,A,Annual,GDPHRS,GDP per hour worked,_T,Total - all activities,IX,Index,Q,Constant prices,_Z,Not applicable,_Z,Not applicable,_Z,Not applicable,2015,,97.9200852231574,,A,Normal value,0,Units,2020,,2,Two
DATAFLOW,OECD.SDD.TPS:DSD_PDB@DF_PDB_GR(1.0),Productivity growth rates,I,PRT,Portugal,A,Annual,GDPHRS,GDP per hour worked,_T,Total - all activities,IX,Index,Q,Constant prices,_Z,Not applicable,_Z,Not applicable,_Z,Not applicable,2016,,97.8349782709702,,A,Normal value,0,Units,2020,,2,Two
DATAFLOW,OECD.SDD.TPS:DSD_PDB@DF_PDB_GR(1.0),Productivity growth rates,I,PRT,Portugal,A,Annual,GDPHRS,GDP per hour worked,_T,Total - all activities,IX,Index,Q,Constant prices,_Z,Not applicable,_Z,Not applicable,_Z,Not applicable,2017,,98.4277906598721,,A,Normal value,0,Units,2020,,2,Two
DATAFLOW,OECD.SDD.TPS:DSD_PDB@DF_PDB_GR(1.0),Productivity growth rates,I,PRT,Portugal,A,Annual,GDPHRS,GDP per hour worked,_T,Total - all activities,IX,Index,Q,Constant prices,_Z,Not applicable,_Z,Not applicable,_Z,Not applicable,2018,,98.3888601681945,,A,Normal value,0,Units,2020,,2,Two
DATAFLOW,OECD.SDD.TPS:DSD_PDB@DF_PDB_GR(1.0),Productivity growth rates,I,PRT,Portugal,A,Annual,GDPHRS,GDP per hour worked,_T,Total - all activities,IX,Index,Q,Constant prices,_Z,Not applicable,_Z,Not applicable,_Z,Not applicable,2019,,100.00259437585,,A,Normal value,0,Units,2020,,2,Two
DATAFLOW,OECD.SDD.TPS:DSD_PDB@DF_PDB_GR(1.0),Productivity growth rates,I,PRT,Portugal,A,Annual,GDPHRS,GDP per hour worked,_T,Total - all activities,IX,Index,Q,Constant prices,_Z,Not applicable,_Z,Not applicable,_Z,Not applicable,2021,,101.021168453287,,A,Normal value,0,Units,2020,,2,Two
DATAFLOW,OECD.SDD.TPS:DSD_PDB@DF_PDB_GR(1.0),Productivity growth rates,I,FIN,Finland,A,Annual,GDPHRS,GDP per hour worked,_T,Total - all activities,IX,Index,Q,Constant prices,_Z,Not applicable,_Z,Not applicable,_Z,Not applicable,2016,,97.4107231282939,,A,Normal value,0,Units,2020,,2,Two
DATAFLOW,OECD.SDD.TPS:DSD_PDB@DF_PDB_GR(1.0),Productivity growth rates,I,FIN,Finland,A,Annual,GDPHRS,GDP per hour worked,_T,Total - all activities,IX,Index,Q,Constant prices,_Z,Not applicable,_Z,Not applicable,_Z,Not applicable,2017,,100.399678159291,,A,Normal value,0,Units,2020,,2,Two
DATAFLOW,OECD.SDD.TPS:DSD_PDB@DF_PDB_GR(1.0),Productivity growth rates,I,FIN,Finland,A,Annual,GDPHRS,GDP per hour worked,_T,Total - all activities,IX,Index,Q,Constant prices,_Z,Not applicable,_Z,Not applicable,_Z,Not applicable,2018,,99.1442886173743,,A,Normal value,0,Units,2020,,2,Two
DATAFLOW,OECD.SDD.TPS:DSD_PDB@DF_PDB_GR(1.0),Productivity growth rates,I,FIN,Finland,A,Annual,GDPHRS,GDP per hour worked,_T,Total - all activities,IX,Index,Q,Constant prices,_Z,Not applicable,_Z,Not applicable,_Z,Not applicable,2019,,99.6481256696346,,A,Normal value,0,Units,2020,,2,Two
DATAFLOW,OECD.SDD.TPS:DSD_PDB@DF_PDB_GR(1.0),Productivity growth rates,I,FIN,Finland,A,Annual,GDPHRS,GDP per hour worked,_T,Total - all activities,IX,Index,Q,Constant prices,_Z,Not applicable,_Z,Not applicable,_Z,Not applicable,2021,,100.490292926366,,A,Normal value,0,Units,2020,,2,Two
DATAFLOW,OECD.SDD.TPS:DSD_PDB@DF_PDB_GR(1.0),Productivity growth rates,I,FIN,Finland,A,Annual,GDPHRS,GDP per hour worked,_T,Total - all activities,IX,Index,Q,Constant prices,_Z,Not applicable,_Z,Not applicable,_Z,Not applicable,2022,,98.7600594896777,,A,Normal value,0,Units,2020,,2,Two
DATAFLOW,OECD.SDD.TPS:DSD_PDB@DF_PDB_GR(1.0),Productivity growth rates,I,FIN,Finland,A,Annual,GDPHRS,GDP per hour worked,_T,Total - all activities,IX,Index,Q,Constant prices,_Z,Not applicable,_Z,Not applicable,_Z,Not applicable,1995,,70.9029833944795,,A,Normal value,0,Units,2020,,2,Two
DATAFLOW,OECD.SDD.TPS:DSD_PDB@DF_PDB_GR(1.0),Productivity growth rates,I,FIN,Finland,A,Annual,GDPHRS,GDP per hour worked,_T,Total - all activities,IX,Index,Q,Constant prices,_Z,Not applicable,_Z,Not applicable,_Z,Not applicable,1996,,72.3198900797464,,A,Normal value,0,Units,2020,,2,Two
DATAFLOW,OECD.SDD.TPS:DSD_PDB@DF_PDB_GR(1.0),Productivity growth rates,I,FIN,Finland,A,Annual,GDPHRS,GDP per hour worked,_T,Total - all activities,IX,Index,Q,Constant prices,_Z,Not applicable,_Z,Not applicable,_Z,Not applicable,1997,,74.5916133886198,,A,Normal value,0,Units,2020,,2,Two
DATAFLOW,OECD.SDD.TPS:DSD_PDB@DF_PDB_GR(1.0),Productivity growth rates,I,FIN,Finland,A,Annual,GDPHRS,GDP per hour worked,_T,Total - all activities,IX,Index,Q,Constant prices,_Z,Not applicable,_Z,Not applicable,_Z,Not applicable,1998,,77.5700437741955,,A,Normal value,0,Units,2020,,2,Two
DATAFLOW,OECD.SDD.TPS:DSD_PDB@DF_PDB_GR(1.0),Productivity growth rates,I,POL,Poland,A,Annual,GDPHRS,GDP per hour worked,_T,Total - all activities,IX,Index,Q,Constant prices,_Z,Not applicable,_Z,Not applicable,_Z,Not applicable,2018,,99.7000370218619,,A,Normal value,0,Units,2020,,2,Two
DATAFLOW,OECD.SDD.TPS:DSD_PDB@DF_PDB_GR(1.0),Productivity growth rates,I,POL,Poland,A,Annual,GDPHRS,GDP per hour worked,_T,Total - all activities,IX,Index,Q,Constant prices,_Z,Not applicable,_Z,Not applicable,_Z,Not applicable,2019,,101.293467727325,,A,Normal value,0,Units,2020,,2,Two
DATAFLOW,OECD.SDD.TPS:DSD_PDB@DF_PDB_GR(1.0),Productivity growth rates,I,POL,Poland,A,Annual,GDPHRS,GDP per hour worked,_T,Total - all activities,IX,Index,Q,Constant prices,_Z,Not applicable,_Z,Not applicable,_Z,Not applicable,2021,,101.159421408614,,A,Normal value,0,Units,2020,,2,Two
DATAFLOW,OECD.SDD.TPS:DSD_PDB@DF_PDB_GR(1.0),Productivity growth rates,I,POL,Poland,A,Annual,GDPHRS,GDP per hour worked,_T,Total - all activities,IX,Index,Q,Constant prices,_Z,Not applicable,_Z,Not applicable,_Z,Not applicable,2022,,105.841909454075,,A,Normal value,0,Units,2020,,2,Two
DATAFLOW,OECD.SDD.TPS:DSD_PDB@DF_PDB_GR(1.0),Productivity growth rates,I,POL,Poland,A,Annual,GDPHRS,GDP per hour worked,_T,Total - all activities,IX,Index,Q,Constant prices,_Z,Not applicable,_Z,Not applicable,_Z,Not applicable,1995,,42.1374094551396,,A,Normal value,0,Units,2020,,2,Two
DATAFLOW,OECD.SDD.TPS:DSD_PDB@DF_PDB_GR(1.0),Productivity growth rates,I,POL,Poland,A,Annual,GDPHRS,GDP per hour worked,_T,Total - all activities,IX,Index,Q,Constant prices,_Z,Not applicable,_Z,Not applicable,_Z,Not applicable,1996,,44.1723374326993,,A,Normal value,0,Units,2020,,2,Two
DATAFLOW,OECD.SDD.TPS:DSD_PDB@DF_PDB_GR(1.0),Productivity growth rates,I,PRT,Portugal,A,Annual,GDPHRS,GDP per hour worked,_T,Total - all activities,IX,Index,Q,Constant prices,_Z,Not applicable,_Z,Not applicable,_Z,Not applicable,1998,,81.6900967292534,,A,Normal value,0,Units,2020,,2,Two
DATAFLOW,OECD.SDD.TPS:DSD_PDB@DF_PDB_GR(1.0),Productivity growth rates,I,PRT,Portugal,A,Annual,GDPHRS,GDP per hour worked,_T,Total - all activities,IX,Index,Q,Constant prices,_Z,Not applicable,_Z,Not applicable,_Z,Not applicable,1999,,83.5117202296314,,A,Normal value,0,Units,2020,,2,Two
DATAFLOW,OECD.SDD.TPS:DSD_PDB@DF_PDB_GR(1.0),Productivity growth rates,I,PRT,Portugal,A,Annual,GDPHRS,GDP per hour worked,_T,Total - all activities,IX,Index,Q,Constant prices,_Z,Not applicable,_Z,Not applicable,_Z,Not applicable,2000,,84.4065573692979,,A,Normal value,0,Units,2020,,2,Two
DATAFLOW,OECD.SDD.TPS:DSD_PDB@DF_PDB_GR(1.0),Productivity growth rates,I,PRT,Portugal,A,Annual,GDPHRS,GDP per hour worked,_T,Total - all activities,IX,Index,Q,Constant prices,_Z,Not applicable,_Z,Not applicable,_Z,Not applicable,2001,,85.3059055543826,,A,Normal value,0,Units,2020,,2,Two
DATAFLOW,OECD.SDD.TPS:DSD_PDB@DF_PDB_GR(1.0),Productivity growth rates,I,PRT,Portugal,A,Annual,GDPHRS,GDP per hour worked,_T,Total - all activities,IX,Index,Q,Constant prices,_Z,Not applicable,_Z,Not applicable,_Z,Not applicable,2002,,85.9459287719002,,A,Normal value,0,Units,2020,,2,Two
DATAFLOW,OECD.SDD.TPS:DSD_PDB@DF_PDB_GR(1.0),Productivity growth rates,I,PRT,Portugal,A,Annual,GDPHRS,GDP per hour worked,_T,Total - all activities,IX,Index,Q,Constant prices,_Z,Not applicable,_Z,Not applicable,_Z,Not applicable,2023,,102.480973040134,,A,Normal value,0,Units,2020,,2,Two
DATAFLOW,OECD.SDD.TPS:DSD_PDB@DF_PDB_GR(1.0),Productivity growth rates,I,PRT,Portugal,A,Annual,GDPHRS,GDP per hour worked,_T,Total - all activities,IX,Index,Q,Constant prices,_Z,Not applicable,_Z,Not applicable,_Z,Not applicable,2024,,103.959216795653,,A,Normal value,0,Units,2020,,2,Two
DATAFLOW,OECD.SDD.TPS:DSD_PDB@DF_PDB_GR(1.0),Productivity growth rates,I,PRT,Portugal,A,Annual,GDPHRS,GDP per hour worked,_T,Total - all activities,IX,Index,Q,Constant prices,_Z,Not applicable,_Z,Not applicable,_Z,Not applicable,2020,,100,,A,Normal value,0,Units,2020,,2,Two
DATAFLOW,OECD.SDD.TPS:DSD_PDB@DF_PDB_GR(1.0),Productivity growth rates,I,PRT,Portugal,A,Annual,GDPHRS,GDP per hour worked,_T,Total - all activities,IX,Index,Q,Constant prices,_Z,Not applicable,_Z,Not applicable,_Z,Not applicable,2003,,86.2963914049978,,A,Normal value,0,Units,2020,,2,Two
DATAFLOW,OECD.SDD.TPS:DSD_PDB@DF_PDB_GR(1.0),Productivity growth rates,I,POL,Poland,A,Annual,GDPHRS,GDP per hour worked,_T,Total - all activities,IX,Index,Q,Constant prices,_Z,Not applicable,_Z,Not applicable,_Z,Not applicable,2005,,66.5401054205892,,A,Normal value,0,Units,2020,,2,Two
DATAFLOW,OECD.SDD.TPS:DSD_PDB@DF_PDB_GR(1.0),Productivity growth rates,I,POL,Poland,A,Annual,GDPHRS,GDP per hour worked,_T,Total - all activities,IX,Index,Q,Constant prices,_Z,Not applicable,_Z,Not applicable,_Z,Not applicable,2006,,68.4391632169293,,A,Normal value,0,Units,2020,,2,Two
DATAFLOW,OECD.SDD.TPS:DSD_PDB@DF_PDB_GR(1.0),Productivity growth rates,I,POL,Poland,A,Annual,GDPHRS,GDP per hour worked,_T,Total - all activities,IX,Index,Q,Constant prices,_Z,Not applicable,_Z,Not applicable,_Z,Not applicable,2007,,70.0224876781867,,A,Normal value,0,Units,2020,,2,Two
DATAFLOW,OECD.SDD.TPS:DSD_PDB@DF_PDB_GR(1.0),Productivity growth rates,I,POL,Poland,A,Annual,GDPHRS,GDP per hour worked,_T,Total - all activities,IX,Index,Q,Constant prices,_Z,Not applicable,_Z,Not applicable,_Z,Not applicable,2008,,70.6886551167794,,A,Normal value,0,Units,2020,,2,Two
DATAFLOW,OECD.SDD.TPS:DSD_PDB@DF_PDB_GR(1.0),Productivity growth rates,I,POL,Poland,A,Annual,GDPHRS,GDP per hour worked,_T,Total - all activities,IX,Index,Q,Constant prices,_Z,Not applicable,_Z,Not applicable,_Z,Not applicable,2009,,72.8219998850819,,A,Normal value,0,Units,2020,,2,Two
DATAFLOW,OECD.SDD.TPS:DSD_PDB@DF_PDB_GR(1.0),Productivity growth rates,I,POL,Poland,A,Annual,GDPHRS,GDP per hour worked,_T,Total - all activities,IX,Index,Q,Constant prices,_Z,Not applicable,_Z,Not applicable,_Z,Not applicable,2010,,77.3741052775783,,A,Normal value,0,Units,2020,,2,Two
DATAFLOW,OECD.SDD.TPS:DSD_PDB@DF_PDB_GR(1.0),Productivity growth rates,I,POL,Poland,A,Annual,GDPHRS,GDP per hour worked,_T,Total - all activities,IX,Index,Q,Constant prices,_Z,Not applicable,_Z,Not applicable,_Z,Not applicable,2011,,81.1881514922383,,A,Normal value,0,Units,2020,,2,Two
DATAFLOW,OECD.SDD.TPS:DSD_PDB@DF_PDB_GR(1.0),Productivity growth rates,I,POL,Poland,A,Annual,GDPHRS,GDP per hour worked,_T,Total - all activities,IX,Index,Q,Constant prices,_Z,Not applicable,_Z,Not applicable,_Z,Not applicable,2012,,82.531809423601,,A,Normal value,0,Units,2020,,2,Two
DATAFLOW,OECD.SDD.TPS:DSD_PDB@DF_PDB_GR(1.0),Productivity growth rates,I,POL,Poland,A,Annual,GDPHRS,GDP per hour worked,_T,Total - all activities,IX,Index,Q,Constant prices,_Z,Not applicable,_Z,Not applicable,_Z,Not applicable,2013,,83.3051385852669,,A,Normal value,0,Units,2020,,2,Two
DATAFLOW,OECD.SDD.TPS:DSD_PDB@DF_PDB_GR(1.0),Productivity growth rates,I,POL,Poland,A,Annual,GDPHRS,GDP per hour worked,_T,Total - all activities,IX,Index,Q,Constant prices,_Z,Not applicable,_Z,Not applicable,_Z,Not applicable,2014,,84.8269111387538,,A,Normal value,0,Units,2020,,2,Two
DATAFLOW,OECD.SDD.TPS:DSD_PDB@DF_PDB_GR(1.0),Productivity growth rates,I,POL,Poland,A,Annual,GDPHRS,GDP per hour worked,_T,Total - all activities,IX,Index,Q,Constant prices,_Z,Not applicable,_Z,Not applicable,_Z,Not applicable,2015,,86.9330979383508,,A,Normal value,0,Units,2020,,2,Two
DATAFLOW,OECD.SDD.TPS:DSD_PDB@DF_PDB_GR(1.0),Productivity growth rates,I,POL,Poland,A,Annual,GDPHRS,GDP per hour worked,_T,Total - all activities,IX,Index,Q,Constant prices,_Z,Not applicable,_Z,Not applicable,_Z,Not applicable,2016,,88.739653709211,,A,Normal value,0,Units,2020,,2,Two
DATAFLOW,OECD.SDD.TPS:DSD_PDB@DF_PDB_GR(1.0),Productivity growth rates,I,POL,Poland,A,Annual,GDPHRS,GDP per hour worked,_T,Total - all activities,IX,Index,Q,Constant prices,_Z,Not applicable,_Z,Not applicable,_Z,Not applicable,2017,,93.0842891693518,,A,Normal value,0,Units,2020,,2,Two
DATAFLOW,OECD.SDD.TPS:DSD_PDB@DF_PDB_GR(1.0),Productivity growth rates,I,OECD,OECD,A,Annual,GDPHRS,GDP per hour worked,_T,Total - all activities,IX,Index,Q,Constant prices,_Z,Not applicable,_Z,Not applicable,_Z,Not applicable,2011,,88.5102588099281,,A,Normal value,0,Units,2020,,2,Two
DATAFLOW,OECD.SDD.TPS:DSD_PDB@DF_PDB_GR(1.0),Productivity growth rates,I,OECD,OECD,A,Annual,GDPHRS,GDP per hour worked,_T,Total - all activities,IX,Index,Q,Constant prices,_Z,Not applicable,_Z,Not applicable,_Z,Not applicable,2012,,88.9114290537533,,A,Normal value,0,Units,2020,,2,Two
DATAFLOW,OECD.SDD.TPS:DSD_PDB@DF_PDB_GR(1.0),Productivity growth rates,I,OECD,OECD,A,Annual,GDPHRS,GDP per hour worked,_T,Total - all activities,IX,Index,Q,Constant prices,_Z,Not applicable,_Z,Not applicable,_Z,Not applicable,2013,,89.8556134112084,,A,Normal value,0,Units,2020,,2,Two
DATAFLOW,OECD.SDD.TPS:DSD_PDB@DF_PDB_GR(1.0),Productivity growth rates,I,OECD,OECD,A,Annual,GDPHRS,GDP per hour worked,_T,Total - all activities,IX,Index,Q,Constant prices,_Z,Not applicable,_Z,Not applicable,_Z,Not applicable,2014,,90.7019473118932,,A,Normal value,0,Units,2020,,2,Two
DATAFLOW,OECD.SDD.TPS:DSD_PDB@DF_PDB_GR(1.0),Productivity growth rates,I,OECD,OECD,A,Annual,GDPHRS,GDP per hour worked,_T,Total - all activities,IX,Index,Q,Constant prices,_Z,Not applicable,_Z,Not applicable,_Z,Not applicable,2015,,91.7249010675545,,A,Normal value,0,Units,2020,,2,Two
DATAFLOW,OECD.SDD.TPS:DSD_PDB@DF_PDB_GR(1.0),Productivity growth rates,I,OECD,OECD,A,Annual,GDPHRS,GDP per hour worked,_T,Total - all activities,IX,Index,Q,Constant prices,_Z,Not applicable,_Z,Not applicable,_Z,Not applicable,2016,,92.1439693369147,,A,Normal value,0,Units,2020,,2,Two
DATAFLOW,OECD.SDD.TPS:DSD_PDB@DF_PDB_GR(1.0),Productivity growth rates,I,OECD,OECD,A,Annual,GDPHRS,GDP per hour worked,_T,Total - all activities,IX,Index,Q,Constant prices,_Z,Not applicable,_Z,Not applicable,_Z,Not applicable,2017,,93.6574406932233,,A,Normal value,0,Units,2020,,2,Two
DATAFLOW,OECD.SDD.TPS:DSD_PDB@DF_PDB_GR(1.0),Productivity growth rates,I,OECD,OECD,A,Annual,GDPHRS,GDP per hour worked,_T,Total - all activities,IX,Index,Q,Constant prices,_Z,Not applicable,_Z,Not applicable,_Z,Not applicable,2018,,94.6108084159089,,A,Normal value,0,Units,2020,,2,Two
DATAFLOW,OECD.SDD.TPS:DSD_PDB@DF_PDB_GR(1.0),Productivity growth rates,I,OECD,OECD,A,Annual,GDPHRS,GDP per hour worked,_T,Total - all activities,IX,Index,Q,Constant prices,_Z,Not applicable,_Z,Not applicable,_Z,Not applicable,2019,,95.6598875300257,,A,Normal value,0,Units,2020,,2,Two
DATAFLOW,OECD.SDD.TPS:DSD_PDB@DF_PDB_GR(1.0),Productivity growth rates,I,OECD,OECD,A,Annual,GDPHRS,GDP per hour worked,_T,Total - all activities,IX,Index,Q,Constant prices,_Z,Not applicable,_Z,Not applicable,_Z,Not applicable,2021,,99.3921433367903,,A,Normal value,0,Units,2020,,2,Two
DATAFLOW,OECD.SDD.TPS:DSD_PDB@DF_PDB_GR(1.0),Productivity growth rates,I,OECD,OECD,A,Annual,GDPHRS,GDP per hour worked,_T,Total - all activities,IX,Index,Q,Constant prices,_Z,Not applicable,_Z,Not applicable,_Z,Not applicable,2020,,100,,A,Normal value,0,Units,2020,,2,Two
DATAFLOW,OECD.SDD.TPS:DSD_PDB@DF_PDB_GR(1.0),Productivity growth rates,I,OECD,OECD,A,Annual,GDPHRS,GDP per hour worked,_T,Total - all activities,IX,Index,Q,Constant prices,_Z,Not applicable,_Z,Not applicable,_Z,Not applicable,2000,,76.1777774688199,,E,Estimated value,0,Units,2020,,2,Two
DATAFLOW,OECD.SDD.TPS:DSD_PDB@DF_PDB_GR(1.0),Productivity growth rates,I,OECD,OECD,A,Annual,GDPHRS,GDP per hour worked,_T,Total - all activities,IX,Index,Q,Constant prices,_Z,Not applicable,_Z,Not applicable,_Z,Not applicable,2001,,77.4623879865316,,E,Estimated value,0,Units,2020,,2,Two
DATAFLOW,OECD.SDD.TPS:DSD_PDB@DF_PDB_GR(1.0),Productivity growth rates,I,OECD,OECD,A,Annual,GDPHRS,GDP per hour worked,_T,Total - all activities,IX,Index,Q,Constant prices,_Z,Not applicable,_Z,Not applicable,_Z,Not applicable,2002,,78.5770865049646,,E,Estimated value,0,Units,2020,,2,Two
DATAFLOW,OECD.SDD.TPS:DSD_PDB@DF_PDB_GR(1.0),Productivity growth rates,I,OECD,OECD,A,Annual,GDPHRS,GDP per hour worked,_T,Total - all activities,IX,Index,Q,Constant prices,_Z,Not applicable,_Z,Not applicable,_Z,Not applicable,2003,,80.2699852641147,,E,Estimated value,0,Units,2020,,2,Two
DATAFLOW,OECD.SDD.TPS:DSD_PDB@DF_PDB_GR(1.0),Productivity growth rates,I,OECD,OECD,A,Annual,GDPHRS,GDP per hour worked,_T,Total - all activities,IX,Index,Q,Constant prices,_Z,Not applicable,_Z,Not applicable,_Z,Not applicable,2004,,82.0808495285503,,E,Estimated value,0,Units,2020,,2,Two
DATAFLOW,OECD.SDD.TPS:DSD_PDB@DF_PDB_GR(1.0),Productivity growth rates,I,OECD,OECD,A,Annual,GDPHRS,GDP per hour worked,_T,Total - all activities,IX,Index,Q,Constant prices,_Z,Not applicable,_Z,Not applicable,_Z,Not applicable,2005,,83.3037584275318,,E,Estimated value,0,Units,2020,,2,Two
DATAFLOW,OECD.SDD.TPS:DSD_PDB@DF_PDB_GR(1.0),Productivity growth rates,I,OECD,OECD,A,Annual,GDPHRS,GDP per hour worked,_T,Total - all activities,IX,Index,Q,Constant prices,_Z,Not applicable,_Z,Not applicable,_Z,Not applicable,2006,,84.5562970111143,,E,Estimated value,0,Units,2020,,2,Two
DATAFLOW,OECD.SDD.TPS:DSD_PDB@DF_PDB_GR(1.0),Productivity growth rates,I,OECD,OECD,A,Annual,GDPHRS,GDP per hour worked,_T,Total - all activities,IX,Index,Q,Constant prices,_Z,Not applicable,_Z,Not applicable,_Z,Not applicable,2007,,85.7717396210999,,E,Estimated value,0,Units,2020,,2,Two
DATAFLOW,OECD.SDD.TPS:DSD_PDB@DF_PDB_GR(1.0),Productivity growth rates,I,OECD,OECD,A,Annual,GDPHRS,GDP per hour worked,_T,Total - all activities,IX,Index,Q,Constant prices,_Z,Not applicable,_Z,Not applicable,_Z,Not applicable,2008,,86.0732079379501,,E,Estimated value,0,Units,2020,,2,Two
DATAFLOW,OECD.SDD.TPS:DSD_PDB@DF_PDB_GR(1.0),Productivity growth rates,I,OECD,OECD,A,Annual,GDPHRS,GDP per hour worked,_T,Total - all activities,IX,Index,Q,Constant prices,_Z,Not applicable,_Z,Not applicable,_Z,Not applicable,2009,,85.6941989328303,,E,Estimated value,0,Units,2020,,2,Two
DATAFLOW,OECD.SDD.TPS:DSD_PDB@DF_PDB_GR(1.0),Productivity growth rates,I,OECD,OECD,A,Annual,GDPHRS,GDP per hour worked,_T,Total - all activities,IX,Index,Q,Constant prices,_Z,Not applicable,_Z,Not applicable,_Z,Not applicable,2010,,87.605874002441,,E,Estimated value,0,Units,2020,,2,Two
DATAFLOW,OECD.SDD.TPS:DSD_PDB@DF_PDB_GR(1.0),Productivity growth rates,I,OECD,OECD,A,Annual,GDPHRS,GDP per hour worked,_T,Total - all activities,IX,Index,Q,Constant prices,_Z,Not applicable,_Z,Not applicable,_Z,Not applicable,2022,,99.1556441902242,,E,Estimated value,0,Units,2020,,2,Two
DATAFLOW,OECD.SDD.TPS:DSD_PDB@DF_PDB_GR(1.0),Productivity growth rates,I,EU27_2020,European Union (27 countries from 01/02/2020),A,Annual,GDPHRS,GDP per hour worked,_T,Total - all activities,IX,Index,Q,Constant prices,_Z,Not applicable,_Z,Not applicable,_Z,Not applicable,2005,,86.6453767464679,,A,Normal value,0,Units,2020,,2,Two
DATAFLOW,OECD.SDD.TPS:DSD_PDB@DF_PDB_GR(1.0),Productivity growth rates,I,EU27_2020,European Union (27 countries from 01/02/2020),A,Annual,GDPHRS,GDP per hour worked,_T,Total - all activities,IX,Index,Q,Constant prices,_Z,Not applicable,_Z,Not applicable,_Z,Not applicable,2006,,88.1324855633387,,A,Normal value,0,Units,2020,,2,Two
DATAFLOW,OECD.SDD.TPS:DSD_PDB@DF_PDB_GR(1.0),Productivity growth rates,I,EU27_2020,European Union (27 countries from 01/02/2020),A,Annual,GDPHRS,GDP per hour worked,_T,Total - all activities,IX,Index,Q,Constant prices,_Z,Not applicable,_Z,Not applicable,_Z,Not applicable,2007,,88.9357742955135,,A,Normal value,0,Units,2020,,2,Two
DATAFLOW,OECD.SDD.TPS:DSD_PDB@DF_PDB_GR(1.0),Productivity growth rates,I,EU27_2020,European Union (27 countries from 01/02/2020),A,Annual,GDPHRS,GDP per hour worked,_T,Total - all activities,IX,Index,Q,Constant prices,_Z,Not applicable,_Z,Not applicable,_Z,Not applicable,2008,,88.6977006704045,,A,Normal value,0,Units,2020,,2,Two
DATAFLOW,OECD.SDD.TPS:DSD_PDB@DF_PDB_GR(1.0),Productivity growth rates,I,EU27_2020,European Union (27 countries from 01/02/2020),A,Annual,GDPHRS,GDP per hour worked,_T,Total - all activities,IX,Index,Q,Constant prices,_Z,Not applicable,_Z,Not applicable,_Z,Not applicable,2009,,87.7061976488873,,A,Normal value,0,Units,2020,,2,Two
DATAFLOW,OECD.SDD.TPS:DSD_PDB@DF_PDB_GR(1.0),Productivity growth rates,I,EU27_2020,European Union (27 countries from 01/02/2020),A,Annual,GDPHRS,GDP per hour worked,_T,Total - all activities,IX,Index,Q,Constant prices,_Z,Not applicable,_Z,Not applicable,_Z,Not applicable,2010,,90.2168690673246,,A,Normal value,0,Units,2020,,2,Two
DATAFLOW,OECD.SDD.TPS:DSD_PDB@DF_PDB_GR(1.0),Productivity growth rates,I,EU27_2020,European Union (27 countries from 01/02/2020),A,Annual,GDPHRS,GDP per hour worked,_T,Total - all activities,IX,Index,Q,Constant prices,_Z,Not applicable,_Z,Not applicable,_Z,Not applicable,2011,,91.9236397139013,,A,Normal value,0,Units,2020,,2,Two
DATAFLOW,OECD.SDD.TPS:DSD_PDB@DF_PDB_GR(1.0),Productivity growth rates,I,EU27_2020,European Union (27 countries from 01/02/2020),A,Annual,GDPHRS,GDP per hour worked,_T,Total - all activities,IX,Index,Q,Constant prices,_Z,Not applicable,_Z,Not applicable,_Z,Not applicable,2012,,92.4030857892513,,A,Normal value,0,Units,2020,,2,Two
DATAFLOW,OECD.SDD.TPS:DSD_PDB@DF_PDB_GR(1.0),Productivity growth rates,I,EU27_2020,European Union (27 countries from 01/02/2020),A,Annual,GDPHRS,GDP per hour worked,_T,Total - all activities,IX,Index,Q,Constant prices,_Z,Not applicable,_Z,Not applicable,_Z,Not applicable,2013,,93.2208859336676,,A,Normal value,0,Units,2020,,2,Two
DATAFLOW,OECD.SDD.TPS:DSD_PDB@DF_PDB_GR(1.0),Productivity growth rates,I,EU27_2020,European Union (27 countries from 01/02/2020),A,Annual,GDPHRS,GDP per hour worked,_T,Total - all activities,IX,Index,Q,Constant prices,_Z,Not applicable,_Z,Not applicable,_Z,Not applicable,2014,,93.8960297442621,,A,Normal value,0,Units,2020,,2,Two
DATAFLOW,OECD.SDD.TPS:DSD_PDB@DF_PDB_GR(1.0),Productivity growth rates,I,EU27_2020,European Union (27 countries from 01/02/2020),A,Annual,GDPHRS,GDP per hour worked,_T,Total - all activities,IX,Index,Q,Constant prices,_Z,Not applicable,_Z,Not applicable,_Z,Not applicable,2015,,95.2491605562934,,A,Normal value,0,Units,2020,,2,Two
DATAFLOW,OECD.SDD.TPS:DSD_PDB@DF_PDB_GR(1.0),Productivity growth rates,I,EU27_2020,European Union (27 countries from 01/02/2020),A,Annual,GDPHRS,GDP per hour worked,_T,Total - all activities,IX,Index,Q,Constant prices,_Z,Not applicable,_Z,Not applicable,_Z,Not applicable,2016,,95.589767200333,,A,Normal value,0,Units,2020,,2,Two
DATAFLOW,OECD.SDD.TPS:DSD_PDB@DF_PDB_GR(1.0),Productivity growth rates,I,EU27_2020,European Union (27 countries from 01/02/2020),A,Annual,GDPHRS,GDP per hour worked,_T,Total - all activities,IX,Index,Q,Constant prices,_Z,Not applicable,_Z,Not applicable,_Z,Not applicable,2017,,97.2490925598421,,A,Normal value,0,Units,2020,,2,Two
DATAFLOW,OECD.SDD.TPS:DSD_PDB@DF_PDB_GR(1.0),Productivity growth rates,I,EU27_2020,European Union (27 countries from 01/02/2020),A,Annual,GDPHRS,GDP per hour worked,_T,Total - all activities,IX,Index,Q,Constant prices,_Z,Not applicable,_Z,Not applicable,_Z,Not applicable,2018,,97.9562390729457,,A,Normal value,0,Units,2020,,2,Two
DATAFLOW,OECD.SDD.TPS:DSD_PDB@DF_PDB_GR(1.0),Productivity growth rates,I,EU27_2020,European Union (27 countries from 01/02/2020),A,Annual,GDPHRS,GDP per hour worked,_T,Total - all activities,IX,Index,Q,Constant prices,_Z,Not applicable,_Z,Not applicable,_Z,Not applicable,2019,,98.6764532933595,,A,Normal value,0,Units,2020,,2,Two
DATAFLOW,OECD.SDD.TPS:DSD_PDB@DF_PDB_GR(1.0),Productivity growth rates,I,EU27_2020,European Union (27 countries from 01/02/2020),A,Annual,GDPHRS,GDP per hour worked,_T,Total - all activities,IX,Index,Q,Constant prices,_Z,Not applicable,_Z,Not applicable,_Z,Not applicable,2021,,100.529430348867,,A,Normal value,0,Units,2020,,2,Two
DATAFLOW,OECD.SDD.TPS:DSD_PDB@DF_PDB_GR(1.0),Productivity growth rates,I,EU27_2020,European Union (27 countries from 01/02/2020),A,Annual,GDPHRS,GDP per hour worked,_T,Total - all activities,IX,Index,Q,Constant prices,_Z,Not applicable,_Z,Not applicable,_Z,Not applicable,2022,,100.924886433634,,A,Normal value,0,Units,2020,,2,Two
DATAFLOW,OECD.SDD.TPS:DSD_PDB@DF_PDB_GR(1.0),Productivity growth rates,I,EU27_2020,European Union (27 countries from 01/02/2020),A,Annual,GDPHRS,GDP per hour worked,_T,Total - all activities,IX,Index,Q,Constant prices,_Z,Not applicable,_Z,Not applicable,_Z,Not applicable,1995,,72.3133241121904,,A,Normal value,0,Units,2020,,2,Two
DATAFLOW,OECD.SDD.TPS:DSD_PDB@DF_PDB_GR(1.0),Productivity growth rates,I,EU27_2020,European Union (27 countries from 01/02/2020),A,Annual,GDPHRS,GDP per hour worked,_T,Total - all activities,IX,Index,Q,Constant prices,_Z,Not applicable,_Z,Not applicable,_Z,Not applicable,1996,,73.2829123628478,,A,Normal value,0,Units,2020,,2,Two
DATAFLOW,OECD.SDD.TPS:DSD_PDB@DF_PDB_GR(1.0),Productivity growth rates,I,ITA,Italy,A,Annual,GDPHRS,GDP per hour worked,_T,Total - all activities,IX,Index,Q,Constant prices,_Z,Not applicable,_Z,Not applicable,_Z,Not applicable,2001,,96.1876733485482,,A,Normal value,0,Units,2020,,2,Two
DATAFLOW,OECD.SDD.TPS:DSD_PDB@DF_PDB_GR(1.0),Productivity growth rates,I,ITA,Italy,A,Annual,GDPHRS,GDP per hour worked,_T,Total - all activities,IX,Index,Q,Constant prices,_Z,Not applicable,_Z,Not applicable,_Z,Not applicable,2002,,95.6355547209222,,A,Normal value,0,Units,2020,,2,Two
DATAFLOW,OECD.SDD.TPS:DSD_PDB@DF_PDB_GR(1.0),Productivity growth rates,I,ITA,Italy,A,Annual,GDPHRS,GDP per hour worked,_T,Total - all activities,IX,Index,Q,Constant prices,_Z,Not applicable,_Z,Not applicable,_Z,Not applicable,2022,,99.3295048117942,,A,Normal value,0,Units,2020,,2,Two
DATAFLOW,OECD.SDD.TPS:DSD_PDB@DF_PDB_GR(1.0),Productivity growth rates,I,ITA,Italy,A,Annual,GDPHRS,GDP per hour worked,_T,Total - all activities,IX,Index,Q,Constant prices,_Z,Not applicable,_Z,Not applicable,_Z,Not applicable,2023,,97.5751962219195,,A,Normal value,0,Units,2020,,2,Two
DATAFLOW,OECD.SDD.TPS:DSD_PDB@DF_PDB_GR(1.0),Productivity growth rates,I,ITA,Italy,A,Annual,GDPHRS,GDP per hour worked,_T,Total - all activities,IX,Index,Q,Constant prices,_Z,Not applicable,_Z,Not applicable,_Z,Not applicable,2024,,96.2556758343582,,A,Normal value,0,Units,2020,,2,Two
DATAFLOW,OECD.SDD.TPS:DSD_PDB@DF_PDB_GR(1.0),Productivity growth rates,I,ITA,Italy,A,Annual,GDPHRS,GDP per hour worked,_T,Total - all activities,IX,Index,Q,Constant prices,_Z,Not applicable,_Z,Not applicable,_Z,Not applicable,2003,,95.0448784991597,,A,Normal value,0,Units,2020,,2,Two
DATAFLOW,OECD.SDD.TPS:DSD_PDB@DF_PDB_GR(1.0),Productivity growth rates,I,IRL,Ireland,A,Annual,GDPHRS,GDP per hour worked,_T,Total - all activities,IX,Index,Q,Constant prices,_Z,Not applicable,_Z,Not applicable,_Z,Not applicable,2005,,52.0628424982457,,A,Normal value,0,Units,2020,,2,Two
DATAFLOW,OECD.SDD.TPS:DSD_PDB@DF_PDB_GR(1.0),Productivity growth rates,I,IRL,Ireland,A,Annual,GDPHRS,GDP per hour worked,_T,Total - all activities,IX,Index,Q,Constant prices,_Z,Not applicable,_Z,Not applicable,_Z,Not applicable,2006,,52.9150509317557,,A,Normal value,0,Units,2020,,2,Two
DATAFLOW,OECD.SDD.TPS:DSD_PDB@DF_PDB_GR(1.0),Productivity growth rates,I,IRL,Ireland,A,Annual,GDPHRS,GDP per hour worked,_T,Total - all activities,IX,Index,Q,Constant prices,_Z,Not applicable,_Z,Not applicable,_Z,Not applicable,2007,,54.2205936438179,,A,Normal value,0,Units,2020,,2,Two
DATAFLOW,OECD.SDD.TPS:DSD_PDB@DF_PDB_GR(1.0),Productivity growth rates,I,IRL,Ireland,A,Annual,GDPHRS,GDP per hour worked,_T,Total - all activities,IX,Index,Q,Constant prices,_Z,Not applicable,_Z,Not applicable,_Z,Not applicable,2008,,53.3437730732997,,A,Normal value,0,Units,2020,,2,Two
DATAFLOW,OECD.SDD.TPS:DSD_PDB@DF_PDB_GR(1.0),Productivity growth rates,I,IRL,Ireland,A,Annual,GDPHRS,GDP per hour worked,_T,Total - all activities,IX,Index,Q,Constant prices,_Z,Not applicable,_Z,Not applicable,_Z,Not applicable,2009,,56.9641660462616,,A,Normal value,0,Units,2020,,2,Two
DATAFLOW,OECD.SDD.TPS:DSD_PDB@DF_PDB_GR(1.0),Productivity growth rates,I,IRL,Ireland,A,Annual,GDPHRS,GDP per hour worked,_T,Total - all activities,IX,Index,Q,Constant prices,_Z,Not applicable,_Z,Not applicable,_Z,Not applicable,2010,,60.5447169398223,,A,Normal value,0,Units,2020,,2,Two
DATAFLOW,OECD.SDD.TPS:DSD_PDB@DF_PDB_GR(1.0),Productivity growth rates,I,IRL,Ireland,A,Annual,GDPHRS,GDP per hour worked,_T,Total - all activities,IX,Index,Q,Constant prices,_Z,Not applicable,_Z,Not applicable,_Z,Not applicable,2011,,62.633061079008,,A,Normal value,0,Units,2020,,2,Two
DATAFLOW,OECD.SDD.TPS:DSD_PDB@DF_PDB_GR(1.0),Productivity growth rates,I,IRL,Ireland,A,Annual,GDPHRS,GDP per hour worked,_T,Total - all activities,IX,Index,Q,Constant prices,_Z,Not applicable,_Z,Not applicable,_Z,Not applicable,2012,,62.8326223105316,,A,Normal value,0,Units,2020,,2,Two
DATAFLOW,OECD.SDD.TPS:DSD_PDB@DF_PDB_GR(1.0),Productivity growth rates,I,IRL,Ireland,A,Annual,GDPHRS,GDP per hour worked,_T,Total - all activities,IX,Index,Q,Constant prices,_Z,Not applicable,_Z,Not applicable,_Z,Not applicable,2013,,61.7007349574277,,A,Normal value,0,Units,2020,,2,Two
DATAFLOW,OECD.SDD.TPS:DSD_PDB@DF_PDB_GR(1.0),Productivity growth rates,I,IRL,Ireland,A,Annual,GDPHRS,GDP per hour worked,_T,Total - all activities,IX,Index,Q,Constant prices,_Z,Not applicable,_Z,Not applicable,_Z,Not applicable,2014,,65.3441808377616,,A,Normal value,0,Units,2020,,2,Two
DATAFLOW,OECD.SDD.TPS:DSD_PDB@DF_PDB_GR(1.0),Productivity growth rates,I,EU27_2020,European Union (27 countries from 01/02/2020),A,Annual,GDPHRS,GDP per hour worked,_T,Total - all activities,IX,Index,Q,Constant prices,_Z,Not applicable,_Z,Not applicable,_Z,Not applicable,1999,,77.6604893448706,,A,Normal value,0,Units,2020,,2,Two
DATAFLOW,OECD.SDD.TPS:DSD_PDB@DF_PDB_GR(1.0),Productivity growth rates,I,EU27_2020,European Union (27 countries from 01/02/2020),A,Annual,GDPHRS,GDP per hour worked,_T,Total - all activities,IX,Index,Q,Constant prices,_Z,Not applicable,_Z,Not applicable,_Z,Not applicable,2000,,80.1832673463033,,A,Normal value,0,Units,2020,,2,Two
DATAFLOW,OECD.SDD.TPS:DSD_PDB@DF_PDB_GR(1.0),Productivity growth rates,I,EU27_2020,European Union (27 countries from 01/02/2020),A,Annual,GDPHRS,GDP per hour worked,_T,Total - all activities,IX,Index,Q,Constant prices,_Z,Not applicable,_Z,Not applicable,_Z,Not applicable,2001,,81.7936346895178,,A,Normal value,0,Units,2020,,2,Two
DATAFLOW,OECD.SDD.TPS:DSD_PDB@DF_PDB_GR(1.0),Productivity growth rates,I,EU27_2020,European Union (27 countries from 01/02/2020),A,Annual,GDPHRS,GDP per hour worked,_T,Total - all activities,IX,Index,Q,Constant prices,_Z,Not applicable,_Z,Not applicable,_Z,Not applicable,2002,,83.4046862901891,,A,Normal value,0,Units,2020,,2,Two
DATAFLOW,OECD.SDD.TPS:DSD_PDB@DF_PDB_GR(1.0),Productivity growth rates,I,EU27_2020,European Union (27 countries from 01/02/2020),A,Annual,GDPHRS,GDP per hour worked,_T,Total - all activities,IX,Index,Q,Constant prices,_Z,Not applicable,_Z,Not applicable,_Z,Not applicable,2023,,100.346367260301,,A,Normal value,0,Units,2020,,2,Two
DATAFLOW,OECD.SDD.TPS:DSD_PDB@DF_PDB_GR(1.0),Productivity growth rates,I,EU27_2020,European Union (27 countries from 01/02/2020),A,Annual,GDPHRS,GDP per hour worked,_T,Total - all activities,IX,Index,Q,Constant prices,_Z,Not applicable,_Z,Not applicable,_Z,Not applicable,2024,,100.698113600913,,A,Normal value,0,Units,2020,,2,Two
DATAFLOW,OECD.SDD.TPS:DSD_PDB@DF_PDB_GR(1.0),Productivity growth rates,I,EU27_2020,European Union (27 countries from 01/02/2020),A,Annual,GDPHRS,GDP per hour worked,_T,Total - all activities,IX,Index,Q,Constant prices,_Z,Not applicable,_Z,Not applicable,_Z,Not applicable,2020,,100,,A,Normal value,0,Units,2020,,2,Two
DATAFLOW,OECD.SDD.TPS:DSD_PDB@DF_PDB_GR(1.0),Productivity growth rates,I,EU27_2020,European Union (27 countries from 01/02/2020),A,Annual,GDPHRS,GDP per hour worked,_T,Total - all activities,IX,Index,Q,Constant prices,_Z,Not applicable,_Z,Not applicable,_Z,Not applicable,2003,,84.2402345180751,,A,Normal value,0,Units,2020,,2,Two
DATAFLOW,OECD.SDD.TPS:DSD_PDB@DF_PDB_GR(1.0),Productivity growth rates,I,EA20,Euro area (20 countries),A,Annual,GDPHRS,GDP per hour worked,_T,Total - all activities,IX,Index,Q,Constant prices,_Z,Not applicable,_Z,Not applicable,_Z,Not applicable,2005,,87.8401514706804,,A,Normal value,0,Units,2020,,2,Two
DATAFLOW,OECD.SDD.TPS:DSD_PDB@DF_PDB_GR(1.0),Productivity growth rates,I,EA20,Euro area (20 countries),A,Annual,GDPHRS,GDP per hour worked,_T,Total - all activities,IX,Index,Q,Constant prices,_Z,Not applicable,_Z,Not applicable,_Z,Not applicable,2006,,89.138791987483,,A,Normal value,0,Units,2020,,2,Two
DATAFLOW,OECD.SDD.TPS:DSD_PDB@DF_PDB_GR(1.0),Productivity growth rates,I,EA20,Euro area (20 countries),A,Annual,GDPHRS,GDP per hour worked,_T,Total - all activities,IX,Index,Q,Constant prices,_Z,Not applicable,_Z,Not applicable,_Z,Not applicable,2007,,89.9262986487079,,A,Normal value,0,Units,2020,,2,Two
DATAFLOW,OECD.SDD.TPS:DSD_PDB@DF_PDB_GR(1.0),Productivity growth rates,I,EA20,Euro area (20 countries),A,Annual,GDPHRS,GDP per hour worked,_T,Total - all activities,IX,Index,Q,Constant prices,_Z,Not applicable,_Z,Not applicable,_Z,Not applicable,2008,,89.720322154556,,A,Normal value,0,Units,2020,,2,Two
DATAFLOW,OECD.SDD.TPS:DSD_PDB@DF_PDB_GR(1.0),Productivity growth rates,I,EA20,Euro area (20 countries),A,Annual,GDPHRS,GDP per hour worked,_T,Total - all activities,IX,Index,Q,Constant prices,_Z,Not applicable,_Z,Not applicable,_Z,Not applicable,2009,,88.7545164551055,,A,Normal value,0,Units,2020,,2,Two
DATAFLOW,OECD.SDD.TPS:DSD_PDB@DF_PDB_GR(1.0),Productivity growth rates,I,EA20,Euro area (20 countries),A,Annual,GDPHRS,GDP per hour worked,_T,Total - all activities,IX,Index,Q,Constant prices,_Z,Not applicable,_Z,Not applicable,_Z,Not applicable,2010,,90.9307707366917,,A,Normal value,0,Units,2020,,2,Two
DATAFLOW,OECD.SDD.TPS:DSD_PDB@DF_PDB_GR(1.0),Productivity growth rates,I,EA20,Euro area (20 countries),A,Annual,GDPHRS,GDP per hour worked,_T,Total - all activities,IX,Index,Q,Constant prices,_Z,Not applicable,_Z,Not applicable,_Z,Not applicable,2011,,92.3967236248713,,A,Normal value,0,Units,2020,,2,Two
DATAFLOW,OECD.SDD.TPS:DSD_PDB@DF_PDB_GR(1.0),Productivity growth rates,I,EA20,Euro area (20 countries),A,Annual,GDPHRS,GDP per hour worked,_T,Total - all activities,IX,Index,Q,Constant prices,_Z,Not applicable,_Z,Not applicable,_Z,Not applicable,2012,,92.9544918360374,,A,Normal value,0,Units,2020,,2,Two
DATAFLOW,OECD.SDD.TPS:DSD_PDB@DF_PDB_GR(1.0),Productivity growth rates,I,EA20,Euro area (20 countries),A,Annual,GDPHRS,GDP per hour worked,_T,Total - all activities,IX,Index,Q,Constant prices,_Z,Not applicable,_Z,Not applicable,_Z,Not applicable,2013,,93.8619143388438,,A,Normal value,0,Units,2020,,2,Two
DATAFLOW,OECD.SDD.TPS:DSD_PDB@DF_PDB_GR(1.0),Productivity growth rates,I,EA20,Euro area (20 countries),A,Annual,GDPHRS,GDP per hour worked,_T,Total - all activities,IX,Index,Q,Constant prices,_Z,Not applicable,_Z,Not applicable,_Z,Not applicable,2014,,94.5839194300163,,A,Normal value,0,Units,2020,,2,Two
DATAFLOW,OECD.SDD.TPS:DSD_PDB@DF_PDB_GR(1.0),Productivity growth rates,I,EA20,Euro area (20 countries),A,Annual,GDPHRS,GDP per hour worked,_T,Total - all activities,IX,Index,Q,Constant prices,_Z,Not applicable,_Z,Not applicable,_Z,Not applicable,2015,,95.7275940634934,,A,Normal value,0,Units,2020,,2,Two
DATAFLOW,OECD.SDD.TPS:DSD_PDB@DF_PDB_GR(1.0),Productivity growth rates,I,EA20,Euro area (20 countries),A,Annual,GDPHRS,GDP per hour worked,_T,Total - all activities,IX,Index,Q,Constant prices,_Z,Not applicable,_Z,Not applicable,_Z,Not applicable,2016,,95.9183277157434,,A,Normal value,0,Units,2020,,2,Two
DATAFLOW,OECD.SDD.TPS:DSD_PDB@DF_PDB_GR(1.0),Productivity growth rates,I,EA20,Euro area (20 countries),A,Annual,GDPHRS,GDP per hour worked,_T,Total - all activities,IX,Index,Q,Constant prices,_Z,Not applicable,_Z,Not applicable,_Z,Not applicable,2017,,97.343559582018,,A,Normal value,0,Units,2020,,2,Two
DATAFLOW,OECD.SDD.TPS:DSD_PDB@DF_PDB_GR(1.0),Productivity growth rates,I,EA20,Euro area (20 countries),A,Annual,GDPHRS,GDP per hour worked,_T,Total - all activities,IX,Index,Q,Constant prices,_Z,Not applicable,_Z,Not applicable,_Z,Not applicable,2018,,97.3931352436609,,A,Normal value,0,Units,2020,,2,Two
DATAFLOW,OECD.SDD.TPS:DSD_PDB@DF_PDB_GR(1.0),Productivity growth rates,I,EA20,Euro area (20 countries),A,Annual,GDPHRS,GDP per hour worked,_T,Total - all activities,IX,Index,Q,Constant prices,_Z,Not applicable,_Z,Not applicable,_Z,Not applicable,2019,,97.9093472868883,,A,Normal value,0,Units,2020,,2,Two
DATAFLOW,OECD.SDD.TPS:DSD_PDB@DF_PDB_GR(1.0),Productivity growth rates,I,EA20,Euro area (20 countries),A,Annual,GDPHRS,GDP per hour worked,_T,Total - all activities,IX,Index,Q,Constant prices,_Z,Not applicable,_Z,Not applicable,_Z,Not applicable,2021,,100.171972163039,,A,Normal value,0,Units,2020,,2,Two
DATAFLOW,OECD.SDD.TPS:DSD_PDB@DF_PDB_GR(1.0),Productivity growth rates,I,EA20,Euro area (20 countries),A,Annual,GDPHRS,GDP per hour worked,_T,Total - all activities,IX,Index,Q,Constant prices,_Z,Not applicable,_Z,Not applicable,_Z,Not applicable,2022,,100.08663101751,,A,Normal value,0,Units,2020,,2,Two
DATAFLOW,OECD.SDD.TPS:DSD_PDB@DF_PDB_GR(1.0),Productivity growth rates,I,EA20,Euro area (20 countries),A,Annual,GDPHRS,GDP per hour worked,_T,Total - all activities,IX,Index,Q,Constant prices,_Z,Not applicable,_Z,Not applicable,_Z,Not applicable,1995,,77.0770249981921,,A,Normal value,0,Units,2020,,2,Two
DATAFLOW,OECD.SDD.TPS:DSD_PDB@DF_PDB_GR(1.0),Productivity growth rates,I,EA20,Euro area (20 countries),A,Annual,GDPHRS,GDP per hour worked,_T,Total - all activities,IX,Index,Q,Constant prices,_Z,Not applicable,_Z,Not applicable,_Z,Not applicable,1996,,77.9775520696581,,A,Normal value,0,Units,2020,,2,Two
DATAFLOW,OECD.SDD.TPS:DSD_PDB@DF_PDB_GR(1.0),Productivity growth rates,I,EA20,Euro area (20 countries),A,Annual,GDPHRS,GDP per hour worked,_T,Total - all activities,IX,Index,Q,Constant prices,_Z,Not applicable,_Z,Not applicable,_Z,Not applicable,1997,,79.5031810178662,,A,Normal value,0,Units,2020,,2,Two
DATAFLOW,OECD.SDD.TPS:DSD_PDB@DF_PDB_GR(1.0),Productivity growth rates,I,EA20,Euro area (20 countries),A,Annual,GDPHRS,GDP per hour worked,_T,Total - all activities,IX,Index,Q,Constant prices,_Z,Not applicable,_Z,Not applicable,_Z,Not applicable,1998,,80.3636937645284,,A,Normal value,0,Units,2020,,2,Two
DATAFLOW,OECD.SDD.TPS:DSD_PDB@DF_PDB_GR(1.0),Productivity growth rates,I,EA20,Euro area (20 countries),A,Annual,GDPHRS,GDP per hour worked,_T,Total - all activities,IX,Index,Q,Constant prices,_Z,Not applicable,_Z,Not applicable,_Z,Not applicable,1999,,81.4742306758034,,A,Normal value,0,Units,2020,,2,Two
DATAFLOW,OECD.SDD.TPS:DSD_PDB@DF_PDB_GR(1.0),Productivity growth rates,I,EA20,Euro area (20 countries),A,Annual,GDPHRS,GDP per hour worked,_T,Total - all activities,IX,Index,Q,Constant prices,_Z,Not applicable,_Z,Not applicable,_Z,Not applicable,2000,,83.4552690503396,,A,Normal value,0,Units,2020,,2,Two
DATAFLOW,OECD.SDD.TPS:DSD_PDB@DF_PDB_GR(1.0),Productivity growth rates,I,EA20,Euro area (20 countries),A,Annual,GDPHRS,GDP per hour worked,_T,Total - all activities,IX,Index,Q,Constant prices,_Z,Not applicable,_Z,Not applicable,_Z,Not applicable,2001,,84.6706074182318,,A,Normal value,0,Units,2020,,2,Two
DATAFLOW,OECD.SDD.TPS:DSD_PDB@DF_PDB_GR(1.0),Productivity growth rates,I,EA20,Euro area (20 countries),A,Annual,GDPHRS,GDP per hour worked,_T,Total - all activities,IX,Index,Q,Constant prices,_Z,Not applicable,_Z,Not applicable,_Z,Not applicable,2002,,85.4129191665008,,A,Normal value,0,Units,2020,,2,Two
DATAFLOW,OECD.SDD.TPS:DSD_PDB@DF_PDB_GR(1.0),Productivity growth rates,I,EA20,Euro area (20 countries),A,Annual,GDPHRS,GDP per hour worked,_T,Total - all activities,IX,Index,Q,Constant prices,_Z,Not applicable,_Z,Not applicable,_Z,Not applicable,2023,,99.2109679012773,,A,Normal value,0,Units,2020,,2,Two
DATAFLOW,OECD.SDD.TPS:DSD_PDB@DF_PDB_GR(1.0),Productivity growth rates,I,EA20,Euro area (20 countries),A,Annual,GDPHRS,GDP per hour worked,_T,Total - all activities,IX,Index,Q,Constant prices,_Z,Not applicable,_Z,Not applicable,_Z,Not applicable,2024,,99.0794403155597,,A,Normal value,0,Units,2020,,2,Two
DATAFLOW,OECD.SDD.TPS:DSD_PDB@DF_PDB_GR(1.0),Productivity growth rates,I,EA20,Euro area (20 countries),A,Annual,GDPHRS,GDP per hour worked,_T,Total - all activities,IX,Index,Q,Constant prices,_Z,Not applicable,_Z,Not applicable,_Z,Not applicable,2020,,100,,A,Normal value,0,Units,2020,,2,Two
DATAFLOW,OECD.SDD.TPS:DSD_PDB@DF_PDB_GR(1.0),Productivity growth rates,I,IRL,Ireland,A,Annual,GDPHRS,GDP per hour worked,_T,Total - all activities,IX,Index,Q,Constant prices,_Z,Not applicable,_Z,Not applicable,_Z,Not applicable,1999,,41.8209339418373,,A,Normal value,0,Units,2020,,2,Two
DATAFLOW,OECD.SDD.TPS:DSD_PDB@DF_PDB_GR(1.0),Productivity growth rates,I,IRL,Ireland,A,Annual,GDPHRS,GDP per hour worked,_T,Total - all activities,IX,Index,Q,Constant prices,_Z,Not applicable,_Z,Not applicable,_Z,Not applicable,2000,,44.1224906657582,,A,Normal value,0,Units,2020,,2,Two
DATAFLOW,OECD.SDD.TPS:DSD_PDB@DF_PDB_GR(1.0),Productivity growth rates,I,IRL,Ireland,A,Annual,GDPHRS,GDP per hour worked,_T,Total - all activities,IX,Index,Q,Constant prices,_Z,Not applicable,_Z,Not applicable,_Z,Not applicable,2001,,45.7261857549468,,A,Normal value,0,Units,2020,,2,Two
DATAFLOW,OECD.SDD.TPS:DSD_PDB@DF_PDB_GR(1.0),Productivity growth rates,I,IRL,Ireland,A,Annual,GDPHRS,GDP per hour worked,_T,Total - all activities,IX,Index,Q,Constant prices,_Z,Not applicable,_Z,Not applicable,_Z,Not applicable,2002,,48.1146438308611,,A,Normal value,0,Units,2020,,2,Two
DATAFLOW,OECD.SDD.TPS:DSD_PDB@DF_PDB_GR(1.0),Productivity growth rates,I,IRL,Ireland,A,Annual,GDPHRS,GDP per hour worked,_T,Total - all activities,IX,Index,Q,Constant prices,_Z,Not applicable,_Z,Not applicable,_Z,Not applicable,2023,,102.19370585719,,A,Normal value,0,Units,2020,,2,Two
DATAFLOW,OECD.SDD.TPS:DSD_PDB@DF_PDB_GR(1.0),Productivity growth rates,I,IRL,Ireland,A,Annual,GDPHRS,GDP per hour worked,_T,Total - all activities,IX,Index,Q,Constant prices,_Z,Not applicable,_Z,Not applicable,_Z,Not applicable,2024,,102.696708169201,,A,Normal value,0,Units,2020,,2,Two
DATAFLOW,OECD.SDD.TPS:DSD_PDB@DF_PDB_GR(1.0),Productivity growth rates,I,IRL,Ireland,A,Annual,GDPHRS,GDP per hour worked,_T,Total - all activities,IX,Index,Q,Constant prices,_Z,Not applicable,_Z,Not applicable,_Z,Not applicable,2020,,100,,A,Normal value,0,Units,2020,,2,Two
DATAFLOW,OECD.SDD.TPS:DSD_PDB@DF_PDB_GR(1.0),Productivity growth rates,I,IRL,Ireland,A,Annual,GDPHRS,GDP per hour worked,_T,Total - all activities,IX,Index,Q,Constant prices,_Z,Not applicable,_Z,Not applicable,_Z,Not applicable,2003,,49.4854126194139,,A,Normal value,0,Units,2020,,2,Two
DATAFLOW,OECD.SDD.TPS:DSD_PDB@DF_PDB_GR(1.0),Productivity growth rates,I,DEU,Germany,A,Annual,GDPHRS,GDP per hour worked,_T,Total - all activities,IX,Index,Q,Constant prices,_Z,Not applicable,_Z,Not applicable,_Z,Not applicable,2001,,84.6071574484027,,A,Normal value,0,Units,2020,,2,Two
DATAFLOW,OECD.SDD.TPS:DSD_PDB@DF_PDB_GR(1.0),Productivity growth rates,I,DEU,Germany,A,Annual,GDPHRS,GDP per hour worked,_T,Total - all activities,IX,Index,Q,Constant prices,_Z,Not applicable,_Z,Not applicable,_Z,Not applicable,2002,,85.3484585434467,,A,Normal value,0,Units,2020,,2,Two
DATAFLOW,OECD.SDD.TPS:DSD_PDB@DF_PDB_GR(1.0),Productivity growth rates,I,DEU,Germany,A,Annual,GDPHRS,GDP per hour worked,_T,Total - all activities,IX,Index,Q,Constant prices,_Z,Not applicable,_Z,Not applicable,_Z,Not applicable,2003,,86.135408827421,,A,Normal value,0,Units,2020,,2,Two
DATAFLOW,OECD.SDD.TPS:DSD_PDB@DF_PDB_GR(1.0),Productivity growth rates,I,DEU,Germany,A,Annual,GDPHRS,GDP per hour worked,_T,Total - all activities,IX,Index,Q,Constant prices,_Z,Not applicable,_Z,Not applicable,_Z,Not applicable,2004,,86.887163267994,,A,Normal value,0,Units,2020,,2,Two
DATAFLOW,OECD.SDD.TPS:DSD_PDB@DF_PDB_GR(1.0),Productivity growth rates,I,DEU,Germany,A,Annual,GDPHRS,GDP per hour worked,_T,Total - all activities,IX,Index,Q,Constant prices,_Z,Not applicable,_Z,Not applicable,_Z,Not applicable,2005,,88.4231440845621,,A,Normal value,0,Units,2020,,2,Two
DATAFLOW,OECD.SDD.TPS:DSD_PDB@DF_PDB_GR(1.0),Productivity growth rates,I,DEU,Germany,A,Annual,GDPHRS,GDP per hour worked,_T,Total - all activities,IX,Index,Q,Constant prices,_Z,Not applicable,_Z,Not applicable,_Z,Not applicable,2006,,89.8808419537954,,A,Normal value,0,Units,2020,,2,Two
DATAFLOW,OECD.SDD.TPS:DSD_PDB@DF_PDB_GR(1.0),Productivity growth rates,I,DEU,Germany,A,Annual,GDPHRS,GDP per hour worked,_T,Total - all activities,IX,Index,Q,Constant prices,_Z,Not applicable,_Z,Not applicable,_Z,Not applicable,2007,,90.8436174333543,,A,Normal value,0,Units,2020,,2,Two
DATAFLOW,OECD.SDD.TPS:DSD_PDB@DF_PDB_GR(1.0),Productivity growth rates,I,DEU,Germany,A,Annual,GDPHRS,GDP per hour worked,_T,Total - all activities,IX,Index,Q,Constant prices,_Z,Not applicable,_Z,Not applicable,_Z,Not applicable,2008,,90.8266460067227,,A,Normal value,0,Units,2020,,2,Two
DATAFLOW,OECD.SDD.TPS:DSD_PDB@DF_PDB_GR(1.0),Productivity growth rates,I,DEU,Germany,A,Annual,GDPHRS,GDP per hour worked,_T,Total - all activities,IX,Index,Q,Constant prices,_Z,Not applicable,_Z,Not applicable,_Z,Not applicable,2009,,88.124817382845,,A,Normal value,0,Units,2020,,2,Two
DATAFLOW,OECD.SDD.TPS:DSD_PDB@DF_PDB_GR(1.0),Productivity growth rates,I,DEU,Germany,A,Annual,GDPHRS,GDP per hour worked,_T,Total - all activities,IX,Index,Q,Constant prices,_Z,Not applicable,_Z,Not applicable,_Z,Not applicable,2010,,90.1496243490309,,A,Normal value,0,Units,2020,,2,Two
DATAFLOW,OECD.SDD.TPS:DSD_PDB@DF_PDB_GR(1.0),Productivity growth rates,I,USA,United States,A,Annual,GDPHRS,GDP per hour worked,_T,Total - all activities,IX,Index,Q,Constant prices,_Z,Not applicable,_Z,Not applicable,_Z,Not applicable,2009,,87.1023737716139,,A,Normal value,0,Units,2020,,2,Two
DATAFLOW,OECD.SDD.TPS:DSD_PDB@DF_PDB_GR(1.0),Productivity growth rates,I,USA,United States,A,Annual,GDPHRS,GDP per hour worked,_T,Total - all activities,IX,Index,Q,Constant prices,_Z,Not applicable,_Z,Not applicable,_Z,Not applicable,2010,,89.3572873468462,,A,Normal value,0,Units,2020,,2,Two
DATAFLOW,OECD.SDD.TPS:DSD_PDB@DF_PDB_GR(1.0),Productivity growth rates,I,USA,United States,A,Annual,GDPHRS,GDP per hour worked,_T,Total - all activities,IX,Index,Q,Constant prices,_Z,Not applicable,_Z,Not applicable,_Z,Not applicable,2011,,89.450493975527,,A,Normal value,0,Units,2020,,2,Two
DATAFLOW,OECD.SDD.TPS:DSD_PDB@DF_PDB_GR(1.0),Productivity growth rates,I,ESP,Spain,A,Annual,GDPHRS,GDP per hour worked,_T,Total - all activities,IX,Index,Q,Constant prices,_Z,Not applicable,_Z,Not applicable,_Z,Not applicable,2008,,88.2741710563749,,A,Normal value,0,Units,2020,,2,Two
DATAFLOW,OECD.SDD.TPS:DSD_PDB@DF_PDB_GR(1.0),Productivity growth rates,I,ESP,Spain,A,Annual,GDPHRS,GDP per hour worked,_T,Total - all activities,IX,Index,Q,Constant prices,_Z,Not applicable,_Z,Not applicable,_Z,Not applicable,2009,,90.3448719233626,,A,Normal value,0,Units,2020,,2,Two
DATAFLOW,OECD.SDD.TPS:DSD_PDB@DF_PDB_GR(1.0),Productivity growth rates,I,ESP,Spain,A,Annual,GDPHRS,GDP per hour worked,_T,Total - all activities,IX,Index,Q,Constant prices,_Z,Not applicable,_Z,Not applicable,_Z,Not applicable,2010,,92.5291930957054,,A,Normal value,0,Units,2020,,2,Two
DATAFLOW,OECD.SDD.TPS:DSD_PDB@DF_PDB_GR(1.0),Productivity growth rates,I,ESP,Spain,A,Annual,GDPHRS,GDP per hour worked,_T,Total - all activities,IX,Index,Q,Constant prices,_Z,Not applicable,_Z,Not applicable,_Z,Not applicable,2011,,93.9262646374473,,A,Normal value,0,Units,2020,,2,Two
DATAFLOW,OECD.SDD.TPS:DSD_PDB@DF_PDB_GR(1.0),Productivity growth rates,I,ESP,Spain,A,Annual,GDPHRS,GDP per hour worked,_T,Total - all activities,IX,Index,Q,Constant prices,_Z,Not applicable,_Z,Not applicable,_Z,Not applicable,2012,,95.8503147874971,,A,Normal value,0,Units,2020,,2,Two
DATAFLOW,OECD.SDD.TPS:DSD_PDB@DF_PDB_GR(1.0),Productivity growth rates,I,ESP,Spain,A,Annual,GDPHRS,GDP per hour worked,_T,Total - all activities,IX,Index,Q,Constant prices,_Z,Not applicable,_Z,Not applicable,_Z,Not applicable,2013,,97.2424125289293,,A,Normal value,0,Units,2020,,2,Two
DATAFLOW,OECD.SDD.TPS:DSD_PDB@DF_PDB_GR(1.0),Productivity growth rates,I,ESP,Spain,A,Annual,GDPHRS,GDP per hour worked,_T,Total - all activities,IX,Index,Q,Constant prices,_Z,Not applicable,_Z,Not applicable,_Z,Not applicable,2014,,97.7054137154312,,A,Normal value,0,Units,2020,,2,Two
DATAFLOW,OECD.SDD.TPS:DSD_PDB@DF_PDB_GR(1.0),Productivity growth rates,I,ESP,Spain,A,Annual,GDPHRS,GDP per hour worked,_T,Total - all activities,IX,Index,Q,Constant prices,_Z,Not applicable,_Z,Not applicable,_Z,Not applicable,2015,,98.7151681643421,,A,Normal value,0,Units,2020,,2,Two
DATAFLOW,OECD.SDD.TPS:DSD_PDB@DF_PDB_GR(1.0),Productivity growth rates,I,ESP,Spain,A,Annual,GDPHRS,GDP per hour worked,_T,Total - all activities,IX,Index,Q,Constant prices,_Z,Not applicable,_Z,Not applicable,_Z,Not applicable,2016,,99.0632425998669,,A,Normal value,0,Units,2020,,2,Two
DATAFLOW,OECD.SDD.TPS:DSD_PDB@DF_PDB_GR(1.0),Productivity growth rates,I,ESP,Spain,A,Annual,GDPHRS,GDP per hour worked,_T,Total - all activities,IX,Index,Q,Constant prices,_Z,Not applicable,_Z,Not applicable,_Z,Not applicable,2017,,99.7955901221233,,A,Normal value,0,Units,2020,,2,Two
DATAFLOW,OECD.SDD.TPS:DSD_PDB@DF_PDB_GR(1.0),Productivity growth rates,I,ESP,Spain,A,Annual,GDPHRS,GDP per hour worked,_T,Total - all activities,IX,Index,Q,Constant prices,_Z,Not applicable,_Z,Not applicable,_Z,Not applicable,2018,,99.724481902297,,A,Normal value,0,Units,2020,,2,Two
DATAFLOW,OECD.SDD.TPS:DSD_PDB@DF_PDB_GR(1.0),Productivity growth rates,I,ESP,Spain,A,Annual,GDPHRS,GDP per hour worked,_T,Total - all activities,IX,Index,Q,Constant prices,_Z,Not applicable,_Z,Not applicable,_Z,Not applicable,2022,,100.839103922665,,P,Provisional value,0,Units,2020,,2,Two
DATAFLOW,OECD.SDD.TPS:DSD_PDB@DF_PDB_GR(1.0),Productivity growth rates,I,ESP,Spain,A,Annual,GDPHRS,GDP per hour worked,_T,Total - all activities,IX,Index,Q,Constant prices,_Z,Not applicable,_Z,Not applicable,_Z,Not applicable,2023,,101.45859373272,,P,Provisional value,0,Units,2020,,2,Two
DATAFLOW,OECD.SDD.TPS:DSD_PDB@DF_PDB_GR(1.0),Productivity growth rates,I,ESP,Spain,A,Annual,GDPHRS,GDP per hour worked,_T,Total - all activities,IX,Index,Q,Constant prices,_Z,Not applicable,_Z,Not applicable,_Z,Not applicable,2024,,102.664226547828,,P,Provisional value,0,Units,2020,,2,Two
DATAFLOW,OECD.SDD.TPS:DSD_PDB@DF_PDB_GR(1.0),Productivity growth rates,I,ESP,Spain,A,Annual,GDPHRS,GDP per hour worked,_T,Total - all activities,IX,Index,Q,Constant prices,_Z,Not applicable,_Z,Not applicable,_Z,Not applicable,1995,,85.9544385009461,,A,Normal value,0,Units,2020,,2,Two
DATAFLOW,OECD.SDD.TPS:DSD_PDB@DF_PDB_GR(1.0),Productivity growth rates,I,ESP,Spain,A,Annual,GDPHRS,GDP per hour worked,_T,Total - all activities,IX,Index,Q,Constant prices,_Z,Not applicable,_Z,Not applicable,_Z,Not applicable,1996,,86.7137779271765,,A,Normal value,0,Units,2020,,2,Two
DATAFLOW,OECD.SDD.TPS:DSD_PDB@DF_PDB_GR(1.0),Productivity growth rates,I,ESP,Spain,A,Annual,GDPHRS,GDP per hour worked,_T,Total - all activities,IX,Index,Q,Constant prices,_Z,Not applicable,_Z,Not applicable,_Z,Not applicable,1997,,86.4488448809506,,A,Normal value,0,Units,2020,,2,Two
DATAFLOW,OECD.SDD.TPS:DSD_PDB@DF_PDB_GR(1.0),Productivity growth rates,I,ESP,Spain,A,Annual,GDPHRS,GDP per hour worked,_T,Total - all activities,IX,Index,Q,Constant prices,_Z,Not applicable,_Z,Not applicable,_Z,Not applicable,1998,,85.9296758153923,,A,Normal value,0,Units,2020,,2,Two
DATAFLOW,OECD.SDD.TPS:DSD_PDB@DF_PDB_GR(1.0),Productivity growth rates,I,ESP,Spain,A,Annual,GDPHRS,GDP per hour worked,_T,Total - all activities,IX,Index,Q,Constant prices,_Z,Not applicable,_Z,Not applicable,_Z,Not applicable,1999,,85.5214550196367,,A,Normal value,0,Units,2020,,2,Two
